# SIMULARE — semnal generat de genereaza_simulare.py, nu inregistrat. Rol: control pozitiv pentru validarea lantului de analiza.
t_s,bpm
0.00,77.66
0.04,77.87
0.08,78.98
0.12,78.62
0.16,79.46
0.20,79.74
0.24,80.35
0.28,79.30
0.32,80.26
0.36,81.74
0.40,80.44
0.44,80.65
0.48,79.06
0.52,80.38
0.56,82.09
0.60,80.28
0.64,80.19
0.68,81.50
0.72,82.26
0.76,80.64
0.80,82.79
0.84,82.06
0.88,84.10
0.92,80.88
0.96,82.28
1.00,80.63
1.04,83.49
1.08,81.31
1.12,81.00
1.16,82.42
1.20,82.26
1.24,82.96
1.28,82.64
1.32,81.85
1.36,80.65
1.40,80.53
1.44,80.28
1.48,81.88
1.52,80.41
1.56,81.05
1.60,81.58
1.64,79.78
1.68,80.64
1.72,79.05
1.76,80.84
1.80,81.28
1.84,80.66
1.88,78.86
1.92,79.27
1.96,79.81
2.00,79.04
2.04,79.99
2.08,79.16
2.12,77.99
2.16,78.22
2.20,78.24
2.24,78.28
2.28,77.64
2.32,78.31
2.36,77.77
2.40,76.23
2.44,77.81
2.48,77.82
2.52,76.87
2.56,78.39
2.60,75.78
2.64,78.07
2.68,77.23
2.72,77.03
2.76,77.23
2.80,77.37
2.84,76.43
2.88,76.44
2.92,76.86
2.96,76.01
3.00,74.71
3.04,77.53
3.08,76.87
3.12,76.37
3.16,76.43
3.20,78.57
3.24,77.66
3.28,77.45
3.32,79.17
3.36,78.02
3.40,76.93
3.44,77.59
3.48,76.72
3.52,77.96
3.56,77.91
3.60,76.88
3.64,77.59
3.68,78.38
3.72,78.38
3.76,77.35
3.80,78.37
3.84,79.33
3.88,79.54
3.92,79.10
3.96,80.37
4.00,80.00
4.04,79.72
4.08,81.22
4.12,79.63
4.16,79.82
4.20,80.32
4.24,81.52
4.28,80.71
4.32,81.21
4.36,81.37
4.40,82.06
4.44,81.99
4.48,81.50
4.52,80.90
4.56,81.84
4.60,83.77
4.64,82.35
4.68,82.86
4.72,82.16
4.76,84.54
4.80,81.93
4.84,83.59
4.88,82.41
4.92,81.28
4.96,81.16
5.00,82.86
5.04,82.48
5.08,82.13
5.12,82.48
5.16,82.26
5.20,83.58
5.24,85.05
5.28,82.26
5.32,83.35
5.36,82.87
5.40,81.35
5.44,81.44
5.48,82.75
5.52,82.24
5.56,82.20
5.60,82.14
5.64,83.27
5.68,82.54
5.72,82.78
5.76,80.67
5.80,80.91
5.84,81.71
5.88,81.71
5.92,80.36
5.96,79.80
6.00,79.36
6.04,80.25
6.08,78.22
6.12,80.24
6.16,77.50
6.20,78.26
6.24,79.66
6.28,79.26
6.32,80.27
6.36,78.89
6.40,78.93
6.44,77.99
6.48,78.86
6.52,78.67
6.56,79.49
6.60,76.96
6.64,77.09
6.68,77.22
6.72,78.32
6.76,78.05
6.80,77.89
6.84,78.37
6.88,78.87
6.92,77.15
6.96,77.27
7.00,77.90
7.04,79.54
7.08,78.18
7.12,77.28
7.16,79.04
7.20,78.36
7.24,79.11
7.28,78.44
7.32,78.27
7.36,77.88
7.40,77.23
7.44,79.47
7.48,78.92
7.52,77.41
7.56,78.59
7.60,76.52
7.64,79.13
7.68,79.22
7.72,79.43
7.76,79.45
7.80,81.98
7.84,80.26
7.88,80.02
7.92,80.06
7.96,79.91
8.00,82.58
8.04,81.16
8.08,80.93
8.12,81.36
8.16,82.96
8.20,82.70
8.24,81.31
8.28,82.35
8.32,80.68
8.36,81.77
8.40,83.12
8.44,82.77
8.48,84.37
8.52,81.91
8.56,82.52
8.60,82.60
8.64,83.80
8.68,83.35
8.72,81.95
8.76,85.03
8.80,83.52
8.84,85.19
8.88,83.50
8.92,84.95
8.96,85.03
9.00,84.64
9.04,85.63
9.08,83.90
9.12,84.53
9.16,86.56
9.20,84.03
9.24,84.17
9.28,83.23
9.32,84.19
9.36,83.82
9.40,82.80
9.44,83.30
9.48,83.75
9.52,84.17
9.56,83.65
9.60,83.06
9.64,82.07
9.68,82.29
9.72,83.16
9.76,82.13
9.80,82.14
9.84,80.60
9.88,81.05
9.92,82.07
9.96,82.16
10.00,80.27
10.04,80.14
10.08,80.01
10.12,79.53
10.16,79.11
10.20,79.81
10.24,79.89
10.28,79.85
10.32,78.76
10.36,78.92
10.40,79.33
10.44,79.42
10.48,79.43
10.52,78.79
10.56,78.50
10.60,78.10
10.64,78.68
10.68,77.84
10.72,79.01
10.76,78.09
10.80,77.50
10.84,78.86
10.88,76.94
10.92,78.90
10.96,76.55
11.00,78.09
11.04,76.98
11.08,77.17
11.12,76.28
11.16,78.66
11.20,77.88
11.24,77.04
11.28,78.03
11.32,78.41
11.36,78.04
11.40,77.94
11.44,79.79
11.48,80.24
11.52,78.67
11.56,79.72
11.60,79.50
11.64,79.45
11.68,80.33
11.72,77.65
11.76,79.77
11.80,81.59
11.84,80.34
11.88,80.44
11.92,79.47
11.96,79.32
12.00,80.65
12.04,80.62
12.08,81.50
12.12,80.53
12.16,81.83
12.20,81.20
12.24,81.59
12.28,84.10
12.32,81.50
12.36,82.39
12.40,82.43
12.44,80.08
12.48,83.05
12.52,82.32
12.56,82.33
12.60,83.80
12.64,85.07
12.68,85.07
12.72,83.42
12.76,84.76
12.80,83.73
12.84,84.39
12.88,83.45
12.92,85.00
12.96,83.77
13.00,82.87
13.04,83.91
13.08,83.22
13.12,83.52
13.16,84.51
13.20,83.29
13.24,82.43
13.28,83.29
13.32,84.37
13.36,83.39
13.40,83.10
13.44,83.92
13.48,83.42
13.52,81.95
13.56,83.39
13.60,83.23
13.64,82.53
13.68,82.37
13.72,80.47
13.76,81.61
13.80,80.48
13.84,79.83
13.88,80.69
13.92,81.16
13.96,80.35
14.00,82.06
14.04,82.82
14.08,79.91
14.12,80.43
14.16,78.92
14.20,79.36
14.24,80.91
14.28,80.43
14.32,77.74
14.36,78.67
14.40,78.62
14.44,77.38
14.48,79.47
14.52,78.18
14.56,78.31
14.60,79.73
14.64,77.02
14.68,78.09
14.72,77.61
14.76,77.33
14.80,77.21
14.84,77.41
14.88,76.19
14.92,79.70
14.96,78.07
15.00,77.12
15.04,76.68
15.08,77.49
15.12,76.41
15.16,77.32
15.20,76.74
15.24,78.20
15.28,76.93
15.32,78.06
15.36,78.86
15.40,76.13
15.44,77.42
15.48,76.93
15.52,76.43
15.56,78.58
15.60,78.34
15.64,79.30
15.68,79.42
15.72,79.18
15.76,78.96
15.80,79.35
15.84,80.55
15.88,79.67
15.92,78.77
15.96,79.76
16.00,78.68
16.04,81.08
16.08,78.79
16.12,79.15
16.16,78.69
16.20,81.00
16.24,81.93
16.28,82.35
16.32,82.00
16.36,80.22
16.40,81.90
16.44,82.26
16.48,82.46
16.52,82.33
16.56,80.42
16.60,82.55
16.64,83.40
16.68,81.18
16.72,80.88
16.76,83.57
16.80,84.10
16.84,82.80
16.88,82.28
16.92,81.38
16.96,81.90
17.00,81.69
17.04,82.79
17.08,81.32
17.12,82.98
17.16,83.50
17.20,82.39
17.24,81.80
17.28,83.99
17.32,83.72
17.36,80.97
17.40,83.68
17.44,82.30
17.48,82.44
17.52,80.79
17.56,82.19
17.60,81.57
17.64,82.28
17.68,80.27
17.72,79.82
17.76,79.77
17.80,80.19
17.84,80.02
17.88,79.12
17.92,78.90
17.96,80.70
18.00,78.70
18.04,78.03
18.08,79.64
18.12,79.32
18.16,78.62
18.20,78.11
18.24,77.34
18.28,77.34
18.32,78.56
18.36,77.24
18.40,77.04
18.44,77.41
18.48,77.21
18.52,76.23
18.56,76.46
18.60,76.04
18.64,77.54
18.68,77.31
18.72,77.39
18.76,75.78
18.80,74.73
18.84,76.41
18.88,76.35
18.92,74.15
18.96,74.90
19.00,76.70
19.04,74.77
19.08,74.70
19.12,76.48
19.16,75.47
19.20,76.31
19.24,75.77
19.28,75.53
19.32,75.80
19.36,76.23
19.40,74.91
19.44,75.91
19.48,77.39
19.52,75.83
19.56,77.13
19.60,75.83
19.64,77.02
19.68,76.50
19.72,75.44
19.76,78.89
19.80,77.44
19.84,76.53
19.88,78.24
19.92,78.91
19.96,77.73
20.00,77.72
20.04,78.43
20.08,79.56
20.12,77.27
20.16,79.95
20.20,79.25
20.24,79.70
20.28,79.53
20.32,79.65
20.36,81.63
20.40,81.20
20.44,80.67
20.48,80.26
20.52,81.51
20.56,79.85
20.60,80.88
20.64,80.66
20.68,79.99
20.72,80.38
20.76,80.84
20.80,80.22
20.84,80.90
20.88,80.67
20.92,80.44
20.96,80.47
21.00,81.76
21.04,80.77
21.08,80.52
21.12,81.22
21.16,80.83
21.20,80.43
21.24,80.91
21.28,80.60
21.32,79.78
21.36,80.59
21.40,79.75
21.44,80.75
21.48,79.37
21.52,77.62
21.56,80.35
21.60,80.60
21.64,81.13
21.68,79.64
21.72,79.38
21.76,79.21
21.80,79.31
21.84,78.71
21.88,77.59
21.92,78.39
21.96,78.10
22.00,77.18
22.04,76.33
22.08,76.38
22.12,76.27
22.16,77.02
22.20,76.33
22.24,76.26
22.28,74.92
22.32,77.56
22.36,73.82
22.40,74.86
22.44,73.62
22.48,75.08
22.52,74.59
22.56,74.28
22.60,75.08
22.64,74.15
22.68,75.11
22.72,75.53
22.76,75.01
22.80,74.65
22.84,74.13
22.88,74.06
22.92,73.49
22.96,74.29
23.00,74.85
23.04,74.42
23.08,74.62
23.12,75.38
23.16,74.12
23.20,74.58
23.24,73.54
23.28,72.60
23.32,74.60
23.36,74.62
23.40,73.11
23.44,76.11
23.48,74.23
23.52,75.34
23.56,75.72
23.60,73.48
23.64,76.09
23.68,75.55
23.72,74.29
23.76,76.10
23.80,75.58
23.84,74.89
23.88,76.77
23.92,76.37
23.96,76.59
24.00,77.34
24.04,77.87
24.08,76.79
24.12,77.20
24.16,78.19
24.20,78.25
24.24,77.08
24.28,77.60
24.32,77.89
24.36,79.95
24.40,77.86
24.44,78.89
24.48,79.55
24.52,77.97
24.56,80.26
24.60,79.51
24.64,79.49
24.68,79.49
24.72,79.72
24.76,78.79
24.80,79.02
24.84,77.20
24.88,79.28
24.92,78.21
24.96,78.75
25.00,80.10
25.04,78.67
25.08,81.95
25.12,78.89
25.16,79.66
25.20,78.53
25.24,79.15
25.28,78.68
25.32,79.96
25.36,79.04
25.40,77.90
25.44,78.31
25.48,77.50
25.52,77.68
25.56,78.67
25.60,77.11
25.64,79.40
25.68,77.07
25.72,77.34
25.76,75.64
25.80,78.18
25.84,76.74
25.88,77.28
25.92,73.80
25.96,75.16
26.00,74.82
26.04,75.55
26.08,75.23
26.12,76.07
26.16,74.84
26.20,74.87
26.24,73.26
26.28,76.29
26.32,74.09
26.36,73.06
26.40,74.18
26.44,73.61
26.48,74.61
26.52,74.32
26.56,74.26
26.60,71.38
26.64,71.88
26.68,72.58
26.72,74.12
26.76,72.46
26.80,72.90
26.84,75.02
26.88,71.34
26.92,73.00
26.96,71.30
27.00,74.07
27.04,72.85
27.08,73.13
27.12,74.47
27.16,72.64
27.20,73.55
27.24,71.89
27.28,72.92
27.32,74.16
27.36,72.41
27.40,72.57
27.44,72.60
27.48,73.15
27.52,73.39
27.56,73.96
27.60,72.10
27.64,73.56
27.68,74.19
27.72,74.13
27.76,76.01
27.80,75.24
27.84,74.05
27.88,75.51
27.92,75.75
27.96,75.49
28.00,76.05
28.04,75.46
28.08,75.13
28.12,77.03
28.16,77.47
28.20,77.61
28.24,76.62
28.28,76.15
28.32,75.20
28.36,77.73
28.40,77.31
28.44,77.89
28.48,75.86
28.52,77.35
28.56,75.97
28.60,78.50
28.64,77.95
28.68,78.14
28.72,79.46
28.76,78.72
28.80,79.09
28.84,77.71
28.88,80.21
28.92,78.70
28.96,77.98
29.00,77.95
29.04,79.48
29.08,78.57
29.12,78.53
29.16,78.26
29.20,78.58
29.24,77.99
29.28,76.74
29.32,79.38
29.36,78.76
29.40,79.63
29.44,79.23
29.48,77.15
29.52,77.63
29.56,75.55
29.60,78.51
29.64,77.90
29.68,75.42
29.72,76.68
29.76,76.48
29.80,74.10
29.84,76.93
29.88,74.81
29.92,75.27
29.96,75.66
30.00,76.42
30.04,75.58
30.08,74.73
30.12,74.58
30.16,74.06
30.20,76.16
30.24,73.86
30.28,75.30
30.32,73.27
30.36,72.95
30.40,73.09
30.44,73.58
30.48,72.21
30.52,72.88
30.56,72.71
30.60,73.46
30.64,72.20
30.68,74.24
30.72,71.95
30.76,71.91
30.80,73.59
30.84,73.25
30.88,70.04
30.92,72.49
30.96,73.11
31.00,71.81
31.04,71.53
31.08,71.72
31.12,71.36
31.16,71.30
31.20,71.65
31.24,72.23
31.28,71.72
31.32,73.03
31.36,72.33
31.40,72.03
31.44,74.25
31.48,70.62
31.52,74.08
31.56,73.75
31.60,73.02
31.64,73.73
31.68,72.76
31.72,73.97
31.76,75.05
31.80,74.93
31.84,73.58
31.88,74.57
31.92,75.43
31.96,74.89
32.00,73.25
32.04,75.17
32.08,77.16
32.12,76.34
32.16,74.42
32.20,76.01
32.24,76.21
32.28,76.64
32.32,75.48
32.36,76.78
32.40,77.66
32.44,77.13
32.48,78.07
32.52,76.75
32.56,78.10
32.60,79.22
32.64,76.90
32.68,77.75
32.72,77.47
32.76,78.59
32.80,77.40
32.84,77.18
32.88,79.80
32.92,77.58
32.96,78.80
33.00,79.06
33.04,77.85
33.08,79.01
33.12,77.65
33.16,77.55
33.20,78.47
33.24,78.47
33.28,77.68
33.32,76.98
33.36,77.95
33.40,76.72
33.44,79.30
33.48,77.87
33.52,76.76
33.56,78.36
33.60,77.30
33.64,76.94
33.68,76.31
33.72,77.43
33.76,78.33
33.80,76.05
33.84,75.47
33.88,75.44
33.92,74.82
33.96,76.25
34.00,76.52
34.04,74.26
34.08,76.57
34.12,75.12
34.16,74.90
34.20,74.19
34.24,74.42
34.28,74.20
34.32,74.65
34.36,72.16
34.40,74.10
34.44,72.94
34.48,73.56
34.52,73.49
34.56,72.05
34.60,72.71
34.64,71.57
34.68,73.54
34.72,72.62
34.76,71.86
34.80,73.01
34.84,72.67
34.88,71.76
34.92,72.28
34.96,73.42
35.00,72.34
35.04,72.92
35.08,73.19
35.12,71.35
35.16,73.04
35.20,72.68
35.24,71.65
35.28,73.03
35.32,72.50
35.36,73.59
35.40,71.92
35.44,72.81
35.48,74.66
35.52,74.73
35.56,73.97
35.60,74.61
35.64,74.57
35.68,74.78
35.72,73.67
35.76,72.97
35.80,74.73
35.84,75.65
35.88,73.99
35.92,74.54
35.96,75.62
36.00,74.93
36.04,76.48
36.08,75.70
36.12,76.41
36.16,76.07
36.20,76.36
36.24,77.11
36.28,76.57
36.32,78.45
36.36,78.05
36.40,77.37
36.44,77.03
36.48,78.95
36.52,79.85
36.56,78.98
36.60,77.12
36.64,78.67
36.68,77.83
36.72,79.31
36.76,79.24
36.80,79.58
36.84,80.48
36.88,79.89
36.92,79.34
36.96,78.78
37.00,79.57
37.04,79.81
37.08,78.10
37.12,77.98
37.16,78.66
37.20,79.62
37.24,78.59
37.28,79.84
37.32,78.85
37.36,77.93
37.40,79.90
37.44,78.59
37.48,79.42
37.52,78.12
37.56,78.59
37.60,78.99
37.64,76.95
37.68,77.98
37.72,76.79
37.76,74.79
37.80,78.82
37.84,76.65
37.88,76.51
37.92,77.88
37.96,76.32
38.00,77.21
38.04,76.19
38.08,75.99
38.12,75.76
38.16,75.39
38.20,74.93
38.24,76.01
38.28,76.43
38.32,74.66
38.36,73.26
38.40,74.43
38.44,74.61
38.48,73.89
38.52,73.26
38.56,73.10
38.60,74.08
38.64,74.91
38.68,74.21
38.72,74.83
38.76,73.77
38.80,74.23
38.84,73.73
38.88,73.13
38.92,75.41
38.96,72.87
39.00,74.62
39.04,73.26
39.08,72.64
39.12,75.20
39.16,74.25
39.20,73.14
39.24,72.96
39.28,74.46
39.32,74.72
39.36,75.19
39.40,74.77
39.44,75.03
39.48,74.89
39.52,73.60
39.56,75.21
39.60,75.74
39.64,74.97
39.68,76.47
39.72,76.11
39.76,75.96
39.80,75.65
39.84,75.89
39.88,76.60
39.92,78.52
39.96,77.49
40.00,76.29
40.04,78.04
40.08,77.79
40.12,77.69
40.16,77.74
40.20,78.54
40.24,76.35
40.28,79.88
40.32,79.00
40.36,76.96
40.40,76.86
40.44,79.05
40.48,80.40
40.52,79.86
40.56,79.69
40.60,78.61
40.64,81.32
40.68,80.07
40.72,79.75
40.76,79.68
40.80,80.89
40.84,80.16
40.88,81.32
40.92,81.09
40.96,80.42
41.00,81.39
41.04,79.94
41.08,82.97
41.12,80.92
41.16,80.74
41.20,79.99
41.24,81.35
41.28,79.84
41.32,80.11
41.36,79.50
41.40,80.51
41.44,78.64
41.48,80.63
41.52,78.48
41.56,79.51
41.60,78.77
41.64,80.00
41.68,78.82
41.72,79.50
41.76,78.12
41.80,77.34
41.84,77.77
41.88,77.78
41.92,78.51
41.96,77.83
42.00,79.07
42.04,78.60
42.08,76.86
42.12,77.68
42.16,77.45
42.20,77.11
42.24,77.96
42.28,77.63
42.32,76.54
42.36,77.14
42.40,74.60
42.44,76.12
42.48,75.31
42.52,75.35
42.56,75.46
42.60,74.17
42.64,75.07
42.68,74.67
42.72,76.74
42.76,75.31
42.80,74.21
42.84,75.22
42.88,75.45
42.92,74.84
42.96,74.24
43.00,74.59
43.04,73.91
43.08,74.95
43.12,76.64
43.16,76.19
43.20,75.96
43.24,74.97
43.28,75.19
43.32,76.21
43.36,74.48
43.40,76.35
43.44,75.57
43.48,74.48
43.52,77.42
43.56,77.37
43.60,76.71
43.64,76.59
43.68,78.38
43.72,75.89
43.76,75.27
43.80,76.33
43.84,77.76
43.88,78.14
43.92,78.75
43.96,78.46
44.00,78.23
44.04,78.96
44.08,78.01
44.12,78.50
44.16,79.61
44.20,79.08
44.24,77.54
44.28,78.13
44.32,80.36
44.36,79.98
44.40,79.29
44.44,79.27
44.48,79.48
44.52,81.32
44.56,79.40
44.60,81.57
44.64,78.56
44.68,80.84
44.72,81.79
44.76,81.87
44.80,81.86
44.84,81.80
44.88,82.49
44.92,80.62
44.96,79.94
45.00,82.28
45.04,80.66
45.08,81.52
45.12,81.65
45.16,80.64
45.20,80.99
45.24,80.13
45.28,81.31
45.32,81.37
45.36,80.90
45.40,81.22
45.44,80.42
45.48,80.48
45.52,82.09
45.56,79.52
45.60,79.21
45.64,79.91
45.68,78.86
45.72,80.02
45.76,80.82
45.80,79.33
45.84,78.66
45.88,78.75
45.92,78.42
45.96,77.47
46.00,78.17
46.04,77.93
46.08,78.75
46.12,79.64
46.16,79.00
46.20,77.96
46.24,77.29
46.28,78.71
46.32,77.87
46.36,77.26
46.40,76.17
46.44,75.16
46.48,76.94
46.52,77.03
46.56,76.62
46.60,75.97
46.64,77.17
46.68,75.96
46.72,75.99
46.76,76.97
46.80,76.93
46.84,75.54
46.88,74.84
46.92,74.78
46.96,75.51
47.00,75.90
47.04,73.67
47.08,76.63
47.12,75.92
47.16,76.98
47.20,75.93
47.24,76.52
47.28,76.03
47.32,76.42
47.36,75.32
47.40,75.71
47.44,77.54
47.48,76.33
47.52,77.65
47.56,76.61
47.60,76.65
47.64,78.32
47.68,77.18
47.72,77.82
47.76,78.40
47.80,77.24
47.84,78.41
47.88,78.30
47.92,78.65
47.96,77.59
48.00,79.42
48.04,78.71
48.08,80.78
48.12,80.61
48.16,79.60
48.20,80.04
48.24,80.39
48.28,79.57
48.32,79.64
48.36,78.91
48.40,81.89
48.44,80.98
48.48,80.84
48.52,80.57
48.56,81.86
48.60,80.06
48.64,81.31
48.68,81.37
48.72,82.00
48.76,81.03
48.80,81.18
48.84,82.27
48.88,83.73
48.92,82.16
48.96,82.22
49.00,81.80
49.04,81.88
49.08,82.04
49.12,81.63
49.16,82.74
49.20,81.99
49.24,80.62
49.28,81.82
49.32,82.38
49.36,81.94
49.40,78.32
49.44,80.90
49.48,80.08
49.52,80.96
49.56,79.86
49.60,79.79
49.64,79.98
49.68,80.31
49.72,81.22
49.76,81.45
49.80,79.22
49.84,79.81
49.88,79.78
49.92,78.12
49.96,78.44
50.00,80.04
50.04,78.38
50.08,78.92
50.12,79.00
50.16,80.23
50.20,78.27
50.24,77.27
50.28,79.34
50.32,78.35
50.36,77.65
50.40,77.16
50.44,76.90
50.48,76.50
50.52,75.74
50.56,77.83
50.60,76.33
50.64,76.60
50.68,75.73
50.72,78.22
50.76,75.69
50.80,75.44
50.84,75.22
50.88,76.92
50.92,76.39
50.96,77.57
51.00,76.72
51.04,76.37
51.08,77.18
51.12,75.42
51.16,75.64
51.20,75.36
51.24,75.40
51.28,77.06
51.32,74.93
51.36,75.24
51.40,79.20
51.44,76.53
51.48,76.97
51.52,76.87
51.56,77.44
51.60,77.02
51.64,78.09
51.68,76.55
51.72,78.24
51.76,79.42
51.80,76.96
51.84,78.34
51.88,76.68
51.92,80.12
51.96,78.76
52.00,79.28
52.04,80.10
52.08,78.19
52.12,81.04
52.16,79.91
52.20,79.30
52.24,80.38
52.28,79.60
52.32,79.03
52.36,80.19
52.40,80.14
52.44,79.66
52.48,79.42
52.52,81.41
52.56,81.06
52.60,80.14
52.64,80.12
52.68,81.64
52.72,82.45
52.76,81.70
52.80,82.32
52.84,82.04
52.88,81.65
52.92,82.15
52.96,81.57
53.00,81.50
53.04,81.67
53.08,81.87
53.12,82.50
53.16,80.66
53.20,81.69
53.24,82.77
53.28,81.33
53.32,79.55
53.36,82.06
53.40,81.21
53.44,79.05
53.48,80.30
53.52,81.13
53.56,80.91
53.60,80.64
53.64,80.51
53.68,79.66
53.72,79.00
53.76,79.65
53.80,78.63
53.84,78.72
53.88,77.71
53.92,77.99
53.96,79.22
54.00,77.64
54.04,78.96
54.08,79.45
54.12,76.59
54.16,77.56
54.20,76.97
54.24,77.30
54.28,76.96
54.32,77.55
54.36,77.11
54.40,75.31
54.44,76.55
54.48,75.52
54.52,75.79
54.56,76.58
54.60,75.87
54.64,75.22
54.68,75.79
54.72,75.21
54.76,75.03
54.80,76.63
54.84,76.65
54.88,75.10
54.92,75.72
54.96,73.69
55.00,75.75
55.04,75.00
55.08,73.98
55.12,74.70
55.16,73.10
55.20,72.69
55.24,74.65
55.28,74.64
55.32,74.61
55.36,75.08
55.40,76.37
55.44,77.23
55.48,75.38
55.52,76.64
55.56,74.64
55.60,75.70
55.64,75.44
55.68,75.40
55.72,75.85
55.76,77.09
55.80,77.58
55.84,75.61
55.88,75.72
55.92,76.73
55.96,77.52
56.00,78.17
56.04,76.86
56.08,78.02
56.12,78.37
56.16,77.63
56.20,78.60
56.24,77.08
56.28,79.34
56.32,76.68
56.36,79.03
56.40,80.55
56.44,77.86
56.48,81.14
56.52,79.31
56.56,79.93
56.60,80.65
56.64,80.99
56.68,79.27
56.72,79.15
56.76,81.37
56.80,80.37
56.84,79.17
56.88,80.22
56.92,80.31
56.96,79.10
57.00,82.13
57.04,80.07
57.08,80.39
57.12,79.80
57.16,80.10
57.20,79.85
57.24,79.43
57.28,80.81
57.32,80.38
57.36,77.73
57.40,80.13
57.44,78.88
57.48,80.64
57.52,77.89
57.56,79.42
57.60,78.31
57.64,79.26
57.68,77.83
57.72,78.22
57.76,77.64
57.80,77.63
57.84,77.26
57.88,77.42
57.92,78.64
57.96,77.34
58.00,75.78
58.04,76.60
58.08,75.76
58.12,75.20
58.16,76.67
58.20,78.10
58.24,74.37
58.28,75.77
58.32,75.40
58.36,73.08
58.40,74.55
58.44,74.90
58.48,74.51
58.52,73.94
58.56,75.34
58.60,74.10
58.64,74.06
58.68,74.10
58.72,74.36
58.76,73.12
58.80,73.05
58.84,73.27
58.88,74.03
58.92,72.21
58.96,72.63
59.00,73.32
59.04,72.72
59.08,73.23
59.12,71.51
59.16,72.29
59.20,73.14
59.24,74.12
59.28,74.29
59.32,73.69
59.36,74.37
59.40,73.95
59.44,73.83
59.48,73.80
59.52,73.63
59.56,73.78
59.60,74.61
59.64,73.71
59.68,74.63
59.72,74.28
59.76,74.35
59.80,73.31
59.84,75.63
59.88,73.49
59.92,75.89
59.96,75.93
60.00,74.34
60.04,75.27
60.08,75.41
60.12,75.30
60.16,75.78
60.20,76.69
60.24,75.64
60.28,77.21
60.32,76.83
60.36,76.41
60.40,78.48
60.44,78.78
60.48,77.14
60.52,77.34
60.56,77.47
60.60,78.30
60.64,76.52
60.68,78.61
60.72,79.02
60.76,78.65
60.80,80.39
60.84,76.87
60.88,77.00
60.92,79.41
60.96,78.20
61.00,78.52
61.04,78.15
61.08,77.36
61.12,78.53
61.16,77.72
61.20,78.65
61.24,79.96
61.28,79.29
61.32,77.00
61.36,76.04
61.40,77.97
61.44,78.34
61.48,77.85
61.52,77.73
61.56,78.31
61.60,77.11
61.64,77.45
61.68,75.45
61.72,76.75
61.76,76.48
61.80,76.02
61.84,76.33
61.88,75.28
61.92,77.01
61.96,76.44
62.00,75.10
62.04,76.07
62.08,73.69
62.12,73.47
62.16,73.87
62.20,76.26
62.24,73.48
62.28,75.80
62.32,73.41
62.36,72.99
62.40,72.92
62.44,75.12
62.48,73.67
62.52,72.53
62.56,72.88
62.60,72.05
62.64,70.88
62.68,70.93
62.72,70.80
62.76,71.92
62.80,70.47
62.84,71.75
62.88,71.63
62.92,70.56
62.96,71.84
63.00,71.09
63.04,73.47
63.08,72.21
63.12,71.42
63.16,71.84
63.20,71.69
63.24,70.38
63.28,71.90
63.32,71.63
63.36,72.47
63.40,71.60
63.44,72.52
63.48,72.03
63.52,72.42
63.56,71.07
63.60,73.57
63.64,72.67
63.68,72.63
63.72,72.69
63.76,73.56
63.80,73.58
63.84,74.72
63.88,73.40
63.92,73.65
63.96,73.09
64.00,74.35
64.04,73.13
64.08,73.62
64.12,73.92
64.16,77.00
64.20,75.78
64.24,75.48
64.28,76.14
64.32,75.58
64.36,76.66
64.40,76.33
64.44,75.33
64.48,75.07
64.52,75.80
64.56,75.52
64.60,76.75
64.64,77.43
64.68,76.46
64.72,76.89
64.76,76.43
64.80,76.26
64.84,76.18
64.88,75.74
64.92,75.14
64.96,77.16
65.00,76.10
65.04,77.54
65.08,74.73
65.12,75.10
65.16,75.75
65.20,76.99
65.24,77.03
65.28,76.30
65.32,76.06
65.36,74.65
65.40,75.05
65.44,75.64
65.48,75.76
65.52,75.97
65.56,74.79
65.60,75.97
65.64,75.99
65.68,75.26
65.72,74.51
65.76,72.90
65.80,75.16
65.84,74.94
65.88,72.53
65.92,74.68
65.96,73.66
66.00,73.46
66.04,72.83
66.08,72.90
66.12,72.84
66.16,73.10
66.20,71.88
66.24,71.68
66.28,72.66
66.32,73.42
66.36,71.01
66.40,72.94
66.44,72.70
66.48,70.77
66.52,70.97
66.56,71.49
66.60,72.39
66.64,72.01
66.68,71.99
66.72,71.97
66.76,69.85
66.80,70.68
66.84,69.99
66.88,69.63
66.92,69.71
66.96,71.68
67.00,69.64
67.04,69.47
67.08,70.12
67.12,70.27
67.16,70.24
67.20,70.29
67.24,70.25
67.28,70.13
67.32,72.84
67.36,70.68
67.40,70.94
67.44,71.39
67.48,70.33
67.52,70.80
67.56,71.21
67.60,70.73
67.64,70.71
67.68,72.44
67.72,70.70
67.76,70.25
67.80,72.33
67.84,70.43
67.88,70.82
67.92,70.39
67.96,70.26
68.00,73.77
68.04,73.62
68.08,73.52
68.12,74.26
68.16,72.59
68.20,71.11
68.24,74.53
68.28,75.02
68.32,74.84
68.36,74.77
68.40,73.07
68.44,75.77
68.48,75.03
68.52,75.02
68.56,74.33
68.60,74.77
68.64,75.29
68.68,73.96
68.72,75.59
68.76,75.21
68.80,75.96
68.84,75.32
68.88,74.79
68.92,74.78
68.96,75.69
69.00,74.27
69.04,74.50
69.08,76.11
69.12,75.34
69.16,76.26
69.20,74.53
69.24,74.86
69.28,74.07
69.32,76.01
69.36,73.86
69.40,75.83
69.44,74.33
69.48,73.98
69.52,73.57
69.56,74.53
69.60,73.22
69.64,76.06
69.68,73.81
69.72,72.95
69.76,74.63
69.80,73.66
69.84,72.99
69.88,73.11
69.92,72.36
69.96,74.02
70.00,71.79
70.04,72.02
70.08,71.32
70.12,71.11
70.16,71.37
70.20,71.28
70.24,70.07
70.28,71.19
70.32,71.39
70.36,70.56
70.40,70.15
70.44,69.49
70.48,69.49
70.52,68.04
70.56,70.29
70.60,68.44
70.64,69.69
70.68,68.37
70.72,70.06
70.76,72.44
70.80,69.17
70.84,67.73
70.88,70.73
70.92,68.14
70.96,69.11
71.00,72.00
71.04,69.35
71.08,69.92
71.12,70.19
71.16,70.08
71.20,69.81
71.24,70.32
71.28,70.92
71.32,69.51
71.36,70.10
71.40,70.82
71.44,71.42
71.48,70.80
71.52,70.69
71.56,69.99
71.60,72.60
71.64,70.95
71.68,70.22
71.72,71.12
71.76,70.55
71.80,70.51
71.84,71.24
71.88,71.96
71.92,73.37
71.96,70.73
72.00,73.41
72.04,70.81
72.08,73.92
72.12,73.74
72.16,73.83
72.20,74.47
72.24,75.91
72.28,74.78
72.32,73.72
72.36,74.32
72.40,72.48
72.44,73.65
72.48,73.83
72.52,74.79
72.56,73.30
72.60,74.44
72.64,72.96
72.68,76.98
72.72,74.96
72.76,76.31
72.80,75.92
72.84,75.78
72.88,77.97
72.92,75.39
72.96,75.57
73.00,74.20
73.04,75.62
73.08,76.58
73.12,74.60
73.16,75.64
73.20,74.26
73.24,75.95
73.28,76.28
73.32,74.03
73.36,74.49
73.40,75.93
73.44,76.85
73.48,74.38
73.52,73.63
73.56,74.89
73.60,74.94
73.64,75.39
73.68,75.06
73.72,72.57
73.76,73.46
73.80,73.80
73.84,72.03
73.88,72.98
73.92,73.57
73.96,74.04
74.00,71.07
74.04,71.31
74.08,71.01
74.12,70.45
74.16,71.75
74.20,72.42
74.24,72.14
74.28,71.32
74.32,72.53
74.36,71.10
74.40,70.78
74.44,70.56
74.48,70.81
74.52,70.67
74.56,71.18
74.60,69.96
74.64,71.10
74.68,71.10
74.72,70.23
74.76,70.49
74.80,71.15
74.84,70.75
74.88,71.69
74.92,69.59
74.96,71.28
75.00,70.40
75.04,70.91
75.08,69.66
75.12,71.48
75.16,70.67
75.20,69.92
75.24,70.69
75.28,69.69
75.32,70.26
75.36,68.98
75.40,70.06
75.44,69.15
75.48,70.96
75.52,70.82
75.56,70.85
75.60,70.98
75.64,70.25
75.68,73.01
75.72,72.38
75.76,72.85
75.80,73.62
75.84,71.91
75.88,73.22
75.92,72.83
75.96,70.91
76.00,73.16
76.04,73.79
76.08,73.40
76.12,73.90
76.16,75.08
76.20,76.75
76.24,74.79
76.28,76.81
76.32,72.42
76.36,73.51
76.40,75.69
76.44,76.03
76.48,76.48
76.52,75.69
76.56,77.32
76.60,75.00
76.64,74.58
76.68,77.81
76.72,77.26
76.76,77.16
76.80,74.94
76.84,76.24
76.88,75.90
76.92,77.57
76.96,76.66
77.00,76.20
77.04,76.07
77.08,75.29
77.12,77.12
77.16,76.52
77.20,77.80
77.24,77.37
77.28,76.88
77.32,76.74
77.36,77.54
77.40,77.23
77.44,75.30
77.48,74.09
77.52,75.57
77.56,75.06
77.60,74.51
77.64,74.11
77.68,73.76
77.72,75.07
77.76,75.90
77.80,75.45
77.84,73.64
77.88,72.54
77.92,73.49
77.96,73.21
78.00,73.45
78.04,74.00
78.08,72.83
78.12,72.88
78.16,74.31
78.20,73.60
78.24,73.02
78.28,72.79
78.32,72.98
78.36,72.44
78.40,72.83
78.44,71.91
78.48,73.06
78.52,73.29
78.56,70.97
78.60,71.92
78.64,72.88
78.68,70.99
78.72,70.01
78.76,70.46
78.80,71.09
78.84,71.14
78.88,72.41
78.92,71.61
78.96,71.13
79.00,71.33
79.04,71.39
79.08,72.02
79.12,71.35
79.16,72.30
79.20,70.77
79.24,71.22
79.28,72.32
79.32,68.94
79.36,71.91
79.40,72.57
79.44,72.01
79.48,72.10
79.52,71.94
79.56,73.31
79.60,73.34
79.64,73.05
79.68,73.47
79.72,73.46
79.76,72.66
79.80,74.19
79.84,71.43
79.88,73.80
79.92,72.62
79.96,73.82
80.00,75.69
80.04,75.60
80.08,74.06
80.12,75.18
80.16,77.25
80.20,76.06
80.24,76.43
80.28,76.67
80.32,76.60
80.36,76.50
80.40,77.65
80.44,78.03
80.48,77.22
80.52,75.99
80.56,79.50
80.60,77.95
80.64,77.52
80.68,75.70
80.72,76.08
80.76,79.24
80.80,77.56
80.84,77.87
80.88,77.62
80.92,77.53
80.96,79.03
81.00,78.35
81.04,77.34
81.08,77.87
81.12,77.59
81.16,78.58
81.20,76.83
81.24,79.47
81.28,78.44
81.32,76.79
81.36,77.38
81.40,77.67
81.44,77.23
81.48,77.05
81.52,78.32
81.56,77.89
81.60,76.54
81.64,77.18
81.68,76.81
81.72,77.23
81.76,74.81
81.80,76.87
81.84,75.67
81.88,76.88
81.92,75.78
81.96,77.02
82.00,75.80
82.04,75.93
82.08,74.98
82.12,75.00
82.16,75.28
82.20,74.64
82.24,74.63
82.28,74.92
82.32,73.84
82.36,74.73
82.40,72.41
82.44,71.94
82.48,74.80
82.52,73.75
82.56,74.47
82.60,73.55
82.64,73.53
82.68,74.14
82.72,72.96
82.76,73.90
82.80,72.31
82.84,72.50
82.88,73.42
82.92,72.58
82.96,71.43
83.00,73.61
83.04,73.24
83.08,71.71
83.12,73.77
83.16,73.06
83.20,74.06
83.24,75.46
83.28,73.63
83.32,72.42
83.36,74.09
83.40,73.46
83.44,74.13
83.48,74.12
83.52,74.71
83.56,72.44
83.60,74.40
83.64,75.10
83.68,74.25
83.72,73.68
83.76,74.66
83.80,75.62
83.84,75.61
83.88,75.22
83.92,73.72
83.96,76.59
84.00,75.10
84.04,76.11
84.08,76.80
84.12,75.45
84.16,76.70
84.20,76.27
84.24,76.65
84.28,76.95
84.32,78.56
84.36,77.96
84.40,78.67
84.44,78.50
84.48,78.06
84.52,76.18
84.56,78.56
84.60,77.91
84.64,78.05
84.68,79.32
84.72,79.88
84.76,79.22
84.80,79.41
84.84,79.40
84.88,80.05
84.92,79.53
84.96,77.60
85.00,80.16
85.04,80.08
85.08,79.51
85.12,80.14
85.16,79.67
85.20,79.49
85.24,78.82
85.28,78.54
85.32,78.74
85.36,79.03
85.40,78.29
85.44,79.26
85.48,78.33
85.52,78.58
85.56,79.58
85.60,77.56
85.64,77.43
85.68,77.62
85.72,77.49
85.76,78.39
85.80,77.04
85.84,78.00
85.88,77.23
85.92,77.41
85.96,78.08
86.00,77.61
86.04,76.53
86.08,77.41
86.12,74.31
86.16,78.08
86.20,75.22
86.24,75.12
86.28,76.45
86.32,73.48
86.36,75.68
86.40,73.32
86.44,74.10
86.48,74.77
86.52,75.04
86.56,74.03
86.60,75.10
86.64,75.05
86.68,74.11
86.72,74.22
86.76,74.57
86.80,75.31
86.84,74.99
86.88,74.28
86.92,73.84
86.96,73.58
87.00,71.86
87.04,74.07
87.08,73.54
87.12,71.86
87.16,76.58
87.20,74.99
87.24,74.12
87.28,73.83
87.32,73.45
87.36,74.43
87.40,75.18
87.44,75.53
87.48,74.74
87.52,74.83
87.56,75.88
87.60,73.86
87.64,75.27
87.68,76.30
87.72,76.04
87.76,75.12
87.80,77.04
87.84,76.61
87.88,76.98
87.92,78.04
87.96,79.17
88.00,78.23
88.04,77.66
88.08,77.36
88.12,78.81
88.16,77.29
88.20,78.21
88.24,79.75
88.28,76.93
88.32,78.37
88.36,79.43
88.40,79.48
88.44,82.05
88.48,80.41
88.52,80.73
88.56,78.78
88.60,80.26
88.64,80.01
88.68,81.69
88.72,81.33
88.76,79.52
88.80,80.06
88.84,79.95
88.88,81.34
88.92,81.14
88.96,81.54
89.00,80.73
89.04,82.02
89.08,80.05
89.12,81.57
89.16,80.97
89.20,80.85
89.24,78.56
89.28,78.40
89.32,79.73
89.36,80.02
89.40,81.48
89.44,79.51
89.48,81.21
89.52,79.18
89.56,78.69
89.60,80.43
89.64,76.26
89.68,76.73
89.72,78.99
89.76,80.04
89.80,78.82
89.84,78.11
89.88,77.62
89.92,77.83
89.96,78.58
90.00,77.20
90.04,77.57
90.08,77.09
90.12,76.08
90.16,75.60
90.20,76.66
90.24,76.30
90.28,75.86
90.32,74.90
90.36,74.87
90.40,76.04
90.44,75.04
90.48,75.64
90.52,74.19
90.56,74.51
90.60,75.69
90.64,73.96
90.68,74.98
90.72,77.70
90.76,76.73
90.80,75.67
90.84,75.16
90.88,73.41
90.92,73.61
90.96,74.25
91.00,73.29
91.04,74.37
91.08,76.39
91.12,76.38
91.16,73.87
91.20,75.03
91.24,75.26
91.28,72.95
91.32,75.86
91.36,74.92
91.40,76.07
91.44,73.89
91.48,77.28
91.52,74.87
91.56,74.26
91.60,76.42
91.64,78.11
91.68,76.00
91.72,74.73
91.76,76.52
91.80,78.60
91.84,75.19
91.88,77.55
91.92,77.22
91.96,77.27
92.00,76.53
92.04,78.26
92.08,77.28
92.12,78.15
92.16,77.67
92.20,77.78
92.24,79.09
92.28,77.84
92.32,79.15
92.36,78.10
92.40,79.21
92.44,79.59
92.48,79.26
92.52,77.87
92.56,79.77
92.60,80.65
92.64,80.86
92.68,79.98
92.72,81.42
92.76,80.31
92.80,80.68
92.84,78.84
92.88,79.80
92.92,81.17
92.96,82.12
93.00,80.33
93.04,80.62
93.08,80.02
93.12,78.77
93.16,79.41
93.20,79.78
93.24,80.29
93.28,79.78
93.32,81.28
93.36,79.33
93.40,80.20
93.44,79.87
93.48,78.58
93.52,79.93
93.56,80.09
93.60,78.02
93.64,78.43
93.68,79.60
93.72,78.93
93.76,79.73
93.80,78.50
93.84,77.26
93.88,78.92
93.92,77.49
93.96,78.07
94.00,77.03
94.04,75.99
94.08,77.42
94.12,78.21
94.16,78.22
94.20,76.74
94.24,76.18
94.28,74.88
94.32,75.73
94.36,76.18
94.40,74.61
94.44,75.47
94.48,74.85
94.52,74.32
94.56,76.10
94.60,75.76
94.64,73.42
94.68,76.79
94.72,75.84
94.76,73.82
94.80,74.28
94.84,75.79
94.88,75.14
94.92,74.39
94.96,75.22
95.00,73.06
95.04,73.85
95.08,73.95
95.12,72.49
95.16,75.87
95.20,73.57
95.24,73.41
95.28,75.09
95.32,73.68
95.36,73.35
95.40,74.18
95.44,75.02
95.48,74.30
95.52,75.10
95.56,77.00
95.60,76.46
95.64,76.33
95.68,75.40
95.72,74.61
95.76,75.57
95.80,76.65
95.84,76.91
95.88,75.05
95.92,76.87
95.96,77.61
96.00,76.26
96.04,78.68
96.08,77.43
96.12,77.68
96.16,78.43
96.20,76.54
96.24,78.88
96.28,79.06
96.32,78.25
96.36,78.03
96.40,77.20
96.44,80.82
96.48,77.83
96.52,79.82
96.56,78.74
96.60,78.46
96.64,78.07
96.68,79.86
96.72,80.00
96.76,78.99
96.80,79.59
96.84,80.08
96.88,79.13
96.92,79.50
96.96,79.29
97.00,78.48
97.04,80.08
97.08,79.54
97.12,79.54
97.16,80.10
97.20,79.91
97.24,78.72
97.28,79.47
97.32,79.17
97.36,81.55
97.40,77.82
97.44,77.90
97.48,78.02
97.52,78.28
97.56,79.37
97.60,78.75
97.64,76.62
97.68,77.80
97.72,77.64
97.76,76.89
97.80,76.31
97.84,76.32
97.88,76.32
97.92,75.80
97.96,77.12
98.00,76.89
98.04,75.65
98.08,74.88
98.12,76.55
98.16,76.13
98.20,73.78
98.24,75.63
98.28,75.79
98.32,74.68
98.36,73.70
98.40,74.25
98.44,73.47
98.48,73.10
98.52,74.61
98.56,73.94
98.60,73.03
98.64,73.97
98.68,72.99
98.72,72.62
98.76,73.51
98.80,73.77
98.84,73.36
98.88,71.74
98.92,72.92
98.96,71.71
99.00,72.43
99.04,72.73
99.08,72.59
99.12,72.08
99.16,73.26
99.20,73.99
99.24,73.39
99.28,72.21
99.32,73.17
99.36,72.99
99.40,74.85
99.44,73.14
99.48,72.84
99.52,74.56
99.56,73.07
99.60,74.88
99.64,74.36
99.68,75.44
99.72,74.88
99.76,76.41
99.80,72.48
99.84,74.61
99.88,76.49
99.92,75.38
99.96,74.30
100.00,74.89
100.04,75.94
100.08,75.38
100.12,77.08
100.16,74.65
100.20,76.65
100.24,77.33
100.28,76.44
100.32,76.02
100.36,76.14
100.40,77.69
100.44,77.03
100.48,77.46
100.52,77.03
100.56,75.57
100.60,77.30
100.64,77.02
100.68,76.81
100.72,77.68
100.76,78.72
100.80,77.80
100.84,77.95
100.88,77.03
100.92,77.76
100.96,78.17
101.00,76.81
101.04,78.65
101.08,77.86
101.12,77.31
101.16,78.30
101.20,79.66
101.24,77.43
101.28,78.18
101.32,77.52
101.36,77.93
101.40,77.56
101.44,77.65
101.48,77.72
101.52,76.37
101.56,75.89
101.60,76.88
101.64,76.17
101.68,77.46
101.72,75.18
101.76,75.83
101.80,74.88
101.84,73.91
101.88,77.18
101.92,74.95
101.96,73.55
102.00,75.89
102.04,73.33
102.08,75.40
102.12,74.05
102.16,73.73
102.20,74.67
102.24,73.23
102.28,73.11
102.32,72.06
102.36,72.81
102.40,73.01
102.44,73.14
102.48,73.67
102.52,72.98
102.56,72.61
102.60,73.22
102.64,73.50
102.68,71.72
102.72,71.42
102.76,71.63
102.80,72.48
102.84,71.81
102.88,71.62
102.92,70.13
102.96,70.88
103.00,70.32
103.04,70.89
103.08,69.29
103.12,72.07
103.16,71.12
103.20,70.84
103.24,71.97
103.28,71.92
103.32,73.25
103.36,70.18
103.40,71.36
103.44,73.06
103.48,70.36
103.52,71.88
103.56,71.67
103.60,73.24
103.64,72.26
103.68,72.19
103.72,71.95
103.76,73.28
103.80,73.14
103.84,73.07
103.88,72.42
103.92,72.64
103.96,73.13
104.00,75.24
104.04,74.66
104.08,74.81
104.12,74.53
104.16,76.56
104.20,74.05
104.24,76.12
104.28,74.44
104.32,77.04
104.36,75.71
104.40,77.28
104.44,76.25
104.48,75.18
104.52,75.24
104.56,75.33
104.60,75.98
104.64,75.37
104.68,74.84
104.72,76.64
104.76,76.42
104.80,76.25
104.84,75.98
104.88,77.57
104.92,76.38
104.96,76.64
105.00,76.78
105.04,78.41
105.08,77.41
105.12,77.52
105.16,74.53
105.20,77.91
105.24,76.84
105.28,77.82
105.32,75.40
105.36,75.60
105.40,74.28
105.44,75.68
105.48,76.11
105.52,75.61
105.56,75.29
105.60,74.93
105.64,75.20
105.68,74.38
105.72,75.43
105.76,73.45
105.80,74.02
105.84,74.54
105.88,74.38
105.92,74.80
105.96,74.44
106.00,75.02
106.04,72.69
106.08,73.90
106.12,73.60
106.16,73.47
106.20,72.64
106.24,74.62
106.28,71.62
106.32,72.34
106.36,72.11
106.40,70.16
106.44,72.39
106.48,71.36
106.52,70.41
106.56,71.93
106.60,70.19
106.64,71.84
106.68,72.18
106.72,72.67
106.76,70.17
106.80,70.80
106.84,69.00
106.88,71.35
106.92,69.62
106.96,69.71
107.00,70.04
107.04,70.58
107.08,71.18
107.12,71.14
107.16,69.63
107.20,69.81
107.24,71.15
107.28,71.21
107.32,69.12
107.36,71.47
107.40,70.95
107.44,71.45
107.48,70.40
107.52,70.79
107.56,72.50
107.60,71.05
107.64,72.54
107.68,71.86
107.72,72.28
107.76,72.24
107.80,71.72
107.84,72.54
107.88,71.93
107.92,71.75
107.96,75.36
108.00,73.07
108.04,73.37
108.08,73.70
108.12,73.80
108.16,75.48
108.20,75.33
108.24,75.15
108.28,75.39
108.32,75.97
108.36,75.17
108.40,75.27
108.44,74.15
108.48,77.20
108.52,73.93
108.56,76.65
108.60,75.48
108.64,75.89
108.68,75.30
108.72,75.21
108.76,76.22
108.80,75.57
108.84,76.24
108.88,77.49
108.92,75.95
108.96,76.30
109.00,76.16
109.04,75.06
109.08,75.27
109.12,75.99
109.16,76.57
109.20,77.19
109.24,77.13
109.28,77.32
109.32,75.30
109.36,77.14
109.40,74.88
109.44,73.80
109.48,76.71
109.52,74.86
109.56,75.89
109.60,75.56
109.64,74.86
109.68,75.94
109.72,76.47
109.76,74.49
109.80,73.85
109.84,73.40
109.88,74.58
109.92,72.57
109.96,74.78
110.00,74.62
110.04,71.54
110.08,72.24
110.12,73.10
110.16,74.64
110.20,72.83
110.24,71.26
110.28,72.17
110.32,73.46
110.36,71.31
110.40,72.72
110.44,72.42
110.48,72.01
110.52,70.75
110.56,71.29
110.60,69.64
110.64,70.66
110.68,71.72
110.72,70.75
110.76,70.22
110.80,70.24
110.84,72.42
110.88,69.29
110.92,71.48
110.96,70.09
111.00,70.01
111.04,70.37
111.08,69.20
111.12,71.26
111.16,71.19
111.20,70.40
111.24,72.40
111.28,71.24
111.32,70.71
111.36,72.49
111.40,70.74
111.44,71.90
111.48,70.24
111.52,72.08
111.56,71.29
111.60,72.18
111.64,69.78
111.68,72.40
111.72,71.11
111.76,73.13
111.80,73.67
111.84,72.00
111.88,73.98
111.92,73.59
111.96,72.44
112.00,72.92
112.04,73.99
112.08,74.77
112.12,73.82
112.16,74.75
112.20,73.74
112.24,74.98
112.28,74.72
112.32,74.09
112.36,74.96
112.40,75.55
112.44,76.32
112.48,75.74
112.52,75.58
112.56,75.50
112.60,78.14
112.64,77.14
112.68,76.93
112.72,75.63
112.76,76.99
112.80,75.65
112.84,75.99
112.88,76.57
112.92,75.82
112.96,78.47
113.00,77.24
113.04,76.61
113.08,75.45
113.12,77.28
113.16,77.70
113.20,76.90
113.24,76.51
113.28,76.58
113.32,76.35
113.36,77.54
113.40,74.76
113.44,75.64
113.48,75.17
113.52,75.42
113.56,76.40
113.60,77.38
113.64,75.72
113.68,74.24
113.72,74.23
113.76,75.90
113.80,75.60
113.84,76.02
113.88,76.22
113.92,74.89
113.96,73.72
114.00,74.97
114.04,74.88
114.08,73.91
114.12,73.69
114.16,72.17
114.20,74.16
114.24,73.82
114.28,72.53
114.32,72.01
114.36,72.92
114.40,73.98
114.44,73.29
114.48,72.59
114.52,71.50
114.56,73.06
114.60,70.97
114.64,71.96
114.68,72.34
114.72,72.24
114.76,70.87
114.80,73.05
114.84,72.14
114.88,72.83
114.92,70.41
114.96,70.82
115.00,69.65
115.04,70.97
115.08,71.79
115.12,71.08
115.16,70.74
115.20,70.93
115.24,71.31
115.28,71.27
115.32,72.59
115.36,70.94
115.40,71.56
115.44,70.61
115.48,72.34
115.52,71.50
115.56,73.71
115.60,72.76
115.64,73.17
115.68,74.22
115.72,73.07
115.76,73.90
115.80,73.77
115.84,75.20
115.88,73.33
115.92,75.02
115.96,73.31
116.00,74.97
116.04,74.71
116.08,75.28
116.12,73.64
116.16,75.63
116.20,75.39
116.24,76.19
116.28,75.34
116.32,76.52
116.36,77.26
116.40,77.80
116.44,77.27
116.48,77.42
116.52,77.33
116.56,78.52
116.60,76.73
116.64,77.52
116.68,77.42
116.72,78.11
116.76,76.94
116.80,79.29
116.84,77.25
116.88,78.11
116.92,77.85
116.96,78.49
117.00,80.46
117.04,79.13
117.08,78.44
117.12,77.16
117.16,78.43
117.20,76.99
117.24,78.79
117.28,79.17
117.32,77.14
117.36,76.42
117.40,77.32
117.44,78.13
117.48,78.78
117.52,77.49
117.56,77.56
117.60,76.90
117.64,77.57
117.68,77.57
117.72,76.83
117.76,76.41
117.80,75.69
117.84,76.80
117.88,76.04
117.92,74.65
117.96,75.95
118.00,75.54
118.04,76.25
118.08,75.40
118.12,75.48
118.16,72.98
118.20,74.99
118.24,75.38
118.28,74.45
118.32,73.95
118.36,74.00
118.40,74.96
118.44,72.39
118.48,75.95
118.52,74.67
118.56,74.34
118.60,74.02
118.64,72.82
118.68,73.65
118.72,72.66
118.76,73.19
118.80,72.38
118.84,72.66
118.88,73.88
118.92,74.70
118.96,72.38
119.00,72.46
119.04,73.20
119.08,74.43
119.12,73.04
119.16,73.24
119.20,73.79
119.24,71.99
119.28,71.49
119.32,73.23
119.36,73.97
119.40,73.93
119.44,73.34
119.48,72.97
119.52,73.85
119.56,75.27
119.60,75.29
119.64,74.28
119.68,73.81
119.72,74.50
119.76,73.73
119.80,75.41
119.84,75.82
119.88,76.13
119.92,76.24
119.96,76.36
120.00,76.24
120.04,75.60
120.08,75.77
120.12,77.94
120.16,78.06
120.20,77.07
120.24,76.88
120.28,78.62
120.32,77.57
120.36,78.73
120.40,79.35
120.44,78.40
120.48,77.24
120.52,78.87
120.56,79.62
120.60,80.68
120.64,80.28
120.68,79.66
120.72,79.87
120.76,81.58
120.80,79.81
120.84,80.31
120.88,79.81
120.92,77.21
120.96,81.00
121.00,78.31
121.04,79.43
121.08,79.38
121.12,77.92
121.16,81.68
121.20,79.15
121.24,78.94
121.28,80.06
121.32,78.41
121.36,79.59
121.40,80.75
121.44,79.53
121.48,79.56
121.52,79.40
121.56,78.86
121.60,77.58
121.64,78.06
121.68,79.17
121.72,78.06
121.76,78.44
121.80,79.16
121.84,78.50
121.88,78.30
121.92,79.81
121.96,78.59
122.00,76.82
122.04,76.48
122.08,78.44
122.12,77.60
122.16,76.70
122.20,77.39
122.24,76.84
122.28,75.43
122.32,75.37
122.36,75.33
122.40,75.51
122.44,75.10
122.48,77.00
122.52,76.68
122.56,77.30
122.60,75.17
122.64,74.99
122.68,74.15
122.72,76.76
122.76,75.27
122.80,73.16
122.84,74.95
122.88,74.90
122.92,74.54
122.96,76.12
123.00,73.44
123.04,74.16
123.08,74.70
123.12,74.58
123.16,76.04
123.20,72.84
123.24,74.12
123.28,74.52
123.32,75.23
123.36,75.07
123.40,76.04
123.44,75.44
123.48,75.84
123.52,75.18
123.56,76.05
123.60,76.45
123.64,76.12
123.68,78.01
123.72,76.74
123.76,76.82
123.80,75.46
123.84,75.38
123.88,77.88
123.92,77.31
123.96,78.35
124.00,78.25
124.04,78.78
124.08,80.43
124.12,79.17
124.16,79.86
124.20,80.35
124.24,79.43
124.28,79.69
124.32,79.06
124.36,79.81
124.40,78.78
124.44,80.80
124.48,80.97
124.52,79.85
124.56,80.80
124.60,80.71
124.64,81.44
124.68,82.24
124.72,80.00
124.76,82.02
124.80,81.52
124.84,80.06
124.88,81.86
124.92,81.38
124.96,80.05
125.00,82.29
125.04,82.25
125.08,79.92
125.12,83.16
125.16,82.20
125.20,82.72
125.24,82.05
125.28,80.76
125.32,82.85
125.36,81.24
125.40,82.14
125.44,81.19
125.48,79.81
125.52,80.68
125.56,81.49
125.60,80.04
125.64,81.18
125.68,79.63
125.72,80.68
125.76,79.43
125.80,81.15
125.84,77.82
125.88,79.74
125.92,79.72
125.96,78.27
126.00,80.35
126.04,80.15
126.08,78.14
126.12,78.47
126.16,78.05
126.20,78.48
126.24,78.68
126.28,78.11
126.32,77.71
126.36,79.45
126.40,77.29
126.44,78.18
126.48,77.28
126.52,76.46
126.56,76.75
126.60,75.55
126.64,77.41
126.68,76.02
126.72,77.86
126.76,75.96
126.80,76.26
126.84,76.96
126.88,76.27
126.92,76.84
126.96,76.22
127.00,76.21
127.04,75.73
127.08,76.95
127.12,74.98
127.16,76.23
127.20,75.67
127.24,76.32
127.28,77.87
127.32,77.00
127.36,77.43
127.40,77.34
127.44,76.57
127.48,76.76
127.52,78.65
127.56,79.43
127.60,77.07
127.64,79.05
127.68,78.57
127.72,77.10
127.76,79.42
127.80,78.43
127.84,79.60
127.88,77.84
127.92,79.16
127.96,79.88
128.00,79.61
128.04,80.85
128.08,80.55
128.12,80.60
128.16,82.08
128.20,79.75
128.24,80.67
128.28,81.03
128.32,81.76
128.36,81.74
128.40,80.69
128.44,83.94
128.48,82.32
128.52,83.02
128.56,82.84
128.60,81.52
128.64,81.89
128.68,81.70
128.72,82.93
128.76,84.10
128.80,82.73
128.84,81.26
128.88,83.05
128.92,84.79
128.96,82.58
129.00,84.30
129.04,83.22
129.08,82.81
129.12,82.38
129.16,83.12
129.20,83.91
129.24,82.48
129.28,83.09
129.32,81.22
129.36,81.41
129.40,81.53
129.44,82.98
129.48,84.55
129.52,80.90
129.56,82.33
129.60,81.62
129.64,82.20
129.68,81.07
129.72,80.25
129.76,80.07
129.80,81.36
129.84,80.60
129.88,80.79
129.92,80.05
129.96,80.04
130.00,80.37
130.04,80.72
130.08,80.03
130.12,77.25
130.16,79.21
130.20,80.60
130.24,79.82
130.28,78.65
130.32,78.27
130.36,77.84
130.40,79.68
130.44,78.81
130.48,78.29
130.52,77.83
130.56,78.31
130.60,78.05
130.64,78.37
130.68,76.59
130.72,75.48
130.76,78.09
130.80,77.71
130.84,78.00
130.88,77.99
130.92,78.10
130.96,78.87
131.00,76.54
131.04,77.61
131.08,77.60
131.12,77.37
131.16,77.41
131.20,77.45
131.24,77.78
131.28,77.14
131.32,77.54
131.36,78.44
131.40,78.44
131.44,77.08
131.48,78.64
131.52,77.31
131.56,76.68
131.60,79.60
131.64,79.12
131.68,79.56
131.72,78.56
131.76,78.01
131.80,78.17
131.84,79.08
131.88,80.00
131.92,79.67
131.96,79.37
132.00,79.78
132.04,81.57
132.08,79.93
132.12,80.36
132.16,80.49
132.20,80.95
132.24,80.96
132.28,81.69
132.32,80.66
132.36,82.72
132.40,82.23
132.44,79.71
132.48,82.32
132.52,82.90
132.56,82.26
132.60,83.23
132.64,82.71
132.68,83.89
132.72,82.43
132.76,82.01
132.80,83.17
132.84,83.98
132.88,82.40
132.92,82.65
132.96,82.13
133.00,82.47
133.04,84.37
133.08,82.44
133.12,84.12
133.16,83.16
133.20,81.84
133.24,83.85
133.28,82.42
133.32,82.58
133.36,82.12
133.40,82.60
133.44,83.19
133.48,81.86
133.52,82.67
133.56,81.98
133.60,82.55
133.64,81.28
133.68,81.55
133.72,80.52
133.76,80.76
133.80,81.34
133.84,79.55
133.88,80.21
133.92,81.03
133.96,80.07
134.00,79.98
134.04,80.51
134.08,80.10
134.12,79.89
134.16,79.42
134.20,79.47
134.24,78.88
134.28,80.39
134.32,79.56
134.36,77.39
134.40,77.63
134.44,78.50
134.48,79.58
134.52,78.49
134.56,78.48
134.60,77.58
134.64,76.28
134.68,77.83
134.72,77.47
134.76,78.08
134.80,77.87
134.84,77.18
134.88,76.74
134.92,75.69
134.96,76.55
135.00,77.51
135.04,78.08
135.08,76.54
135.12,76.93
135.16,76.97
135.20,77.43
135.24,76.83
135.28,77.04
135.32,78.14
135.36,76.13
135.40,79.00
135.44,77.34
135.48,76.39
135.52,77.20
135.56,76.82
135.60,78.22
135.64,78.65
135.68,77.36
135.72,79.19
135.76,77.95
135.80,79.34
135.84,78.19
135.88,78.14
135.92,78.06
135.96,79.29
136.00,79.61
136.04,79.56
136.08,80.02
136.12,80.80
136.16,80.15
136.20,80.08
136.24,81.80
136.28,80.08
136.32,80.50
136.36,80.11
136.40,81.69
136.44,81.71
136.48,80.92
136.52,81.38
136.56,81.69
136.60,82.70
136.64,81.32
136.68,81.83
136.72,83.91
136.76,82.42
136.80,82.08
136.84,82.77
136.88,83.18
136.92,84.10
136.96,82.12
137.00,83.10
137.04,82.44
137.08,81.36
137.12,82.94
137.16,80.43
137.20,81.52
137.24,83.21
137.28,82.56
137.32,81.93
137.36,80.54
137.40,82.62
137.44,81.85
137.48,80.33
137.52,79.23
137.56,81.10
137.60,80.18
137.64,79.99
137.68,80.41
137.72,81.33
137.76,81.41
137.80,79.47
137.84,80.27
137.88,80.35
137.92,79.33
137.96,80.64
138.00,79.74
138.04,78.52
138.08,78.76
138.12,80.73
138.16,78.75
138.20,78.80
138.24,77.53
138.28,78.03
138.32,77.20
138.36,76.42
138.40,77.09
138.44,77.14
138.48,77.33
138.52,77.39
138.56,77.03
138.60,77.99
138.64,74.73
138.68,75.64
138.72,75.23
138.76,75.21
138.80,74.58
138.84,74.75
138.88,74.11
138.92,75.19
138.96,75.68
139.00,76.32
139.04,75.54
139.08,76.97
139.12,76.30
139.16,75.25
139.20,73.84
139.24,76.29
139.28,76.97
139.32,74.92
139.36,77.03
139.40,77.24
139.44,76.67
139.48,77.44
139.52,74.92
139.56,76.74
139.60,78.21
139.64,76.12
139.68,77.48
139.72,76.31
139.76,77.30
139.80,78.67
139.84,77.90
139.88,77.47
139.92,78.67
139.96,77.37
140.00,78.16
140.04,79.27
140.08,77.62
140.12,80.49
140.16,76.79
140.20,79.67
140.24,81.07
140.28,79.69
140.32,79.10
140.36,78.41
140.40,80.14
140.44,80.84
140.48,80.37
140.52,81.22
140.56,79.44
140.60,79.50
140.64,80.96
140.68,80.35
140.72,81.65
140.76,79.99
140.80,81.49
140.84,79.89
140.88,81.84
140.92,82.38
140.96,81.73
141.00,81.22
141.04,82.52
141.08,81.82
141.12,81.44
141.16,79.36
141.20,81.28
141.24,80.14
141.28,79.29
141.32,81.36
141.36,79.42
141.40,79.44
141.44,79.38
141.48,78.99
141.52,80.72
141.56,80.18
141.60,79.18
141.64,79.33
141.68,79.53
141.72,79.60
141.76,78.04
141.80,78.49
141.84,79.47
141.88,77.39
141.92,77.28
141.96,77.37
142.00,78.99
142.04,77.57
142.08,77.89
142.12,77.14
142.16,76.15
142.20,77.80
142.24,74.98
142.28,74.59
142.32,77.44
142.36,75.07
142.40,73.10
142.44,75.16
142.48,74.61
142.52,75.24
142.56,75.36
142.60,72.79
142.64,73.50
142.68,73.59
142.72,73.93
142.76,75.34
142.80,75.81
142.84,75.36
142.88,75.00
142.92,75.95
142.96,74.64
143.00,75.01
143.04,73.19
143.08,75.10
143.12,74.64
143.16,73.92
143.20,75.76
143.24,75.01
143.28,75.68
143.32,75.58
143.36,74.83
143.40,74.40
143.44,73.22
143.48,75.17
143.52,75.32
143.56,75.59
143.60,75.48
143.64,76.66
143.68,75.00
143.72,75.88
143.76,76.58
143.80,75.37
143.84,74.07
143.88,76.24
143.92,76.72
143.96,76.64
144.00,78.91
144.04,77.23
144.08,77.31
144.12,77.45
144.16,78.68
144.20,77.12
144.24,79.78
144.28,78.72
144.32,76.70
144.36,78.52
144.40,78.58
144.44,79.80
144.48,79.31
144.52,78.70
144.56,80.60
144.60,78.64
144.64,78.66
144.68,78.44
144.72,80.36
144.76,78.80
144.80,79.70
144.84,79.66
144.88,80.21
144.92,79.74
144.96,80.74
145.00,79.52
145.04,79.02
145.08,79.52
145.12,79.77
145.16,81.90
145.20,78.26
145.24,79.41
145.28,79.76
145.32,79.60
145.36,79.06
145.40,79.81
145.44,79.80
145.48,79.85
145.52,79.40
145.56,78.67
145.60,77.51
145.64,78.67
145.68,77.74
145.72,76.83
145.76,77.93
145.80,76.94
145.84,76.05
145.88,76.52
145.92,76.29
145.96,75.85
146.00,77.23
146.04,76.54
146.08,75.96
146.12,75.19
146.16,74.81
146.20,76.49
146.24,76.34
146.28,75.43
146.32,74.17
146.36,75.24
146.40,75.46
146.44,75.34
146.48,71.76
146.52,74.23
146.56,74.33
146.60,73.63
146.64,73.23
146.68,74.90
146.72,73.34
146.76,73.35
146.80,73.52
146.84,73.17
146.88,73.35
146.92,74.45
146.96,74.59
147.00,74.47
147.04,74.61
147.08,73.16
147.12,73.38
147.16,73.76
147.20,73.06
147.24,72.52
147.28,74.31
147.32,73.12
147.36,73.21
147.40,74.32
147.44,73.51
147.48,72.49
147.52,73.01
147.56,74.34
147.60,73.35
147.64,75.10
147.68,73.74
147.72,75.34
147.76,76.04
147.80,74.74
147.84,75.18
147.88,74.60
147.92,74.80
147.96,73.44
148.00,77.17
148.04,75.99
148.08,75.76
148.12,76.73
148.16,76.22
148.20,77.86
148.24,78.61
148.28,77.39
148.32,77.32
148.36,76.77
148.40,77.13
148.44,77.05
148.48,77.79
148.52,77.65
148.56,79.04
148.60,77.87
148.64,78.84
148.68,78.57
148.72,79.25
148.76,78.53
148.80,77.33
148.84,80.11
148.88,77.81
148.92,78.63
148.96,78.61
149.00,78.78
149.04,79.49
149.08,81.15
149.12,79.09
149.16,78.70
149.20,77.85
149.24,78.61
149.28,78.16
149.32,79.90
149.36,77.78
149.40,77.99
149.44,78.62
149.48,77.24
149.52,76.40
149.56,78.63
149.60,76.78
149.64,77.75
149.68,76.69
149.72,78.47
149.76,75.91
149.80,77.71
149.84,76.34
149.88,76.73
149.92,76.80
149.96,76.71
150.00,75.04
150.04,74.35
150.08,75.06
150.12,75.42
150.16,75.49
150.20,74.99
150.24,75.71
150.28,75.33
150.32,74.22
150.36,74.97
150.40,74.30
150.44,72.77
150.48,73.79
150.52,73.43
150.56,72.57
150.60,72.24
150.64,73.37
150.68,73.15
150.72,73.31
150.76,73.24
150.80,71.59
150.84,72.74
150.88,71.60
150.92,72.30
150.96,73.48
151.00,73.70
151.04,73.43
151.08,72.96
151.12,71.02
151.16,73.28
151.20,71.90
151.24,72.64
151.28,72.66
151.32,74.06
151.36,73.87
151.40,73.75
151.44,73.63
151.48,74.35
151.52,74.06
151.56,73.32
151.60,72.42
151.64,74.18
151.68,74.28
151.72,75.54
151.76,74.20
151.80,73.38
151.84,73.96
151.88,75.06
151.92,75.52
151.96,77.22
152.00,76.53
152.04,77.75
152.08,78.58
152.12,77.64
152.16,76.30
152.20,75.82
152.24,76.99
152.28,76.11
152.32,75.42
152.36,76.68
152.40,77.14
152.44,77.43
152.48,77.49
152.52,77.22
152.56,78.33
152.60,78.86
152.64,78.07
152.68,79.35
152.72,78.92
152.76,81.14
152.80,76.78
152.84,79.28
152.88,79.79
152.92,77.87
152.96,80.36
153.00,79.95
153.04,79.17
153.08,78.53
153.12,78.78
153.16,78.19
153.20,78.33
153.24,77.97
153.28,79.17
153.32,77.38
153.36,79.14
153.40,78.79
153.44,77.76
153.48,78.22
153.52,78.32
153.56,77.37
153.60,77.54
153.64,76.77
153.68,77.46
153.72,79.65
153.76,75.66
153.80,76.20
153.84,77.09
153.88,76.79
153.92,76.80
153.96,75.36
154.00,77.49
154.04,74.58
154.08,75.60
154.12,75.72
154.16,75.58
154.20,74.77
154.24,75.34
154.28,75.67
154.32,74.16
154.36,76.72
154.40,74.81
154.44,75.64
154.48,75.76
154.52,72.91
154.56,75.87
154.60,73.55
154.64,74.38
154.68,75.22
154.72,72.96
154.76,74.26
154.80,73.36
154.84,72.24
154.88,72.82
154.92,71.76
154.96,71.50
155.00,73.04
155.04,71.82
155.08,73.46
155.12,75.11
155.16,73.33
155.20,72.40
155.24,73.65
155.28,72.32
155.32,75.43
155.36,74.27
155.40,73.64
155.44,74.56
155.48,74.82
155.52,73.89
155.56,74.66
155.60,74.09
155.64,74.97
155.68,76.59
155.72,76.05
155.76,74.28
155.80,75.32
155.84,76.89
155.88,75.34
155.92,76.07
155.96,76.39
156.00,78.05
156.04,76.84
156.08,78.90
156.12,75.71
156.16,77.62
156.20,78.01
156.24,77.98
156.28,77.13
156.32,76.69
156.36,76.45
156.40,77.90
156.44,79.67
156.48,77.56
156.52,80.81
156.56,80.82
156.60,78.45
156.64,79.88
156.68,77.87
156.72,79.49
156.76,80.37
156.80,79.93
156.84,79.53
156.88,80.61
156.92,79.19
156.96,78.15
157.00,80.18
157.04,79.37
157.08,80.54
157.12,79.96
157.16,80.97
157.20,79.59
157.24,79.21
157.28,79.09
157.32,80.05
157.36,80.05
157.40,77.64
157.44,78.51
157.48,79.18
157.52,80.69
157.56,78.86
157.60,78.26
157.64,77.80
157.68,77.76
157.72,78.82
157.76,79.97
157.80,78.95
157.84,78.14
157.88,77.87
157.92,78.23
157.96,76.75
158.00,78.09
158.04,76.73
158.08,76.07
158.12,76.59
158.16,77.96
158.20,76.01
158.24,75.92
158.28,78.08
158.32,74.74
158.36,75.09
158.40,76.98
158.44,76.63
158.48,74.28
158.52,73.83
158.56,74.21
158.60,75.44
158.64,74.86
158.68,74.61
158.72,74.49
158.76,74.80
158.80,73.27
158.84,74.46
158.88,76.39
158.92,74.56
158.96,73.25
159.00,73.39
159.04,75.21
159.08,74.42
159.12,76.78
159.16,75.79
159.20,76.77
159.24,76.55
159.28,75.54
159.32,73.66
159.36,76.03
159.40,75.62
159.44,76.18
159.48,75.78
159.52,76.61
159.56,74.67
159.60,75.59
159.64,77.49
159.68,77.27
159.72,74.62
159.76,75.51
159.80,76.40
159.84,77.01
159.88,76.95
159.92,78.16
159.96,78.48
160.00,78.19
160.04,78.48
160.08,79.99
160.12,77.95
160.16,80.31
160.20,78.12
160.24,78.57
160.28,79.88
160.32,80.59
160.36,80.45
160.40,78.50
160.44,80.28
160.48,79.99
160.52,80.01
160.56,80.87
160.60,81.10
160.64,81.46
160.68,81.23
160.72,79.72
160.76,81.05
160.80,80.48
160.84,81.75
160.88,81.78
160.92,80.60
160.96,81.92
161.00,80.33
161.04,79.32
161.08,83.10
161.12,80.94
161.16,81.95
161.20,82.02
161.24,80.82
161.28,82.28
161.32,82.04
161.36,80.21
161.40,79.69
161.44,78.72
161.48,80.12
161.52,80.64
161.56,80.58
161.60,81.92
161.64,81.22
161.68,80.78
161.72,79.89
161.76,80.29
161.80,79.38
161.84,79.32
161.88,80.04
161.92,77.99
161.96,79.91
162.00,79.58
162.04,80.22
162.08,78.49
162.12,79.30
162.16,77.96
162.20,78.79
162.24,77.92
162.28,78.68
162.32,77.68
162.36,77.35
162.40,75.87
162.44,75.41
162.48,76.57
162.52,77.63
162.56,77.60
162.60,77.47
162.64,76.98
162.68,76.87
162.72,76.48
162.76,77.31
162.80,75.95
162.84,74.26
162.88,76.54
162.92,76.13
162.96,77.09
163.00,77.17
163.04,74.88
163.08,76.31
163.12,75.64
163.16,76.45
163.20,76.53
163.24,76.18
163.28,76.77
163.32,76.31
163.36,76.31
163.40,76.55
163.44,77.83
163.48,76.67
163.52,77.25
163.56,77.85
163.60,78.30
163.64,78.63
163.68,79.34
163.72,78.00
163.76,79.75
163.80,79.59
163.84,77.72
163.88,79.02
163.92,79.36
163.96,79.24
164.00,80.35
164.04,79.51
164.08,80.54
164.12,80.11
164.16,79.37
164.20,80.90
164.24,79.52
164.28,80.15
164.32,81.47
164.36,82.21
164.40,81.18
164.44,82.60
164.48,81.25
164.52,81.30
164.56,83.19
164.60,83.05
164.64,82.66
164.68,82.90
164.72,83.74
164.76,82.94
164.80,81.37
164.84,81.71
164.88,83.19
164.92,82.27
164.96,84.33
165.00,83.26
165.04,83.45
165.08,82.27
165.12,82.18
165.16,84.07
165.20,83.34
165.24,81.28
165.28,82.42
165.32,83.15
165.36,82.64
165.40,83.08
165.44,82.38
165.48,83.47
165.52,84.24
165.56,81.93
165.60,82.39
165.64,81.51
165.68,81.76
165.72,82.88
165.76,83.85
165.80,80.22
165.84,82.01
165.88,79.45
165.92,80.75
165.96,81.33
166.00,80.22
166.04,80.33
166.08,79.09
166.12,81.06
166.16,81.54
166.20,79.22
166.24,80.10
166.28,79.36
166.32,79.93
166.36,80.24
166.40,79.04
166.44,77.89
166.48,79.07
166.52,79.34
166.56,78.90
166.60,77.42
166.64,77.50
166.68,78.33
166.72,78.73
166.76,78.27
166.80,78.90
166.84,76.83
166.88,77.98
166.92,79.51
166.96,77.72
167.00,77.81
167.04,77.57
167.08,79.00
167.12,78.62
167.16,79.33
167.20,78.74
167.24,78.70
167.28,78.80
167.32,78.58
167.36,78.54
167.40,79.18
167.44,79.45
167.48,78.88
167.52,79.61
167.56,79.67
167.60,78.57
167.64,81.34
167.68,80.72
167.72,79.65
167.76,80.37
167.80,80.36
167.84,80.56
167.88,79.79
167.92,81.44
167.96,80.92
168.00,81.12
168.04,81.55
168.08,83.96
168.12,81.61
168.16,82.46
168.20,82.11
168.24,81.73
168.28,81.12
168.32,84.81
168.36,82.64
168.40,83.92
168.44,83.37
168.48,82.60
168.52,82.51
168.56,81.97
168.60,83.13
168.64,83.48
168.68,84.44
168.72,84.19
168.76,86.25
168.80,83.62
168.84,81.41
168.88,82.09
168.92,82.15
168.96,82.46
169.00,80.76
169.04,82.30
169.08,80.87
169.12,79.90
169.16,78.99
169.20,80.26
169.24,79.18
169.28,80.37
169.32,80.19
169.36,78.05
169.40,79.02
169.44,79.50
169.48,78.60
169.52,77.05
169.56,78.16
169.60,78.99
169.64,78.75
169.68,80.57
169.72,78.47
169.76,79.13
169.80,80.20
169.84,83.32
169.88,82.03
169.92,83.69
169.96,86.38
170.00,88.06
170.04,88.50
170.08,88.30
170.12,91.56
170.16,93.05
170.20,92.30
170.24,91.86
170.28,94.18
170.32,93.26
170.36,96.82
170.40,96.39
170.44,98.76
170.48,95.88
170.52,99.46
170.56,98.48
170.60,98.53
170.64,97.75
170.68,97.73
170.72,100.21
170.76,99.42
170.80,99.18
170.84,100.31
170.88,99.28
170.92,100.38
170.96,101.29
171.00,100.38
171.04,102.25
171.08,99.87
171.12,100.81
171.16,102.67
171.20,102.91
171.24,101.85
171.28,102.90
171.32,102.50
171.36,102.17
171.40,103.11
171.44,101.81
171.48,102.28
171.52,102.98
171.56,102.50
171.60,104.27
171.64,102.80
171.68,104.36
171.72,103.73
171.76,103.87
171.80,104.13
171.84,103.91
171.88,103.38
171.92,104.06
171.96,105.06
172.00,103.29
172.04,104.41
172.08,103.86
172.12,104.97
172.16,104.68
172.20,104.00
172.24,103.78
172.28,104.51
172.32,103.58
172.36,106.54
172.40,104.67
172.44,104.56
172.48,104.89
172.52,105.77
172.56,106.59
172.60,104.12
172.64,104.00
172.68,103.73
172.72,104.01
172.76,104.14
172.80,104.48
172.84,105.21
172.88,104.98
172.92,104.82
172.96,103.93
173.00,105.09
173.04,104.81
173.08,102.01
173.12,104.11
173.16,103.59
173.20,103.04
173.24,102.40
173.28,103.58
173.32,102.94
173.36,104.49
173.40,102.03
173.44,102.83
173.48,101.99
173.52,101.69
173.56,100.74
173.60,100.99
173.64,100.77
173.68,100.05
173.72,100.24
173.76,101.26
173.80,100.45
173.84,100.18
173.88,98.64
173.92,98.74
173.96,98.86
174.00,98.74
174.04,97.18
174.08,97.00
174.12,95.25
174.16,97.37
174.20,98.08
174.24,94.24
174.28,94.42
174.32,96.22
174.36,96.93
174.40,94.65
174.44,96.15
174.48,93.19
174.52,93.16
174.56,92.45
174.60,94.58
174.64,93.57
174.68,93.66
174.72,91.23
174.76,93.81
174.80,93.27
174.84,91.12
174.88,91.70
174.92,91.35
174.96,93.39
175.00,91.15
175.04,91.59
175.08,92.56
175.12,91.28
175.16,91.93
175.20,91.54
175.24,91.07
175.28,91.63
175.32,90.75
175.36,91.26
175.40,91.17
175.44,91.41
175.48,91.57
175.52,91.03
175.56,92.80
175.60,90.25
175.64,92.07
175.68,91.33
175.72,90.80
175.76,92.70
175.80,92.53
175.84,90.86
175.88,91.35
175.92,93.80
175.96,93.28
176.00,91.32
176.04,91.98
176.08,92.83
176.12,92.63
176.16,91.62
176.20,92.69
176.24,91.15
176.28,92.49
176.32,92.66
176.36,93.40
176.40,93.41
176.44,93.27
176.48,94.06
176.52,92.49
176.56,93.98
176.60,92.34
176.64,91.14
176.68,91.62
176.72,92.92
176.76,93.14
176.80,93.20
176.84,92.48
176.88,93.30
176.92,93.93
176.96,93.36
177.00,92.34
177.04,91.40
177.08,92.63
177.12,92.12
177.16,92.45
177.20,92.68
177.24,92.10
177.28,91.25
177.32,92.07
177.36,90.45
177.40,90.36
177.44,91.13
177.48,90.74
177.52,91.34
177.56,92.23
177.60,89.27
177.64,90.28
177.68,89.93
177.72,90.23
177.76,90.86
177.80,89.38
177.84,88.67
177.88,88.44
177.92,87.79
177.96,86.00
178.00,87.28
178.04,88.73
178.08,86.63
178.12,87.11
178.16,86.26
178.20,86.73
178.24,85.43
178.28,85.67
178.32,85.80
178.36,85.76
178.40,84.56
178.44,86.51
178.48,83.98
178.52,84.14
178.56,84.95
178.60,82.30
178.64,84.59
178.68,84.45
178.72,82.74
178.76,83.36
178.80,83.67
178.84,83.18
178.88,82.97
178.92,82.61
178.96,83.27
179.00,82.62
179.04,82.58
179.08,82.22
179.12,81.88
179.16,83.29
179.20,82.95
179.24,81.35
179.28,83.59
179.32,80.80
179.36,81.55
179.40,83.23
179.44,83.16
179.48,81.13
179.52,80.51
179.56,82.37
179.60,83.61
179.64,82.59
179.68,83.56
179.72,83.33
179.76,82.37
179.80,81.47
179.84,83.19
179.88,83.22
179.92,84.00
179.96,83.40
180.00,83.78
180.04,84.05
180.08,83.00
180.12,85.86
180.16,84.48
180.20,84.36
180.24,84.72
180.28,85.54
180.32,85.03
180.36,84.70
180.40,86.19
180.44,84.76
180.48,86.38
180.52,84.47
180.56,86.79
180.60,85.12
180.64,85.72
180.68,86.50
180.72,84.44
180.76,84.59
180.80,85.99
180.84,85.69
180.88,85.87
180.92,85.98
180.96,84.76
181.00,84.97
181.04,84.87
181.08,86.24
181.12,85.66
181.16,86.24
181.20,84.91
181.24,85.32
181.28,84.45
181.32,85.27
181.36,84.95
181.40,83.52
181.44,84.31
181.48,83.84
181.52,83.53
181.56,84.27
181.60,83.26
181.64,82.47
181.68,83.15
181.72,83.13
181.76,82.48
181.80,83.59
181.84,81.30
181.88,81.74
181.92,82.14
181.96,83.53
182.00,81.46
182.04,80.36
182.08,80.82
182.12,79.78
182.16,79.38
182.20,80.00
182.24,80.58
182.28,79.02
182.32,78.78
182.36,79.36
182.40,79.16
182.44,78.46
182.48,78.82
182.52,78.06
182.56,76.88
182.60,79.63
182.64,79.22
182.68,76.59
182.72,77.14
182.76,77.73
182.80,75.48
182.84,77.61
182.88,78.86
182.92,75.38
182.96,77.15
183.00,75.60
183.04,76.71
183.08,75.44
183.12,76.56
183.16,78.27
183.20,77.03
183.24,76.89
183.28,77.26
183.32,76.53
183.36,75.88
183.40,76.45
183.44,76.87
183.48,77.85
183.52,76.24
183.56,78.15
183.60,77.30
183.64,78.03
183.68,76.64
183.72,77.76
183.76,77.62
183.80,79.20
183.84,77.79
183.88,77.43
183.92,77.43
183.96,77.79
184.00,77.34
184.04,79.85
184.08,79.71
184.12,79.23
184.16,81.71
184.20,79.85
184.24,79.10
184.28,81.46
184.32,80.26
184.36,80.84
184.40,80.59
184.44,81.78
184.48,80.96
184.52,81.09
184.56,79.63
184.60,79.85
184.64,80.89
184.68,80.07
184.72,80.80
184.76,82.80
184.80,81.05
184.84,80.89
184.88,81.25
184.92,82.48
184.96,81.70
185.00,81.08
185.04,81.49
185.08,81.45
185.12,80.30
185.16,80.11
185.20,79.89
185.24,81.52
185.28,80.52
185.32,81.29
185.36,80.91
185.40,80.43
185.44,80.38
185.48,80.27
185.52,78.81
185.56,81.29
185.60,78.89
185.64,77.51
185.68,80.11
185.72,78.29
185.76,79.34
185.80,79.43
185.84,79.24
185.88,77.52
185.92,78.29
185.96,77.39
186.00,77.67
186.04,76.33
186.08,76.50
186.12,76.99
186.16,75.41
186.20,73.66
186.24,75.76
186.28,75.51
186.32,76.94
186.36,75.84
186.40,75.92
186.44,75.08
186.48,76.52
186.52,74.47
186.56,73.33
186.60,73.29
186.64,73.21
186.68,75.43
186.72,74.04
186.76,76.57
186.80,74.47
186.84,74.01
186.88,74.23
186.92,73.22
186.96,74.10
187.00,73.26
187.04,73.47
187.08,72.39
187.12,72.64
187.16,74.20
187.20,73.66
187.24,74.46
187.28,73.97
187.32,75.07
187.36,74.23
187.40,72.41
187.44,74.76
187.48,73.31
187.52,75.26
187.56,74.94
187.60,74.69
187.64,74.51
187.68,75.37
187.72,74.27
187.76,73.59
187.80,76.17
187.84,76.46
187.88,74.24
187.92,74.12
187.96,76.45
188.00,76.44
188.04,78.58
188.08,76.66
188.12,76.51
188.16,76.56
188.20,78.12
188.24,76.23
188.28,76.50
188.32,78.92
188.36,77.24
188.40,76.87
188.44,78.15
188.48,78.86
188.52,79.14
188.56,77.89
188.60,80.64
188.64,79.26
188.68,78.27
188.72,79.67
188.76,78.36
188.80,80.83
188.84,79.15
188.88,78.66
188.92,79.19
188.96,77.65
189.00,79.19
189.04,78.96
189.08,78.77
189.12,78.15
189.16,79.83
189.20,78.30
189.24,76.76
189.28,79.16
189.32,76.85
189.36,76.57
189.40,77.41
189.44,78.17
189.48,77.13
189.52,77.59
189.56,78.16
189.60,75.62
189.64,74.76
189.68,77.66
189.72,76.79
189.76,76.42
189.80,77.25
189.84,76.51
189.88,74.99
189.92,75.00
189.96,75.47
190.00,75.18
190.04,74.85
190.08,74.88
190.12,74.10
190.16,74.32
190.20,74.64
190.24,73.58
190.28,73.95
190.32,72.91
190.36,73.43
190.40,71.08
190.44,74.63
190.48,73.86
190.52,72.40
190.56,72.83
190.60,72.52
190.64,72.84
190.68,71.61
190.72,71.50
190.76,73.51
190.80,72.54
190.84,73.33
190.88,72.00
190.92,72.25
190.96,70.46
191.00,72.62
191.04,71.78
191.08,71.45
191.12,71.10
191.16,72.63
191.20,72.37
191.24,72.00
191.28,72.15
191.32,72.39
191.36,72.68
191.40,71.69
191.44,73.08
191.48,72.01
191.52,73.87
191.56,71.95
191.60,72.55
191.64,73.05
191.68,71.20
191.72,73.60
191.76,74.75
191.80,72.81
191.84,73.13
191.88,73.21
191.92,76.46
191.96,74.86
192.00,75.25
192.04,75.57
192.08,74.42
192.12,74.97
192.16,75.57
192.20,75.12
192.24,73.41
192.28,77.92
192.32,75.34
192.36,76.74
192.40,76.25
192.44,74.58
192.48,77.15
192.52,76.79
192.56,77.20
192.60,77.11
192.64,75.69
192.68,77.37
192.72,77.43
192.76,77.96
192.80,76.23
192.84,78.22
192.88,77.51
192.92,76.51
192.96,77.72
193.00,77.07
193.04,77.68
193.08,78.16
193.12,77.41
193.16,78.31
193.20,77.33
193.24,78.28
193.28,77.63
193.32,76.36
193.36,77.84
193.40,75.48
193.44,77.29
193.48,76.28
193.52,76.34
193.56,77.52
193.60,75.94
193.64,76.08
193.68,76.96
193.72,75.14
193.76,76.87
193.80,76.43
193.84,74.99
193.88,75.57
193.92,73.65
193.96,74.67
194.00,74.65
194.04,76.50
194.08,74.22
194.12,73.59
194.16,72.69
194.20,74.55
194.24,74.28
194.28,72.07
194.32,73.02
194.36,74.19
194.40,72.34
194.44,72.41
194.48,70.45
194.52,73.21
194.56,71.47
194.60,70.65
194.64,71.99
194.68,73.43
194.72,71.66
194.76,71.96
194.80,72.78
194.84,71.57
194.88,71.88
194.92,70.32
194.96,72.15
195.00,71.01
195.04,70.39
195.08,70.75
195.12,72.04
195.16,72.48
195.20,71.26
195.24,71.28
195.28,71.98
195.32,72.17
195.36,69.51
195.40,71.99
195.44,70.61
195.48,73.39
195.52,71.93
195.56,72.62
195.60,72.43
195.64,72.63
195.68,72.72
195.72,71.28
195.76,73.94
195.80,74.21
195.84,73.22
195.88,73.39
195.92,73.77
195.96,73.67
196.00,75.30
196.04,73.58
196.08,75.61
196.12,74.26
196.16,75.80
196.20,73.75
196.24,75.40
196.28,75.07
196.32,76.53
196.36,76.19
196.40,76.87
196.44,75.97
196.48,76.05
196.52,75.32
196.56,77.55
196.60,78.04
196.64,75.52
196.68,78.45
196.72,77.52
196.76,77.38
196.80,77.32
196.84,76.71
196.88,77.48
196.92,75.78
196.96,76.12
197.00,77.57
197.04,78.05
197.08,76.70
197.12,77.43
197.16,76.01
197.20,78.76
197.24,76.35
197.28,76.17
197.32,79.04
197.36,77.07
197.40,77.25
197.44,76.06
197.48,77.06
197.52,75.47
197.56,75.92
197.60,77.49
197.64,76.55
197.68,76.03
197.72,74.86
197.76,76.68
197.80,76.83
197.84,74.60
197.88,77.47
197.92,75.61
197.96,75.53
198.00,74.14
198.04,77.08
198.08,75.13
198.12,74.36
198.16,74.32
198.20,74.92
198.24,74.55
198.28,73.90
198.32,72.27
198.36,73.53
198.40,73.25
198.44,75.46
198.48,72.43
198.52,74.48
198.56,74.07
198.60,73.79
198.64,72.71
198.68,72.36
198.72,71.27
198.76,70.71
198.80,73.31
198.84,72.70
198.88,72.26
198.92,70.80
198.96,73.30
199.00,71.64
199.04,72.05
199.08,69.74
199.12,72.83
199.16,71.62
199.20,72.00
199.24,73.06
199.28,73.22
199.32,73.81
199.36,73.10
199.40,72.68
199.44,73.67
199.48,72.61
199.52,74.93
199.56,73.31
199.60,72.56
199.64,73.12
199.68,75.34
199.72,75.82
199.76,73.84
199.80,74.00
199.84,76.36
199.88,73.14
199.92,73.84
199.96,73.66
200.00,76.58
200.04,77.59
200.08,75.57
200.12,75.20
200.16,75.68
200.20,77.21
200.24,75.50
200.28,76.77
200.32,77.61
200.36,75.50
200.40,77.97
200.44,77.75
200.48,79.51
200.52,78.54
200.56,79.42
200.60,77.25
200.64,78.05
200.68,77.56
200.72,79.68
200.76,79.33
200.80,78.84
200.84,77.51
200.88,78.44
200.92,79.30
200.96,79.31
201.00,79.12
201.04,79.60
201.08,78.93
201.12,80.28
201.16,79.08
201.20,78.51
201.24,78.40
201.28,78.93
201.32,79.13
201.36,77.30
201.40,78.39
201.44,78.64
201.48,77.68
201.52,77.26
201.56,80.03
201.60,79.41
201.64,78.93
201.68,78.28
201.72,76.12
201.76,76.71
201.80,77.03
201.84,76.94
201.88,76.13
201.92,76.10
201.96,76.62
202.00,77.41
202.04,74.99
202.08,77.95
202.12,74.93
202.16,74.72
202.20,75.15
202.24,73.12
202.28,76.06
202.32,74.84
202.36,74.19
202.40,74.88
202.44,74.09
202.48,73.55
202.52,74.10
202.56,72.70
202.60,74.31
202.64,73.50
202.68,72.97
202.72,75.17
202.76,74.11
202.80,73.02
202.84,74.19
202.88,72.51
202.92,72.12
202.96,73.14
203.00,73.48
203.04,72.26
203.08,72.71
203.12,73.75
203.16,73.57
203.20,75.01
203.24,74.00
203.28,73.47
203.32,73.61
203.36,73.49
203.40,74.91
203.44,74.70
203.48,74.77
203.52,72.82
203.56,75.00
203.60,74.77
203.64,74.72
203.68,74.85
203.72,75.52
203.76,76.17
203.80,75.91
203.84,75.61
203.88,75.97
203.92,75.94
203.96,76.60
204.00,76.46
204.04,76.92
204.08,77.87
204.12,78.50
204.16,78.31
204.20,78.49
204.24,78.32
204.28,77.65
204.32,77.71
204.36,77.69
204.40,78.75
204.44,79.17
204.48,79.31
204.52,81.15
204.56,78.48
204.60,79.68
204.64,79.36
204.68,80.48
204.72,79.60
204.76,80.00
204.80,80.45
204.84,79.46
204.88,80.56
204.92,78.38
204.96,79.67
205.00,80.49
205.04,80.61
205.08,80.11
205.12,80.36
205.16,81.40
205.20,81.37
205.24,79.59
205.28,80.24
205.32,79.43
205.36,80.78
205.40,78.88
205.44,79.76
205.48,79.36
205.52,78.41
205.56,80.06
205.60,79.85
205.64,80.05
205.68,77.98
205.72,79.31
205.76,79.72
205.80,77.82
205.84,78.34
205.88,77.03
205.92,76.55
205.96,77.00
206.00,77.31
206.04,77.66
206.08,76.38
206.12,76.54
206.16,77.38
206.20,75.61
206.24,75.89
206.28,76.98
206.32,76.10
206.36,75.92
206.40,74.90
206.44,77.43
206.48,75.77
206.52,76.22
206.56,74.84
206.60,74.66
206.64,75.22
206.68,74.65
206.72,74.01
206.76,76.47
206.80,74.14
206.84,75.00
206.88,73.38
206.92,74.77
206.96,75.26
207.00,73.46
207.04,75.01
207.08,74.59
207.12,74.83
207.16,75.62
207.20,77.57
207.24,75.66
207.28,74.90
207.32,75.38
207.36,76.92
207.40,76.32
207.44,74.63
207.48,76.70
207.52,76.41
207.56,74.60
207.60,77.47
207.64,75.98
207.68,76.41
207.72,75.79
207.76,78.59
207.80,76.96
207.84,79.13
207.88,75.83
207.92,77.11
207.96,77.30
208.00,77.93
208.04,78.89
208.08,77.14
208.12,79.20
208.16,80.38
208.20,77.25
208.24,77.88
208.28,78.70
208.32,78.85
208.36,79.63
208.40,80.09
208.44,81.17
208.48,79.23
208.52,80.60
208.56,80.69
208.60,82.05
208.64,79.47
208.68,79.99
208.72,80.78
208.76,80.00
208.80,81.41
208.84,80.78
208.88,78.99
208.92,80.80
208.96,80.18
209.00,81.34
209.04,81.49
209.08,82.37
209.12,81.74
209.16,79.90
209.20,80.21
209.24,80.70
209.28,79.53
209.32,79.36
209.36,80.21
209.40,78.90
209.44,80.20
209.48,79.03
209.52,81.33
209.56,79.47
209.60,80.05
209.64,78.78
209.68,79.50
209.72,79.86
209.76,79.65
209.80,78.35
209.84,78.46
209.88,76.66
209.92,77.87
209.96,76.95
210.00,78.56
210.04,79.98
210.08,77.83
210.12,77.35
210.16,76.25
210.20,77.59
210.24,76.92
210.28,76.88
210.32,76.34
210.36,75.48
210.40,76.56
210.44,76.00
210.48,75.09
210.52,74.64
210.56,76.27
210.60,75.16
210.64,75.39
210.68,74.93
210.72,76.37
210.76,75.76
210.80,75.93
210.84,74.82
210.88,75.35
210.92,76.24
210.96,75.73
211.00,74.11
211.04,75.85
211.08,73.88
211.12,74.34
211.16,74.14
211.20,76.53
211.24,74.51
211.28,76.30
211.32,73.78
211.36,75.93
211.40,74.76
211.44,76.42
211.48,75.84
211.52,77.23
211.56,75.13
211.60,76.77
211.64,76.27
211.68,75.61
211.72,75.83
211.76,76.71
211.80,75.78
211.84,76.55
211.88,76.85
211.92,76.45
211.96,78.71
212.00,78.47
212.04,76.65
212.08,79.14
212.12,78.78
212.16,77.48
212.20,78.44
212.24,78.30
212.28,80.09
212.32,79.99
212.36,78.76
212.40,79.74
212.44,80.59
212.48,78.11
212.52,80.44
212.56,81.37
212.60,81.43
212.64,81.28
212.68,81.29
212.72,82.03
212.76,80.67
212.80,80.15
212.84,79.97
212.88,80.14
212.92,82.55
212.96,82.13
213.00,79.88
213.04,80.37
213.08,79.49
213.12,80.06
213.16,81.26
213.20,81.06
213.24,80.32
213.28,80.50
213.32,79.49
213.36,82.07
213.40,81.60
213.44,79.66
213.48,80.42
213.52,78.66
213.56,80.46
213.60,80.12
213.64,77.92
213.68,79.98
213.72,78.98
213.76,80.07
213.80,79.87
213.84,80.10
213.88,76.30
213.92,77.54
213.96,77.88
214.00,78.73
214.04,78.46
214.08,77.96
214.12,76.66
214.16,76.30
214.20,75.56
214.24,75.44
214.28,76.20
214.32,75.90
214.36,77.01
214.40,75.13
214.44,75.24
214.48,75.36
214.52,75.51
214.56,74.73
214.60,75.13
214.64,74.66
214.68,74.91
214.72,74.29
214.76,73.08
214.80,73.42
214.84,74.10
214.88,75.46
214.92,73.43
214.96,73.34
215.00,72.02
215.04,75.06
215.08,72.70
215.12,74.32
215.16,73.22
215.20,75.43
215.24,74.05
215.28,73.72
215.32,74.19
215.36,74.44
215.40,76.39
215.44,74.59
215.48,74.94
215.52,74.70
215.56,75.29
215.60,76.46
215.64,75.66
215.68,75.46
215.72,74.44
215.76,75.60
215.80,76.13
215.84,76.14
215.88,76.98
215.92,77.68
215.96,75.34
216.00,77.29
216.04,77.44
216.08,78.85
216.12,75.83
216.16,79.21
216.20,77.90
216.24,77.63
216.28,77.59
216.32,80.22
216.36,78.73
216.40,77.13
216.44,80.34
216.48,79.47
216.52,78.39
216.56,79.19
216.60,79.27
216.64,79.14
216.68,77.77
216.72,79.33
216.76,79.93
216.80,79.39
216.84,79.32
216.88,79.97
216.92,80.83
216.96,78.44
217.00,79.93
217.04,80.44
217.08,78.70
217.12,79.64
217.16,77.31
217.20,79.88
217.24,78.29
217.28,79.00
217.32,79.12
217.36,79.61
217.40,78.65
217.44,79.72
217.48,79.65
217.52,77.32
217.56,78.92
217.60,76.74
217.64,78.06
217.68,76.60
217.72,77.97
217.76,76.03
217.80,76.68
217.84,78.74
217.88,77.04
217.92,75.71
217.96,78.12
218.00,74.17
218.04,76.80
218.08,75.21
218.12,76.14
218.16,75.98
218.20,74.21
218.24,73.89
218.28,74.47
218.32,74.59
218.36,74.33
218.40,74.05
218.44,75.36
218.48,74.62
218.52,74.54
218.56,72.80
218.60,75.42
218.64,73.06
218.68,73.59
218.72,72.98
218.76,74.08
218.80,73.30
218.84,73.88
218.88,74.51
218.92,73.60
218.96,72.38
219.00,74.35
219.04,72.38
219.08,72.68
219.12,72.32
219.16,71.84
219.20,73.05
219.24,70.98
219.28,72.52
219.32,72.55
219.36,73.36
219.40,72.03
219.44,73.04
219.48,73.47
219.52,73.74
219.56,73.82
219.60,74.41
219.64,73.67
219.68,73.75
219.72,74.41
219.76,74.38
219.80,74.98
219.84,74.10
219.88,75.10
219.92,73.83
219.96,76.09
220.00,75.85
220.04,76.30
220.08,75.86
220.12,76.04
220.16,75.54
220.20,74.88
220.24,75.70
220.28,75.67
220.32,77.77
220.36,76.10
220.40,77.12
220.44,77.65
220.48,76.50
220.52,77.72
220.56,78.24
220.60,77.95
220.64,79.14
220.68,78.48
220.72,76.90
220.76,77.43
220.80,78.22
220.84,78.71
220.88,77.70
220.92,77.97
220.96,76.95
221.00,77.86
221.04,80.01
221.08,77.49
221.12,76.55
221.16,78.70
221.20,79.40
221.24,78.36
221.28,77.33
221.32,77.62
221.36,77.58
221.40,79.07
221.44,76.09
221.48,78.42
221.52,75.65
221.56,77.24
221.60,76.65
221.64,76.16
221.68,76.49
221.72,75.83
221.76,76.20
221.80,77.16
221.84,77.89
221.88,75.62
221.92,74.11
221.96,75.76
222.00,76.12
222.04,75.95
222.08,74.98
222.12,74.24
222.16,74.01
222.20,72.14
222.24,73.06
222.28,73.12
222.32,73.92
222.36,72.62
222.40,72.06
222.44,72.15
222.48,73.73
222.52,71.88
222.56,73.21
222.60,72.33
222.64,73.06
222.68,73.31
222.72,71.95
222.76,73.07
222.80,71.46
222.84,72.36
222.88,72.90
222.92,69.78
222.96,71.78
223.00,72.91
223.04,72.02
223.08,71.48
223.12,72.19
223.16,72.11
223.20,72.89
223.24,71.98
223.28,71.56
223.32,70.86
223.36,71.86
223.40,70.90
223.44,72.46
223.48,73.22
223.52,74.25
223.56,72.39
223.60,73.28
223.64,73.49
223.68,71.68
223.72,73.04
223.76,73.84
223.80,73.97
223.84,71.91
223.88,73.14
223.92,75.12
223.96,73.62
224.00,75.44
224.04,73.48
224.08,74.01
224.12,74.31
224.16,76.28
224.20,75.55
224.24,76.22
224.28,76.78
224.32,75.96
224.36,75.12
224.40,75.65
224.44,77.97
224.48,77.01
224.52,75.75
224.56,76.81
224.60,76.74
224.64,77.67
224.68,76.54
224.72,76.40
224.76,77.93
224.80,79.32
224.84,79.02
224.88,76.91
224.92,75.57
224.96,78.30
225.00,77.14
225.04,77.19
225.08,78.51
225.12,77.69
225.16,76.41
225.20,78.08
225.24,75.26
225.28,76.26
225.32,78.52
225.36,76.38
225.40,76.82
225.44,75.28
225.48,76.93
225.52,77.39
225.56,74.51
225.60,76.60
225.64,76.92
225.68,75.74
225.72,76.24
225.76,73.47
225.80,76.09
225.84,73.97
225.88,74.34
225.92,72.30
225.96,73.66
226.00,74.14
226.04,74.34
226.08,73.96
226.12,74.47
226.16,74.08
226.20,73.68
226.24,73.59
226.28,70.29
226.32,69.79
226.36,70.92
226.40,68.50
226.44,70.92
226.48,68.83
226.52,67.01
226.56,67.45
226.60,67.06
226.64,65.10
226.68,66.15
226.72,66.74
226.76,65.42
226.80,64.76
226.84,65.65
226.88,66.39
226.92,64.58
226.96,64.80
227.00,65.30
227.04,66.84
227.08,65.43
227.12,67.46
227.16,66.03
227.20,66.70
227.24,66.97
227.28,68.79
227.32,73.57
227.36,73.36
227.40,76.37
227.44,74.82
227.48,78.70
227.52,78.30
227.56,82.32
227.60,81.85
227.64,81.86
227.68,84.35
227.72,84.76
227.76,85.88
227.80,87.07
227.84,88.22
227.88,88.88
227.92,90.52
227.96,89.11
228.00,88.95
228.04,92.94
228.08,92.37
228.12,94.29
228.16,93.29
228.20,93.53
228.24,93.66
228.28,94.57
228.32,94.66
228.36,95.29
228.40,94.27
228.44,94.47
228.48,96.10
228.52,96.81
228.56,96.14
228.60,97.18
228.64,95.09
228.68,98.32
228.72,95.49
228.76,97.13
228.80,97.73
228.84,97.34
228.88,98.90
228.92,99.10
228.96,96.43
229.00,97.52
229.04,99.63
229.08,98.10
229.12,98.26
229.16,98.66
229.20,98.66
229.24,97.49
229.28,97.61
229.32,98.80
229.36,97.59
229.40,96.86
229.44,95.49
229.48,97.08
229.52,95.83
229.56,95.76
229.60,95.95
229.64,95.13
229.68,94.28
229.72,95.43
229.76,93.95
229.80,94.52
229.84,94.33
229.88,92.31
229.92,94.71
229.96,93.33
230.00,94.24
230.04,91.76
230.08,92.32
230.12,91.65
230.16,93.21
230.20,92.91
230.24,92.07
230.28,91.96
230.32,90.72
230.36,88.79
230.40,92.22
230.44,91.46
230.48,89.65
230.52,90.10
230.56,90.76
230.60,90.09
230.64,90.13
230.68,88.90
230.72,88.22
230.76,88.77
230.80,88.12
230.84,87.69
230.88,88.14
230.92,86.60
230.96,86.24
231.00,87.24
231.04,86.00
231.08,87.75
231.12,87.16
231.16,86.48
231.20,86.63
231.24,87.63
231.28,87.23
231.32,86.32
231.36,86.28
231.40,86.51
231.44,85.98
231.48,86.78
231.52,86.37
231.56,85.63
231.60,86.23
231.64,86.94
231.68,87.06
231.72,88.26
231.76,85.93
231.80,87.84
231.84,86.92
231.88,87.33
231.92,85.91
231.96,87.01
232.00,87.29
232.04,87.43
232.08,87.57
232.12,88.83
232.16,88.55
232.20,88.99
232.24,86.29
232.28,88.03
232.32,88.13
232.36,88.27
232.40,89.21
232.44,88.14
232.48,87.94
232.52,89.01
232.56,87.86
232.60,86.97
232.64,89.32
232.68,87.29
232.72,87.21
232.76,89.06
232.80,89.73
232.84,87.66
232.88,87.91
232.92,88.14
232.96,89.31
233.00,87.31
233.04,89.61
233.08,87.27
233.12,87.85
233.16,88.06
233.20,86.76
233.24,86.36
233.28,87.73
233.32,86.90
233.36,87.22
233.40,87.32
233.44,85.70
233.48,85.93
233.52,85.52
233.56,86.25
233.60,86.63
233.64,86.59
233.68,86.34
233.72,84.47
233.76,85.26
233.80,84.30
233.84,84.31
233.88,83.96
233.92,83.98
233.96,83.99
234.00,82.53
234.04,82.20
234.08,82.80
234.12,82.51
234.16,81.59
234.20,81.89
234.24,82.73
234.28,81.15
234.32,81.88
234.36,79.95
234.40,80.14
234.44,80.73
234.48,80.23
234.52,80.50
234.56,79.81
234.60,80.28
234.64,79.99
234.68,78.45
234.72,80.42
234.76,78.09
234.80,79.75
234.84,79.79
234.88,79.28
234.92,79.32
234.96,79.34
235.00,78.90
235.04,78.32
235.08,76.69
235.12,78.12
235.16,78.06
235.20,79.75
235.24,77.68
235.28,78.64
235.32,77.74
235.36,78.44
235.40,77.13
235.44,79.56
235.48,78.49
235.52,78.17
235.56,79.58
235.60,79.48
235.64,80.17
235.68,80.88
235.72,78.13
235.76,78.77
235.80,79.14
235.84,81.21
235.88,78.63
235.92,78.79
235.96,79.71
236.00,80.17
236.04,81.29
236.08,80.98
236.12,82.30
236.16,81.19
236.20,80.75
236.24,82.65
236.28,82.41
236.32,80.83
236.36,80.67
236.40,81.78
236.44,82.78
236.48,83.36
236.52,82.51
236.56,81.07
236.60,83.33
236.64,82.75
236.68,82.08
236.72,82.00
236.76,81.98
236.80,83.38
236.84,82.44
236.88,82.83
236.92,82.67
236.96,83.38
237.00,79.61
237.04,82.17
237.08,82.90
237.12,82.91
237.16,80.98
237.20,81.24
237.24,83.10
237.28,82.02
237.32,80.08
237.36,81.84
237.40,82.12
237.44,79.57
237.48,81.75
237.52,83.11
237.56,80.92
237.60,80.29
237.64,81.35
237.68,78.86
237.72,81.15
237.76,78.87
237.80,79.07
237.84,80.88
237.88,79.31
237.92,78.35
237.96,80.46
238.00,77.90
238.04,78.01
238.08,79.59
238.12,78.03
238.16,78.35
238.20,77.96
238.24,77.18
238.28,78.15
238.32,76.78
238.36,77.71
238.40,77.39
238.44,78.02
238.48,76.80
238.52,75.77
238.56,73.78
238.60,76.80
238.64,74.60
238.68,77.04
238.72,75.81
238.76,76.91
238.80,75.77
238.84,75.46
238.88,74.22
238.92,74.50
238.96,74.49
239.00,74.85
239.04,75.57
239.08,76.11
239.12,74.66
239.16,74.89
239.20,75.41
239.24,75.09
239.28,76.08
239.32,76.80
239.36,77.29
239.40,77.25
239.44,76.17
239.48,75.98
239.52,75.29
239.56,74.96
239.60,76.98
239.64,75.61
239.68,77.17
239.72,77.34
239.76,76.04
239.80,76.38
239.84,78.27
239.88,77.68
239.92,77.58
239.96,78.64
240.00,78.36
240.04,77.51
240.08,78.44
240.12,78.27
240.16,79.03
240.20,77.92
240.24,78.24
240.28,80.19
240.32,78.78
240.36,78.82
240.40,80.07
240.44,79.63
240.48,79.52
240.52,79.38
240.56,79.13
240.60,79.84
240.64,79.62
240.68,80.85
240.72,79.46
240.76,82.29
240.80,79.98
240.84,80.29
240.88,81.53
240.92,81.48
240.96,81.20
241.00,80.60
241.04,80.89
241.08,79.58
241.12,81.34
241.16,81.47
241.20,82.86
241.24,82.55
241.28,80.83
241.32,79.37
241.36,80.94
241.40,81.36
241.44,80.25
241.48,80.58
241.52,79.37
241.56,79.23
241.60,79.31
241.64,80.26
241.68,79.38
241.72,79.72
241.76,78.57
241.80,80.06
241.84,77.08
241.88,77.70
241.92,77.98
241.96,80.85
242.00,76.19
242.04,77.31
242.08,78.88
242.12,76.58
242.16,77.41
242.20,77.90
242.24,77.08
242.28,76.42
242.32,76.59
242.36,76.56
242.40,76.40
242.44,76.57
242.48,75.41
242.52,74.87
242.56,75.71
242.60,74.96
242.64,75.94
242.68,75.05
242.72,73.98
242.76,73.74
242.80,77.02
242.84,75.29
242.88,75.84
242.92,74.71
242.96,75.05
243.00,74.39
243.04,75.74
243.08,75.06
243.12,74.36
243.16,75.55
243.20,76.02
243.24,75.75
243.28,73.60
243.32,74.70
243.36,74.95
243.40,75.94
243.44,75.13
243.48,77.80
243.52,76.20
243.56,76.42
243.60,76.59
243.64,75.59
243.68,77.77
243.72,77.10
243.76,78.84
243.80,78.55
243.84,77.85
243.88,77.45
243.92,76.05
243.96,77.64
244.00,76.94
244.04,78.71
244.08,79.08
244.12,79.07
244.16,78.67
244.20,78.08
244.24,78.64
244.28,80.24
244.32,77.74
244.36,80.13
244.40,79.97
244.44,80.12
244.48,81.12
244.52,80.50
244.56,81.14
244.60,79.64
244.64,79.25
244.68,81.34
244.72,82.67
244.76,79.94
244.80,82.33
244.84,80.37
244.88,80.81
244.92,81.48
244.96,82.42
245.00,82.52
245.04,81.07
245.08,81.43
245.12,80.20
245.16,80.88
245.20,81.35
245.24,81.08
245.28,79.83
245.32,79.26
245.36,80.91
245.40,80.50
245.44,79.12
245.48,81.23
245.52,80.39
245.56,79.95
245.60,79.36
245.64,79.79
245.68,80.19
245.72,79.73
245.76,79.52
245.80,79.64
245.84,78.63
245.88,78.21
245.92,78.81
245.96,79.95
246.00,80.17
246.04,76.61
246.08,78.70
246.12,77.90
246.16,78.85
246.20,78.67
246.24,76.70
246.28,78.32
246.32,76.73
246.36,76.01
246.40,76.48
246.44,76.67
246.48,76.83
246.52,76.35
246.56,75.79
246.60,77.67
246.64,77.35
246.68,75.85
246.72,76.48
246.76,75.00
246.80,75.74
246.84,75.86
246.88,74.19
246.92,75.87
246.96,74.80
247.00,74.97
247.04,75.36
247.08,74.38
247.12,74.45
247.16,77.68
247.20,75.69
247.24,75.24
247.28,74.44
247.32,75.57
247.36,75.10
247.40,74.94
247.44,75.54
247.48,77.18
247.52,76.83
247.56,78.60
247.60,74.94
247.64,76.35
247.68,76.20
247.72,76.86
247.76,77.28
247.80,78.02
247.84,79.62
247.88,77.65
247.92,78.19
247.96,79.47
248.00,79.30
248.04,77.89
248.08,79.06
248.12,80.63
248.16,79.57
248.20,79.21
248.24,81.30
248.28,80.44
248.32,79.64
248.36,78.81
248.40,78.39
248.44,81.29
248.48,81.26
248.52,80.22
248.56,80.96
248.60,80.99
248.64,80.97
248.68,81.26
248.72,81.75
248.76,80.59
248.80,81.11
248.84,79.94
248.88,81.15
248.92,82.26
248.96,81.87
249.00,81.11
249.04,82.03
249.08,79.76
249.12,82.60
249.16,80.52
249.20,80.32
249.24,81.03
249.28,80.57
249.32,80.78
249.36,82.67
249.40,81.80
249.44,79.90
249.48,80.33
249.52,81.07
249.56,80.31
249.60,79.81
249.64,80.65
249.68,80.84
249.72,80.35
249.76,79.75
249.80,79.64
249.84,79.71
249.88,77.59
249.92,78.46
249.96,79.74
250.00,78.52
250.04,77.99
250.08,79.76
250.12,78.52
250.16,76.40
250.20,79.77
250.24,77.56
250.28,76.51
250.32,78.43
250.36,78.63
250.40,77.13
250.44,76.97
250.48,75.93
250.52,77.67
250.56,77.33
250.60,78.09
250.64,76.06
250.68,75.55
250.72,76.29
250.76,75.29
250.80,76.47
250.84,76.54
250.88,74.55
250.92,76.74
250.96,75.58
251.00,76.23
251.04,75.88
251.08,75.16
251.12,75.22
251.16,76.51
251.20,74.71
251.24,77.23
251.28,75.95
251.32,74.98
251.36,76.87
251.40,76.34
251.44,76.11
251.48,77.29
251.52,75.44
251.56,76.55
251.60,78.41
251.64,79.97
251.68,78.41
251.72,77.98
251.76,79.13
251.80,79.02
251.84,79.36
251.88,78.65
251.92,77.83
251.96,79.03
252.00,79.17
252.04,78.89
252.08,79.06
252.12,78.24
252.16,80.56
252.20,80.36
252.24,79.96
252.28,80.12
252.32,80.07
252.36,79.62
252.40,80.21
252.44,79.55
252.48,79.97
252.52,81.70
252.56,80.75
252.60,82.42
252.64,81.58
252.68,81.58
252.72,78.92
252.76,81.55
252.80,81.92
252.84,81.18
252.88,82.38
252.92,80.67
252.96,82.13
253.00,82.53
253.04,81.38
253.08,82.58
253.12,81.77
253.16,81.99
253.20,83.10
253.24,81.12
253.28,81.43
253.32,80.63
253.36,81.81
253.40,80.99
253.44,81.11
253.48,81.72
253.52,80.31
253.56,81.25
253.60,80.32
253.64,80.27
253.68,81.28
253.72,80.76
253.76,78.95
253.80,79.29
253.84,80.39
253.88,77.80
253.92,79.25
253.96,79.17
254.00,78.91
254.04,80.15
254.08,79.99
254.12,78.04
254.16,79.63
254.20,78.02
254.24,78.61
254.28,77.05
254.32,77.81
254.36,77.32
254.40,77.76
254.44,77.30
254.48,77.99
254.52,76.62
254.56,77.80
254.60,76.17
254.64,76.35
254.68,76.73
254.72,77.16
254.76,74.91
254.80,76.35
254.84,76.87
254.88,75.70
254.92,75.93
254.96,75.84
255.00,76.99
255.04,76.02
255.08,75.06
255.12,76.90
255.16,74.86
255.20,76.75
255.24,75.13
255.28,76.95
255.32,76.07
255.36,76.59
255.40,76.21
255.44,78.02
255.48,74.70
255.52,77.29
255.56,75.76
255.60,77.19
255.64,76.93
255.68,77.08
255.72,77.55
255.76,77.62
255.80,76.19
255.84,79.29
255.88,78.69
255.92,77.43
255.96,78.50
256.00,78.59
256.04,78.70
256.08,79.13
256.12,79.50
256.16,80.41
256.20,80.17
256.24,80.38
256.28,79.20
256.32,80.20
256.36,81.61
256.40,82.06
256.44,81.92
256.48,82.91
256.52,81.14
256.56,80.28
256.60,81.90
256.64,79.93
256.68,80.23
256.72,80.19
256.76,78.80
256.80,80.46
256.84,79.05
256.88,78.32
256.92,77.14
256.96,76.80
257.00,77.40
257.04,76.98
257.08,76.35
257.12,76.58
257.16,77.59
257.20,75.59
257.24,76.30
257.28,77.40
257.32,78.11
257.36,76.77
257.40,76.32
257.44,75.01
257.48,76.39
257.52,76.75
257.56,76.97
257.60,77.84
257.64,79.02
257.68,82.02
257.72,81.93
257.76,84.22
257.80,83.60
257.84,85.57
257.88,84.57
257.92,85.20
257.96,89.19
258.00,89.10
258.04,90.94
258.08,90.22
258.12,90.51
258.16,90.60
258.20,92.50
258.24,91.45
258.28,92.44
258.32,92.89
258.36,93.22
258.40,93.44
258.44,91.58
258.48,91.95
258.52,93.59
258.56,93.37
258.60,94.41
258.64,94.38
258.68,94.05
258.72,94.03
258.76,94.03
258.80,94.91
258.84,94.53
258.88,93.28
258.92,94.87
258.96,94.73
259.00,94.43
259.04,94.44
259.08,95.09
259.12,94.41
259.16,95.60
259.20,93.59
259.24,94.80
259.28,95.46
259.32,94.04
259.36,95.58
259.40,94.90
259.44,95.67
259.48,96.25
259.52,96.23
259.56,95.85
259.60,96.13
259.64,94.15
259.68,96.80
259.72,97.20
259.76,97.92
259.80,96.76
259.84,96.22
259.88,95.33
259.92,97.50
259.96,96.35
260.00,96.89
260.04,98.30
260.08,97.79
260.12,97.05
260.16,97.89
260.20,99.55
260.24,96.86
260.28,96.82
260.32,98.54
260.36,98.23
260.40,97.76
260.44,97.26
260.48,99.76
260.52,99.27
260.56,98.16
260.60,99.37
260.64,97.22
260.68,98.55
260.72,96.16
260.76,97.36
260.80,96.83
260.84,97.50
260.88,98.79
260.92,98.34
260.96,95.78
261.00,97.70
261.04,99.17
261.08,96.15
261.12,96.96
261.16,96.75
261.20,97.93
261.24,95.59
261.28,96.05
261.32,96.39
261.36,96.03
261.40,95.13
261.44,95.64
261.48,95.70
261.52,95.87
261.56,95.83
261.60,94.61
261.64,93.43
261.68,93.47
261.72,93.38
261.76,92.99
261.80,93.06
261.84,93.36
261.88,93.66
261.92,91.77
261.96,92.69
262.00,91.09
262.04,90.93
262.08,92.79
262.12,91.68
262.16,89.56
262.20,89.23
262.24,88.37
262.28,87.81
262.32,90.11
262.36,88.58
262.40,88.41
262.44,88.82
262.48,87.90
262.52,89.04
262.56,87.79
262.60,86.63
262.64,87.26
262.68,86.67
262.72,86.33
262.76,85.72
262.80,84.85
262.84,87.29
262.88,87.48
262.92,86.44
262.96,85.57
263.00,85.51
263.04,85.45
263.08,86.18
263.12,86.85
263.16,85.12
263.20,84.57
263.24,83.31
263.28,84.83
263.32,84.60
263.36,86.07
263.40,86.10
263.44,85.35
263.48,86.21
263.52,84.64
263.56,84.32
263.60,83.40
263.64,85.55
263.68,84.89
263.72,85.34
263.76,84.91
263.80,86.49
263.84,85.61
263.88,85.84
263.92,86.89
263.96,87.07
264.00,85.32
264.04,86.92
264.08,85.00
264.12,87.04
264.16,85.91
264.20,85.86
264.24,87.85
264.28,88.41
264.32,87.61
264.36,87.17
264.40,86.28
264.44,87.18
264.48,85.83
264.52,87.53
264.56,86.91
264.60,87.97
264.64,88.14
264.68,84.55
264.72,87.09
264.76,87.25
264.80,86.67
264.84,86.24
264.88,87.37
264.92,87.71
264.96,87.01
265.00,87.72
265.04,87.86
265.08,86.81
265.12,88.22
265.16,86.29
265.20,86.32
265.24,86.55
265.28,85.92
265.32,85.71
265.36,84.30
265.40,86.30
265.44,83.80
265.48,85.30
265.52,83.89
265.56,84.65
265.60,84.18
265.64,83.83
265.68,83.39
265.72,83.89
265.76,83.25
265.80,82.62
265.84,84.57
265.88,83.53
265.92,82.05
265.96,82.74
266.00,82.25
266.04,82.23
266.08,80.81
266.12,79.63
266.16,79.80
266.20,82.26
266.24,81.13
266.28,80.63
266.32,81.53
266.36,79.55
266.40,79.76
266.44,79.24
266.48,80.04
266.52,80.39
266.56,78.95
266.60,79.81
266.64,78.19
266.68,79.52
266.72,78.62
266.76,79.96
266.80,78.51
266.84,78.61
266.88,77.35
266.92,78.06
266.96,78.03
267.00,77.96
267.04,78.36
267.08,77.15
267.12,77.95
267.16,76.73
267.20,76.95
267.24,76.86
267.28,78.03
267.32,76.66
267.36,77.53
267.40,78.14
267.44,78.00
267.48,78.34
267.52,78.41
267.56,77.90
267.60,79.12
267.64,76.83
267.68,79.04
267.72,81.56
267.76,78.78
267.80,80.75
267.84,78.92
267.88,78.45
267.92,80.19
267.96,80.41
268.00,80.19
268.04,78.84
268.08,80.65
268.12,79.69
268.16,80.94
268.20,79.92
268.24,81.09
268.28,79.69
268.32,80.23
268.36,82.10
268.40,80.82
268.44,81.48
268.48,81.30
268.52,81.80
268.56,83.23
268.60,81.10
268.64,81.84
268.68,81.76
268.72,81.52
268.76,81.77
268.80,83.09
268.84,81.24
268.88,81.10
268.92,82.75
268.96,82.63
269.00,82.24
269.04,81.67
269.08,82.10
269.12,81.44
269.16,81.49
269.20,82.20
269.24,81.18
269.28,82.14
269.32,80.85
269.36,81.02
269.40,81.30
269.44,81.55
269.48,81.20
269.52,79.76
269.56,80.08
269.60,81.02
269.64,79.07
269.68,81.36
269.72,79.37
269.76,79.05
269.80,78.81
269.84,79.20
269.88,79.40
269.92,79.93
269.96,78.64
270.00,79.38
270.04,76.82
270.08,76.95
270.12,78.43
270.16,77.35
270.20,77.46
270.24,76.46
270.28,77.34
270.32,77.66
270.36,75.68
270.40,75.34
270.44,75.07
270.48,76.08
270.52,75.13
270.56,74.72
270.60,75.88
270.64,77.13
270.68,73.84
270.72,74.81
270.76,73.37
270.80,74.17
270.84,75.00
270.88,75.24
270.92,75.13
270.96,74.71
271.00,75.47
271.04,74.51
271.08,73.24
271.12,74.84
271.16,72.87
271.20,74.33
271.24,74.75
271.28,73.57
271.32,74.78
271.36,76.32
271.40,74.93
271.44,74.74
271.48,75.73
271.52,75.81
271.56,76.69
271.60,75.80
271.64,76.17
271.68,77.08
271.72,76.54
271.76,74.86
271.80,77.30
271.84,77.25
271.88,75.85
271.92,76.59
271.96,77.10
272.00,76.78
272.04,77.40
272.08,78.05
272.12,76.02
272.16,77.71
272.20,79.53
272.24,78.52
272.28,79.06
272.32,79.14
272.36,78.60
272.40,80.45
272.44,79.09
272.48,79.14
272.52,77.82
272.56,79.97
272.60,78.53
272.64,80.32
272.68,78.36
272.72,80.74
272.76,80.77
272.80,79.99
272.84,79.02
272.88,79.93
272.92,80.39
272.96,78.62
273.00,79.51
273.04,78.27
273.08,79.03
273.12,79.50
273.16,79.72
273.20,80.55
273.24,78.69
273.28,78.87
273.32,79.21
273.36,79.89
273.40,79.01
273.44,79.90
273.48,79.30
273.52,78.42
273.56,79.37
273.60,78.59
273.64,78.19
273.68,77.51
273.72,77.11
273.76,78.44
273.80,79.11
273.84,79.15
273.88,76.83
273.92,75.90
273.96,78.15
274.00,76.64
274.04,75.03
274.08,77.58
274.12,75.48
274.16,75.45
274.20,74.62
274.24,76.13
274.28,73.24
274.32,76.00
274.36,74.48
274.40,75.42
274.44,76.15
274.48,73.74
274.52,74.97
274.56,74.30
274.60,73.51
274.64,74.45
274.68,72.61
274.72,73.42
274.76,73.97
274.80,74.15
274.84,73.72
274.88,74.70
274.92,75.44
274.96,74.47
275.00,75.28
275.04,74.37
275.08,73.46
275.12,72.94
275.16,74.59
275.20,74.79
275.24,74.09
275.28,73.88
275.32,73.42
275.36,74.55
275.40,73.00
275.44,76.72
275.48,73.25
275.52,74.78
275.56,74.25
275.60,73.64
275.64,75.27
275.68,74.40
275.72,75.54
275.76,76.82
275.80,75.60
275.84,75.54
275.88,75.19
275.92,78.17
275.96,78.09
276.00,76.97
276.04,77.89
276.08,76.32
276.12,78.19
276.16,77.04
276.20,77.05
276.24,79.90
276.28,77.47
276.32,79.01
276.36,80.57
276.40,77.76
276.44,78.82
276.48,78.57
276.52,78.30
276.56,80.50
276.60,78.45
276.64,79.03
276.68,77.64
276.72,80.26
276.76,79.60
276.80,79.95
276.84,79.64
276.88,79.92
276.92,80.75
276.96,79.43
277.00,79.27
277.04,80.72
277.08,80.56
277.12,78.72
277.16,78.84
277.20,79.43
277.24,80.30
277.28,80.40
277.32,79.27
277.36,79.87
277.40,80.38
277.44,79.27
277.48,77.92
277.52,80.28
277.56,78.66
277.60,78.82
277.64,78.48
277.68,78.70
277.72,79.33
277.76,78.57
277.80,77.86
277.84,78.48
277.88,76.88
277.92,78.17
277.96,78.01
278.00,77.60
278.04,77.08
278.08,76.57
278.12,74.70
278.16,76.62
278.20,76.25
278.24,75.30
278.28,76.61
278.32,76.25
278.36,76.73
278.40,74.86
278.44,76.22
278.48,75.23
278.52,75.62
278.56,74.65
278.60,73.25
278.64,74.60
278.68,74.92
278.72,75.14
278.76,76.47
278.80,73.75
278.84,73.53
278.88,75.19
278.92,75.02
278.96,74.10
279.00,74.34
279.04,72.96
279.08,73.65
279.12,75.56
279.16,74.67
279.20,75.67
279.24,75.13
279.28,73.84
279.32,75.15
279.36,74.74
279.40,75.00
279.44,75.86
279.48,75.04
279.52,74.71
279.56,75.62
279.60,76.00
279.64,77.92
279.68,77.54
279.72,75.76
279.76,76.08
279.80,77.66
279.84,79.00
279.88,77.45
279.92,78.15
279.96,76.59
280.00,78.85
280.04,78.88
280.08,77.77
280.12,76.91
280.16,77.64
280.20,76.95
280.24,78.12
280.28,79.74
280.32,79.29
280.36,78.46
280.40,79.91
280.44,79.71
280.48,80.47
280.52,81.47
280.56,80.24
280.60,80.83
280.64,79.97
280.68,82.07
280.72,81.18
280.76,81.96
280.80,81.45
280.84,81.37
280.88,80.81
280.92,81.46
280.96,82.92
281.00,81.21
281.04,81.05
281.08,81.56
281.12,81.12
281.16,81.33
281.20,81.16
281.24,80.12
281.28,81.42
281.32,81.97
281.36,80.69
281.40,80.01
281.44,79.14
281.48,80.37
281.52,81.56
281.56,81.68
281.60,81.06
281.64,79.80
281.68,78.60
281.72,79.32
281.76,80.82
281.80,77.54
281.84,79.79
281.88,79.56
281.92,77.80
281.96,77.85
282.00,78.53
282.04,77.87
282.08,78.17
282.12,78.09
282.16,78.45
282.20,77.81
282.24,76.19
282.28,78.82
282.32,77.95
282.36,78.03
282.40,78.16
282.44,78.05
282.48,78.00
282.52,76.50
282.56,76.12
282.60,77.15
282.64,75.44
282.68,76.71
282.72,75.51
282.76,74.86
282.80,77.14
282.84,73.99
282.88,76.02
282.92,75.53
282.96,76.09
283.00,75.47
283.04,76.95
283.08,75.59
283.12,74.95
283.16,73.48
283.20,76.11
283.24,74.07
283.28,77.65
283.32,75.04
283.36,76.22
283.40,78.25
283.44,77.97
283.48,77.16
283.52,75.70
283.56,76.97
283.60,78.11
283.64,79.43
283.68,76.35
283.72,78.64
283.76,79.03
283.80,78.58
283.84,78.86
283.88,78.62
283.92,78.07
283.96,79.04
284.00,79.67
284.04,79.16
284.08,79.79
284.12,79.24
284.16,79.61
284.20,80.23
284.24,79.82
284.28,78.73
284.32,79.94
284.36,80.91
284.40,81.59
284.44,80.37
284.48,81.21
284.52,83.38
284.56,81.32
284.60,83.71
284.64,82.70
284.68,80.62
284.72,82.12
284.76,82.62
284.80,81.23
284.84,83.64
284.88,82.33
284.92,83.08
284.96,82.06
285.00,83.33
285.04,81.99
285.08,83.39
285.12,82.00
285.16,83.11
285.20,82.88
285.24,82.79
285.28,81.62
285.32,81.98
285.36,82.16
285.40,79.80
285.44,80.91
285.48,82.70
285.52,80.80
285.56,81.95
285.60,80.23
285.64,82.35
285.68,80.74
285.72,81.50
285.76,81.19
285.80,79.49
285.84,77.96
285.88,79.93
285.92,78.02
285.96,79.99
286.00,80.57
286.04,79.00
286.08,79.91
286.12,79.13
286.16,78.42
286.20,79.91
286.24,79.52
286.28,78.66
286.32,78.16
286.36,80.41
286.40,77.99
286.44,77.42
286.48,77.46
286.52,78.40
286.56,77.76
286.60,75.55
286.64,76.71
286.68,77.81
286.72,76.12
286.76,77.98
286.80,76.65
286.84,77.39
286.88,76.47
286.92,78.08
286.96,77.09
287.00,75.72
287.04,75.93
287.08,76.54
287.12,76.40
287.16,77.82
287.20,78.19
287.24,75.83
287.28,76.59
287.32,78.42
287.36,78.15
287.40,77.08
287.44,78.01
287.48,78.34
287.52,79.07
287.56,79.31
287.60,79.02
287.64,79.47
287.68,78.97
287.72,77.64
287.76,78.40
287.80,79.75
287.84,79.61
287.88,80.52
287.92,78.96
287.96,80.97
288.00,81.16
288.04,79.91
288.08,80.37
288.12,80.34
288.16,81.18
288.20,80.36
288.24,82.59
288.28,82.31
288.32,82.37
288.36,83.39
288.40,81.49
288.44,82.22
288.48,81.82
288.52,82.27
288.56,82.76
288.60,83.03
288.64,84.89
288.68,83.54
288.72,83.43
288.76,83.20
288.80,82.52
288.84,82.35
288.88,82.67
288.92,83.31
288.96,84.10
289.00,83.73
289.04,83.80
289.08,81.89
289.12,84.24
289.16,83.85
289.20,84.06
289.24,83.98
289.28,83.17
289.32,83.89
289.36,83.85
289.40,83.24
289.44,83.70
289.48,84.15
289.52,82.69
289.56,82.86
289.60,82.33
289.64,82.76
289.68,83.06
289.72,82.56
289.76,82.93
289.80,81.37
289.84,80.15
289.88,81.43
289.92,80.77
289.96,81.52
290.00,80.64
290.04,82.67
290.08,81.06
290.12,80.68
290.16,78.99
290.20,79.77
290.24,79.78
290.28,81.67
290.32,81.31
290.36,79.09
290.40,78.15
290.44,78.60
290.48,80.18
290.52,81.53
290.56,78.59
290.60,78.58
290.64,78.50
290.68,79.22
290.72,80.17
290.76,79.91
290.80,78.65
290.84,77.77
290.88,79.69
290.92,77.29
290.96,77.97
291.00,77.68
291.04,77.72
291.08,77.30
291.12,77.92
291.16,77.81
291.20,77.42
291.24,77.97
291.28,79.36
291.32,77.98
291.36,79.05
291.40,78.11
291.44,80.20
291.48,79.07
291.52,79.80
291.56,78.19
291.60,78.62
291.64,78.85
291.68,79.34
291.72,81.46
291.76,81.18
291.80,80.34
291.84,80.40
291.88,80.42
291.92,80.86
291.96,81.18
292.00,80.55
292.04,81.66
292.08,79.74
292.12,82.20
292.16,81.51
292.20,80.57
292.24,82.10
292.28,83.74
292.32,83.48
292.36,84.03
292.40,82.04
292.44,82.38
292.48,82.70
292.52,83.35
292.56,82.70
292.60,82.21
292.64,82.81
292.68,83.16
292.72,82.52
292.76,83.50
292.80,83.38
292.84,82.32
292.88,82.91
292.92,82.43
292.96,83.68
293.00,83.80
293.04,83.07
293.08,83.14
293.12,80.72
293.16,85.07
293.20,83.36
293.24,83.43
293.28,84.80
293.32,82.75
293.36,84.74
293.40,82.01
293.44,83.90
293.48,83.58
293.52,82.97
293.56,83.61
293.60,82.83
293.64,81.41
293.68,83.58
293.72,80.58
293.76,81.11
293.80,80.00
293.84,81.25
293.88,81.57
293.92,81.83
293.96,80.64
294.00,79.59
294.04,79.91
294.08,81.88
294.12,80.71
294.16,81.87
294.20,80.84
294.24,80.18
294.28,79.19
294.32,78.90
294.36,78.58
294.40,78.98
294.44,79.07
294.48,77.73
294.52,77.41
294.56,78.60
294.60,78.16
294.64,78.37
294.68,76.52
294.72,76.77
294.76,79.19
294.80,76.04
294.84,79.21
294.88,79.00
294.92,76.57
294.96,78.60
295.00,77.31
295.04,77.95
295.08,78.19
295.12,78.64
295.16,76.54
295.20,76.88
295.24,77.55
295.28,76.49
295.32,78.48
295.36,76.96
295.40,78.31
295.44,79.61
295.48,77.95
295.52,78.69
295.56,78.86
295.60,77.39
295.64,78.83
295.68,77.46
295.72,78.78
295.76,80.05
295.80,80.95
295.84,79.03
295.88,80.44
295.92,79.20
295.96,79.14
296.00,81.74
296.04,80.57
296.08,79.62
296.12,80.76
296.16,82.02
296.20,81.17
296.24,80.92
296.28,83.26
296.32,83.11
296.36,83.19
296.40,82.10
296.44,83.95
296.48,83.16
296.52,82.95
296.56,82.91
296.60,84.26
296.64,82.22
296.68,82.44
296.72,82.47
296.76,84.64
296.80,83.93
296.84,83.17
296.88,82.18
296.92,83.42
296.96,83.47
297.00,83.23
297.04,83.30
297.08,83.63
297.12,80.46
297.16,82.20
297.20,82.05
297.24,82.23
297.28,81.13
297.32,81.38
297.36,81.22
297.40,81.39
297.44,82.91
297.48,81.66
297.52,83.21
297.56,82.05
297.60,82.34
297.64,81.54
297.68,81.14
297.72,81.42
297.76,81.87
297.80,81.56
297.84,82.03
297.88,80.42
297.92,81.59
297.96,80.43
298.00,77.63
298.04,79.78
298.08,79.11
298.12,80.11
298.16,79.68
298.20,78.96
298.24,78.37
298.28,77.93
298.32,77.90
298.36,77.37
298.40,78.73
298.44,78.24
298.48,77.39
298.52,77.25
298.56,77.08
298.60,76.64
298.64,76.13
298.68,76.23
298.72,77.10
298.76,76.17
298.80,76.79
298.84,77.05
298.88,77.83
298.92,77.40
298.96,75.66
299.00,76.95
299.04,76.33
299.08,75.71
299.12,77.22
299.16,74.61
299.20,75.62
299.24,77.20
299.28,75.57
299.32,75.88
299.36,76.57
299.40,76.16
299.44,77.64
299.48,76.87
299.52,75.59
299.56,77.04
299.60,78.37
299.64,79.19
299.68,77.95
299.72,79.35
299.76,80.05
299.80,77.82
299.84,78.31
299.88,77.30
299.92,79.00
299.96,79.13
