# SIMULARE — semnal generat de genereaza_simulare.py, nu inregistrat. Rol: control pozitiv pentru validarea lantului de analiza.
t_s,bpm
0.00,65.78
0.04,67.06
0.08,65.36
0.12,68.25
0.16,67.48
0.20,68.57
0.24,66.98
0.28,68.56
0.32,68.89
0.36,67.00
0.40,66.76
0.44,69.26
0.48,67.61
0.52,68.38
0.56,69.08
0.60,67.10
0.64,68.90
0.68,67.07
0.72,68.48
0.76,70.28
0.80,68.50
0.84,68.70
0.88,70.16
0.92,70.16
0.96,68.91
1.00,68.92
1.04,69.11
1.08,69.38
1.12,69.85
1.16,70.01
1.20,69.60
1.24,70.17
1.28,69.52
1.32,69.95
1.36,69.44
1.40,68.90
1.44,70.44
1.48,67.49
1.52,68.10
1.56,67.91
1.60,69.54
1.64,67.83
1.68,68.29
1.72,66.97
1.76,66.68
1.80,69.25
1.84,68.88
1.88,68.44
1.92,67.52
1.96,67.24
2.00,69.21
2.04,67.90
2.08,67.73
2.12,66.56
2.16,66.21
2.20,66.15
2.24,65.51
2.28,66.59
2.32,65.00
2.36,65.80
2.40,65.17
2.44,66.33
2.48,64.35
2.52,65.78
2.56,66.48
2.60,67.20
2.64,65.06
2.68,64.75
2.72,66.43
2.76,65.70
2.80,64.25
2.84,65.43
2.88,65.42
2.92,64.88
2.96,64.64
3.00,64.45
3.04,62.63
3.08,64.33
3.12,65.49
3.16,65.34
3.20,66.84
3.24,64.34
3.28,65.02
3.32,67.43
3.36,65.30
3.40,66.14
3.44,64.21
3.48,65.46
3.52,67.25
3.56,64.33
3.60,68.54
3.64,67.22
3.68,65.63
3.72,65.71
3.76,66.89
3.80,67.81
3.84,67.02
3.88,67.49
3.92,66.62
3.96,67.05
4.00,68.98
4.04,67.92
4.08,68.69
4.12,68.52
4.16,69.51
4.20,69.31
4.24,69.19
4.28,70.56
4.32,69.99
4.36,69.36
4.40,70.83
4.44,70.88
4.48,69.80
4.52,70.44
4.56,69.39
4.60,72.83
4.64,69.73
4.68,71.24
4.72,70.60
4.76,72.72
4.80,70.92
4.84,71.08
4.88,71.40
4.92,72.06
4.96,70.34
5.00,71.51
5.04,72.11
5.08,72.40
5.12,71.30
5.16,70.88
5.20,72.47
5.24,71.51
5.28,70.86
5.32,70.89
5.36,72.74
5.40,71.03
5.44,72.46
5.48,70.03
5.52,70.82
5.56,70.71
5.60,69.52
5.64,70.78
5.68,70.75
5.72,68.76
5.76,71.00
5.80,68.83
5.84,68.92
5.88,68.99
5.92,69.50
5.96,67.40
6.00,68.72
6.04,68.24
6.08,66.72
6.12,67.16
6.16,68.24
6.20,67.13
6.24,66.99
6.28,66.98
6.32,67.25
6.36,66.84
6.40,66.25
6.44,67.05
6.48,66.75
6.52,67.67
6.56,66.03
6.60,66.47
6.64,67.61
6.68,66.54
6.72,64.97
6.76,64.47
6.80,65.53
6.84,65.84
6.88,65.18
6.92,67.01
6.96,65.77
7.00,65.59
7.04,65.90
7.08,66.46
7.12,68.16
7.16,65.62
7.20,65.53
7.24,65.07
7.28,64.71
7.32,68.37
7.36,67.23
7.40,67.15
7.44,66.40
7.48,68.30
7.52,67.44
7.56,66.70
7.60,67.22
7.64,68.25
7.68,68.43
7.72,69.51
7.76,68.49
7.80,69.35
7.84,68.43
7.88,67.54
7.92,68.55
7.96,69.58
8.00,68.50
8.04,69.91
8.08,70.32
8.12,68.62
8.16,68.70
8.20,70.72
8.24,71.92
8.28,71.82
8.32,73.46
8.36,70.77
8.40,69.74
8.44,69.46
8.48,71.21
8.52,70.95
8.56,71.94
8.60,70.59
8.64,70.54
8.68,72.30
8.72,70.04
8.76,71.62
8.80,71.84
8.84,72.56
8.88,72.87
8.92,71.37
8.96,71.65
9.00,71.87
9.04,71.90
9.08,71.38
9.12,71.63
9.16,72.06
9.20,72.58
9.24,72.61
9.28,72.44
9.32,72.07
9.36,71.39
9.40,74.05
9.44,71.17
9.48,71.60
9.52,69.82
9.56,72.13
9.60,70.54
9.64,69.95
9.68,70.95
9.72,69.24
9.76,70.87
9.80,69.19
9.84,71.68
9.88,70.26
9.92,69.23
9.96,68.50
10.00,69.66
10.04,69.57
10.08,69.09
10.12,68.20
10.16,67.04
10.20,68.36
10.24,67.96
10.28,68.79
10.32,66.33
10.36,67.95
10.40,67.29
10.44,65.71
10.48,66.99
10.52,68.45
10.56,66.07
10.60,66.27
10.64,66.60
10.68,67.78
10.72,65.94
10.76,67.01
10.80,67.73
10.84,65.69
10.88,64.94
10.92,65.18
10.96,65.80
11.00,67.61
11.04,65.99
11.08,66.19
11.12,65.35
11.16,66.55
11.20,65.41
11.24,65.44
11.28,65.98
11.32,65.94
11.36,66.92
11.40,66.04
11.44,66.37
11.48,67.97
11.52,68.33
11.56,67.62
11.60,66.68
11.64,68.22
11.68,65.80
11.72,66.45
11.76,68.05
11.80,67.18
11.84,67.40
11.88,66.23
11.92,68.31
11.96,69.88
12.00,68.31
12.04,69.41
12.08,69.74
12.12,69.66
12.16,69.95
12.20,71.07
12.24,68.46
12.28,70.66
12.32,68.89
12.36,71.09
12.40,70.60
12.44,70.67
12.48,71.00
12.52,71.62
12.56,71.32
12.60,71.13
12.64,72.67
12.68,72.23
12.72,71.41
12.76,71.06
12.80,71.09
12.84,72.24
12.88,71.69
12.92,72.23
12.96,71.54
13.00,71.76
13.04,72.82
13.08,70.01
13.12,71.99
13.16,70.23
13.20,71.97
13.24,72.84
13.28,70.91
13.32,71.44
13.36,72.89
13.40,71.75
13.44,72.17
13.48,71.79
13.52,69.18
13.56,71.18
13.60,68.11
13.64,69.08
13.68,70.20
13.72,69.19
13.76,70.40
13.80,70.01
13.84,68.16
13.88,70.17
13.92,67.78
13.96,69.08
14.00,69.04
14.04,68.48
14.08,69.02
14.12,68.31
14.16,67.88
14.20,66.23
14.24,67.10
14.28,66.96
14.32,64.92
14.36,67.10
14.40,67.57
14.44,67.31
14.48,67.15
14.52,65.96
14.56,67.66
14.60,66.73
14.64,65.22
14.68,64.95
14.72,67.37
14.76,65.43
14.80,64.99
14.84,65.47
14.88,66.08
14.92,64.99
14.96,65.16
15.00,66.33
15.04,65.16
15.08,66.67
15.12,65.80
15.16,65.03
15.20,66.00
15.24,63.82
15.28,64.84
15.32,65.66
15.36,66.21
15.40,66.74
15.44,66.28
15.48,64.36
15.52,66.45
15.56,66.21
15.60,65.99
15.64,67.25
15.68,67.58
15.72,67.97
15.76,67.83
15.80,67.08
15.84,67.59
15.88,67.46
15.92,68.42
15.96,67.93
16.00,68.42
16.04,69.09
16.08,69.37
16.12,68.94
16.16,69.66
16.20,68.10
16.24,68.94
16.28,68.27
16.32,69.81
16.36,70.79
16.40,69.36
16.44,70.36
16.48,70.49
16.52,69.48
16.56,70.66
16.60,70.00
16.64,68.81
16.68,69.81
16.72,68.88
16.76,70.85
16.80,70.51
16.84,71.07
16.88,71.27
16.92,70.21
16.96,70.27
17.00,71.10
17.04,69.92
17.08,70.66
17.12,71.29
17.16,69.22
17.20,69.76
17.24,70.73
17.28,70.66
17.32,69.51
17.36,70.14
17.40,69.14
17.44,69.50
17.48,69.09
17.52,68.27
17.56,70.21
17.60,68.92
17.64,70.00
17.68,68.80
17.72,68.75
17.76,68.00
17.80,68.75
17.84,68.20
17.88,68.33
17.92,67.86
17.96,67.95
18.00,67.30
18.04,67.80
18.08,65.59
18.12,65.54
18.16,65.99
18.20,66.30
18.24,66.70
18.28,68.34
18.32,64.88
18.36,64.78
18.40,67.33
18.44,64.99
18.48,64.11
18.52,64.55
18.56,64.96
18.60,64.82
18.64,64.71
18.68,64.98
18.72,63.69
18.76,65.00
18.80,63.69
18.84,62.32
18.88,64.86
18.92,63.58
18.96,64.30
19.00,63.48
19.04,63.11
19.08,64.42
19.12,64.16
19.16,62.07
19.20,63.70
19.24,63.80
19.28,65.30
19.32,63.64
19.36,65.35
19.40,65.03
19.44,65.44
19.48,66.06
19.52,64.23
19.56,63.76
19.60,64.04
19.64,64.05
19.68,67.67
19.72,63.95
19.76,64.66
19.80,67.10
19.84,66.94
19.88,65.81
19.92,66.16
19.96,66.51
20.00,65.66
20.04,67.18
20.08,66.33
20.12,67.74
20.16,66.12
20.20,68.61
20.24,66.84
20.28,66.96
20.32,68.34
20.36,66.94
20.40,68.80
20.44,66.98
20.48,66.79
20.52,68.83
20.56,67.92
20.60,67.42
20.64,69.14
20.68,68.13
20.72,68.01
20.76,70.62
20.80,70.39
20.84,67.72
20.88,69.18
20.92,70.54
20.96,69.40
21.00,68.71
21.04,69.86
21.08,68.67
21.12,68.32
21.16,68.22
21.20,69.86
21.24,69.42
21.28,68.49
21.32,69.75
21.36,69.73
21.40,68.13
21.44,67.43
21.48,67.65
21.52,68.36
21.56,67.14
21.60,68.20
21.64,69.06
21.68,67.18
21.72,66.64
21.76,66.82
21.80,66.41
21.84,66.29
21.88,66.17
21.92,64.39
21.96,67.29
22.00,67.01
22.04,66.79
22.08,65.02
22.12,65.71
22.16,63.52
22.20,63.17
22.24,63.43
22.28,64.23
22.32,65.94
22.36,63.89
22.40,63.20
22.44,63.24
22.48,62.58
22.52,63.02
22.56,62.64
22.60,63.95
22.64,63.70
22.68,63.27
22.72,63.89
22.76,62.88
22.80,62.30
22.84,61.33
22.88,63.26
22.92,61.83
22.96,60.85
23.00,63.20
23.04,61.85
23.08,61.02
23.12,62.41
23.16,63.06
23.20,63.15
23.24,63.15
23.28,61.96
23.32,61.56
23.36,62.89
23.40,62.87
23.44,61.07
23.48,63.63
23.52,61.39
23.56,63.25
23.60,63.18
23.64,62.96
23.68,62.98
23.72,61.52
23.76,62.80
23.80,63.59
23.84,64.37
23.88,63.60
23.92,64.60
23.96,63.18
24.00,64.05
24.04,64.26
24.08,65.67
24.12,66.81
24.16,64.96
24.20,66.28
24.24,65.26
24.28,64.62
24.32,67.03
24.36,65.69
24.40,65.32
24.44,66.28
24.48,65.50
24.52,65.76
24.56,66.23
24.60,66.20
24.64,66.43
24.68,68.69
24.72,65.99
24.76,67.35
24.80,67.10
24.84,67.30
24.88,68.77
24.92,66.89
24.96,67.23
25.00,67.68
25.04,69.02
25.08,65.93
25.12,67.49
25.16,68.88
25.20,66.88
25.24,68.41
25.28,67.52
25.32,66.92
25.36,66.85
25.40,67.35
25.44,66.17
25.48,66.24
25.52,67.76
25.56,64.42
25.60,64.83
25.64,64.34
25.68,65.96
25.72,65.87
25.76,65.52
25.80,65.19
25.84,64.37
25.88,65.95
25.92,64.54
25.96,64.57
26.00,64.70
26.04,64.06
26.08,65.05
26.12,64.12
26.16,64.62
26.20,62.59
26.24,61.79
26.28,62.95
26.32,62.25
26.36,62.56
26.40,62.26
26.44,63.04
26.48,61.50
26.52,61.96
26.56,60.12
26.60,60.83
26.64,61.79
26.68,60.54
26.72,59.83
26.76,61.66
26.80,60.30
26.84,60.48
26.88,61.15
26.92,60.94
26.96,61.92
27.00,60.57
27.04,59.81
27.08,59.99
27.12,60.18
27.16,60.91
27.20,61.28
27.24,60.25
27.28,61.33
27.32,59.73
27.36,62.13
27.40,62.01
27.44,61.79
27.48,60.10
27.52,62.24
27.56,61.49
27.60,62.63
27.64,62.19
27.68,61.34
27.72,61.22
27.76,62.68
27.80,61.90
27.84,63.78
27.88,63.48
27.92,62.32
27.96,63.23
28.00,64.73
28.04,63.50
28.08,63.40
28.12,65.09
28.16,65.97
28.20,63.73
28.24,64.64
28.28,63.76
28.32,64.76
28.36,65.49
28.40,64.09
28.44,66.33
28.48,65.97
28.52,64.51
28.56,65.80
28.60,65.94
28.64,67.49
28.68,65.77
28.72,65.81
28.76,67.46
28.80,68.23
28.84,66.50
28.88,66.58
28.92,65.19
28.96,66.42
29.00,65.79
29.04,67.06
29.08,65.04
29.12,67.50
29.16,66.02
29.20,65.69
29.24,65.71
29.28,66.68
29.32,66.63
29.36,66.18
29.40,66.29
29.44,65.91
29.48,65.00
29.52,65.12
29.56,65.42
29.60,65.95
29.64,65.89
29.68,65.02
29.72,63.00
29.76,63.28
29.80,66.44
29.84,64.26
29.88,64.62
29.92,61.97
29.96,63.02
30.00,63.16
30.04,62.93
30.08,63.72
30.12,61.47
30.16,62.96
30.20,60.77
30.24,62.42
30.28,62.38
30.32,61.96
30.36,62.54
30.40,60.76
30.44,61.73
30.48,60.70
30.52,60.13
30.56,60.21
30.60,61.24
30.64,60.72
30.68,58.86
30.72,61.65
30.76,61.95
30.80,60.61
30.84,60.09
30.88,62.23
30.92,60.56
30.96,60.56
31.00,61.00
31.04,59.85
31.08,59.36
31.12,59.72
31.16,60.46
31.20,59.24
31.24,61.57
31.28,59.20
31.32,62.13
31.36,58.70
31.40,60.23
31.44,60.58
31.48,60.61
31.52,60.96
31.56,61.70
31.60,61.05
31.64,61.40
31.68,62.12
31.72,62.06
31.76,62.05
31.80,60.82
31.84,62.54
31.88,63.58
31.92,63.39
31.96,62.97
32.00,63.18
32.04,62.78
32.08,63.15
32.12,64.78
32.16,64.42
32.20,64.76
32.24,65.70
32.28,63.58
32.32,65.01
32.36,65.42
32.40,65.83
32.44,65.72
32.48,64.87
32.52,66.82
32.56,63.95
32.60,65.11
32.64,66.96
32.68,65.72
32.72,65.58
32.76,64.94
32.80,66.28
32.84,66.19
32.88,65.38
32.92,65.05
32.96,68.57
33.00,66.04
33.04,65.28
33.08,66.15
33.12,66.67
33.16,65.35
33.20,66.88
33.24,67.54
33.28,66.19
33.32,66.08
33.36,64.89
33.40,66.55
33.44,66.91
33.48,65.68
33.52,65.13
33.56,66.44
33.60,66.07
33.64,65.35
33.68,65.03
33.72,66.72
33.76,65.86
33.80,63.92
33.84,63.73
33.88,63.46
33.92,63.93
33.96,63.13
34.00,63.12
34.04,65.12
34.08,62.06
34.12,61.67
34.16,61.58
34.20,62.13
34.24,63.55
34.28,62.39
34.32,61.91
34.36,62.00
34.40,62.05
34.44,61.44
34.48,61.66
34.52,60.80
34.56,61.10
34.60,62.03
34.64,61.03
34.68,61.22
34.72,61.42
34.76,59.85
34.80,60.02
34.84,62.50
34.88,59.37
34.92,59.48
34.96,61.37
35.00,60.37
35.04,61.08
35.08,60.33
35.12,59.93
35.16,60.63
35.20,62.80
35.24,59.66
35.28,61.31
35.32,61.84
35.36,62.24
35.40,62.40
35.44,61.43
35.48,62.64
35.52,61.51
35.56,61.47
35.60,61.76
35.64,62.26
35.68,62.41
35.72,62.83
35.76,61.48
35.80,63.88
35.84,61.87
35.88,63.42
35.92,64.38
35.96,64.02
36.00,63.67
36.04,63.93
36.08,63.73
36.12,63.94
36.16,65.48
36.20,65.22
36.24,63.37
36.28,65.67
36.32,64.13
36.36,65.75
36.40,65.37
36.44,65.19
36.48,67.58
36.52,64.57
36.56,65.93
36.60,67.73
36.64,65.92
36.68,66.37
36.72,66.99
36.76,66.66
36.80,66.31
36.84,66.42
36.88,67.08
36.92,68.35
36.96,67.20
37.00,66.71
37.04,67.83
37.08,67.76
37.12,67.70
37.16,66.58
37.20,66.99
37.24,67.29
37.28,69.70
37.32,67.15
37.36,65.67
37.40,66.39
37.44,64.98
37.48,64.79
37.52,67.83
37.56,66.54
37.60,65.89
37.64,67.01
37.68,64.97
37.72,66.17
37.76,65.22
37.80,66.24
37.84,65.95
37.88,66.50
37.92,63.81
37.96,65.76
38.00,64.83
38.04,64.11
38.08,62.59
38.12,65.28
38.16,63.20
38.20,65.33
38.24,65.79
38.28,62.47
38.32,63.30
38.36,62.71
38.40,62.88
38.44,61.92
38.48,62.44
38.52,62.16
38.56,61.47
38.60,62.79
38.64,61.70
38.68,61.17
38.72,63.44
38.76,61.65
38.80,63.17
38.84,60.95
38.88,62.22
38.92,61.80
38.96,63.23
39.00,61.22
39.04,60.94
39.08,61.92
39.12,61.94
39.16,61.56
39.20,61.90
39.24,62.66
39.28,61.97
39.32,61.49
39.36,64.46
39.40,61.77
39.44,62.45
39.48,61.80
39.52,61.32
39.56,63.80
39.60,63.65
39.64,63.97
39.68,64.84
39.72,65.41
39.76,64.27
39.80,64.59
39.84,65.49
39.88,64.34
39.92,66.04
39.96,64.73
40.00,63.88
40.04,67.41
40.08,63.90
40.12,65.24
40.16,66.27
40.20,66.22
40.24,66.49
40.28,65.64
40.32,66.96
40.36,67.43
40.40,67.27
40.44,66.68
40.48,66.14
40.52,67.44
40.56,67.80
40.60,69.90
40.64,68.87
40.68,67.53
40.72,67.12
40.76,66.78
40.80,67.69
40.84,68.26
40.88,69.01
40.92,68.47
40.96,68.93
41.00,68.94
41.04,66.85
41.08,66.90
41.12,68.17
41.16,67.30
41.20,69.82
41.24,67.44
41.28,70.56
41.32,70.16
41.36,68.71
41.40,67.30
41.44,67.84
41.48,67.53
41.52,68.52
41.56,66.86
41.60,68.28
41.64,67.29
41.68,69.05
41.72,68.81
41.76,67.05
41.80,65.90
41.84,67.84
41.88,64.93
41.92,65.87
41.96,65.51
42.00,65.14
42.04,64.69
42.08,66.89
42.12,65.05
42.16,65.80
42.20,65.07
42.24,65.10
42.28,63.55
42.32,64.72
42.36,65.44
42.40,63.08
42.44,64.92
42.48,63.54
42.52,65.75
42.56,62.46
42.60,63.34
42.64,64.34
42.68,63.89
42.72,63.87
42.76,64.10
42.80,63.36
42.84,63.57
42.88,63.83
42.92,63.48
42.96,62.79
43.00,61.28
43.04,61.81
43.08,64.33
43.12,63.37
43.16,62.84
43.20,64.45
43.24,62.63
43.28,65.29
43.32,65.35
43.36,62.23
43.40,64.79
43.44,64.52
43.48,63.61
43.52,65.54
43.56,63.97
43.60,64.16
43.64,64.68
43.68,65.44
43.72,64.92
43.76,64.52
43.80,64.59
43.84,64.53
43.88,64.91
43.92,65.68
43.96,65.44
44.00,67.55
44.04,66.23
44.08,66.54
44.12,68.64
44.16,68.21
44.20,67.37
44.24,65.71
44.28,66.82
44.32,69.30
44.36,69.93
44.40,68.69
44.44,67.32
44.48,69.38
44.52,68.11
44.56,68.36
44.60,68.59
44.64,69.24
44.68,69.33
44.72,68.57
44.76,67.27
44.80,69.10
44.84,68.87
44.88,66.69
44.92,69.57
44.96,71.32
45.00,71.26
45.04,68.97
45.08,69.82
45.12,70.21
45.16,70.54
45.20,70.31
45.24,69.68
45.28,69.84
45.32,69.61
45.36,69.06
45.40,69.49
45.44,69.65
45.48,68.97
45.52,69.52
45.56,66.61
45.60,67.62
45.64,68.10
45.68,67.64
45.72,67.75
45.76,68.77
45.80,68.37
45.84,67.40
45.88,66.35
45.92,67.62
45.96,67.66
46.00,66.35
46.04,66.62
46.08,65.80
46.12,66.31
46.16,66.07
46.20,66.74
46.24,66.21
46.28,63.75
46.32,66.10
46.36,64.93
46.40,63.35
46.44,66.42
46.48,65.31
46.52,64.18
46.56,65.77
46.60,63.97
46.64,64.61
46.68,63.55
46.72,64.79
46.76,64.55
46.80,63.38
46.84,65.10
46.88,63.54
46.92,65.03
46.96,64.13
47.00,64.01
47.04,64.18
47.08,64.77
47.12,63.19
47.16,63.00
47.20,63.03
47.24,66.08
47.28,63.21
47.32,64.15
47.36,65.31
47.40,64.74
47.44,65.46
47.48,65.12
47.52,65.02
47.56,66.52
47.60,66.57
47.64,64.72
47.68,64.86
47.72,65.79
47.76,66.02
47.80,65.97
47.84,67.16
47.88,66.06
47.92,67.24
47.96,65.80
48.00,66.84
48.04,67.50
48.08,68.73
48.12,68.59
48.16,68.38
48.20,69.17
48.24,66.15
48.28,68.82
48.32,69.34
48.36,67.38
48.40,68.74
48.44,70.41
48.48,69.00
48.52,69.49
48.56,72.07
48.60,70.39
48.64,68.32
48.68,69.80
48.72,70.02
48.76,69.57
48.80,70.69
48.84,70.12
48.88,69.40
48.92,70.29
48.96,70.91
49.00,69.26
49.04,70.74
49.08,71.77
49.12,69.05
49.16,69.42
49.20,69.78
49.24,71.43
49.28,70.26
49.32,69.85
49.36,69.68
49.40,69.00
49.44,70.35
49.48,69.11
49.52,69.93
49.56,70.34
49.60,69.19
49.64,68.84
49.68,68.69
49.72,66.40
49.76,68.76
49.80,69.30
49.84,67.79
49.88,67.25
49.92,67.44
49.96,67.76
50.00,67.11
50.04,66.05
50.08,67.42
50.12,68.11
50.16,65.51
50.20,65.98
50.24,66.64
50.28,66.90
50.32,65.87
50.36,65.26
50.40,66.08
50.44,64.99
50.48,65.14
50.52,65.35
50.56,64.42
50.60,63.77
50.64,66.60
50.68,63.82
50.72,63.53
50.76,65.19
50.80,64.64
50.84,65.60
50.88,61.69
50.92,64.83
50.96,63.82
51.00,63.20
51.04,64.78
51.08,64.17
51.12,62.60
51.16,64.81
51.20,63.33
51.24,64.92
51.28,63.68
51.32,63.83
51.36,63.82
51.40,64.94
51.44,67.47
51.48,63.39
51.52,64.15
51.56,65.34
51.60,64.53
51.64,64.70
51.68,66.29
51.72,66.34
51.76,65.47
51.80,65.27
51.84,66.12
51.88,66.09
51.92,65.66
51.96,65.07
52.00,67.14
52.04,68.61
52.08,67.77
52.12,66.23
52.16,67.61
52.20,68.84
52.24,68.05
52.28,70.71
52.32,68.84
52.36,69.46
52.40,69.75
52.44,68.39
52.48,67.97
52.52,66.99
52.56,69.14
52.60,69.41
52.64,68.03
52.68,68.48
52.72,68.89
52.76,69.83
52.80,67.73
52.84,68.77
52.88,69.79
52.92,70.50
52.96,68.86
53.00,69.30
53.04,70.24
53.08,72.47
53.12,69.56
53.16,69.93
53.20,68.58
53.24,69.27
53.28,69.08
53.32,68.68
53.36,68.42
53.40,67.70
53.44,69.74
53.48,69.32
53.52,67.49
53.56,68.38
53.60,66.73
53.64,68.85
53.68,67.90
53.72,68.65
53.76,68.74
53.80,65.42
53.84,65.48
53.88,66.26
53.92,67.53
53.96,64.45
54.00,65.75
54.04,65.62
54.08,66.46
54.12,65.44
54.16,66.53
54.20,64.93
54.24,65.58
54.28,64.65
54.32,64.91
54.36,64.90
54.40,64.39
54.44,63.71
54.48,65.06
54.52,62.97
54.56,63.82
54.60,63.56
54.64,63.70
54.68,63.23
54.72,64.42
54.76,62.05
54.80,63.84
54.84,63.26
54.88,63.08
54.92,62.99
54.96,62.77
55.00,61.31
55.04,61.57
55.08,62.90
55.12,62.70
55.16,63.65
55.20,61.85
55.24,63.39
55.28,63.18
55.32,63.49
55.36,61.92
55.40,63.06
55.44,64.64
55.48,62.05
55.52,64.27
55.56,65.42
55.60,62.58
55.64,64.41
55.68,64.08
55.72,62.43
55.76,64.68
55.80,66.25
55.84,65.82
55.88,65.46
55.92,65.93
55.96,65.92
56.00,66.05
56.04,66.89
56.08,66.65
56.12,65.21
56.16,66.61
56.20,66.73
56.24,67.22
56.28,67.38
56.32,66.94
56.36,66.42
56.40,68.79
56.44,67.29
56.48,68.12
56.52,67.40
56.56,66.88
56.60,69.58
56.64,66.81
56.68,70.25
56.72,69.71
56.76,68.13
56.80,67.90
56.84,67.85
56.88,67.53
56.92,68.34
56.96,67.88
57.00,69.27
57.04,66.52
57.08,69.05
57.12,69.10
57.16,67.90
57.20,68.17
57.24,66.59
57.28,68.05
57.32,69.01
57.36,67.31
57.40,68.19
57.44,68.14
57.48,67.98
57.52,67.88
57.56,68.09
57.60,66.29
57.64,68.76
57.68,66.78
57.72,66.54
57.76,65.45
57.80,64.01
57.84,65.27
57.88,64.24
57.92,65.50
57.96,65.46
58.00,65.42
58.04,64.71
58.08,64.12
58.12,65.43
58.16,63.44
58.20,63.38
58.24,64.20
58.28,62.32
58.32,64.23
58.36,61.16
58.40,62.26
58.44,62.31
58.48,61.86
58.52,61.65
58.56,60.62
58.60,62.36
58.64,61.85
58.68,61.09
58.72,61.17
58.76,61.80
58.80,60.64
58.84,60.65
58.88,61.63
58.92,60.64
58.96,61.52
59.00,60.54
59.04,60.29
59.08,61.15
59.12,60.08
59.16,61.15
59.20,60.23
59.24,60.83
59.28,62.53
59.32,61.75
59.36,61.22
59.40,61.43
59.44,62.40
59.48,62.33
59.52,61.52
59.56,61.73
59.60,62.50
59.64,63.10
59.68,63.63
59.72,62.10
59.76,63.22
59.80,63.72
59.84,62.58
59.88,64.17
59.92,63.88
59.96,62.36
60.00,64.20
60.04,63.74
60.08,64.78
60.12,63.36
60.16,64.18
60.20,65.49
60.24,65.04
60.28,66.20
60.32,65.69
60.36,66.21
60.40,64.37
60.44,66.44
60.48,65.26
60.52,66.71
60.56,65.97
60.60,65.21
60.64,65.45
60.68,66.88
60.72,66.24
60.76,65.70
60.80,66.85
60.84,66.39
60.88,67.60
60.92,66.88
60.96,66.87
61.00,66.99
61.04,67.57
61.08,65.49
61.12,65.70
61.16,65.12
61.20,68.08
61.24,66.80
61.28,66.92
61.32,65.69
61.36,66.77
61.40,65.16
61.44,66.33
61.48,65.31
61.52,65.79
61.56,66.37
61.60,65.06
61.64,65.12
61.68,64.25
61.72,64.99
61.76,64.89
61.80,63.47
61.84,62.07
61.88,63.47
61.92,62.72
61.96,63.23
62.00,62.16
62.04,63.11
62.08,62.23
62.12,61.05
62.16,60.78
62.20,61.38
62.24,61.88
62.28,60.90
62.32,62.30
62.36,61.18
62.40,61.60
62.44,60.56
62.48,60.88
62.52,61.75
62.56,61.51
62.60,59.24
62.64,61.00
62.68,60.82
62.72,60.95
62.76,59.68
62.80,59.66
62.84,60.80
62.88,60.42
62.92,59.68
62.96,59.95
63.00,60.97
63.04,59.91
63.08,58.81
63.12,57.80
63.16,60.53
63.20,60.56
63.24,59.47
63.28,58.36
63.32,59.34
63.36,60.19
63.40,59.60
63.44,59.90
63.48,59.67
63.52,60.86
63.56,59.85
63.60,60.64
63.64,59.26
63.68,61.74
63.72,62.64
63.76,61.82
63.80,62.38
63.84,61.67
63.88,62.24
63.92,62.12
63.96,62.49
64.00,61.33
64.04,62.41
64.08,61.97
64.12,61.47
64.16,63.26
64.20,62.79
64.24,61.73
64.28,63.03
64.32,65.21
64.36,62.80
64.40,62.38
64.44,63.66
64.48,62.89
64.52,64.29
64.56,63.14
64.60,63.84
64.64,64.70
64.68,64.45
64.72,64.96
64.76,63.94
64.80,65.00
64.84,64.99
64.88,65.39
64.92,63.90
64.96,65.91
65.00,65.87
65.04,64.70
65.08,64.38
65.12,65.41
65.16,64.48
65.20,64.94
65.24,64.04
65.28,64.04
65.32,64.04
65.36,65.18
65.40,63.27
65.44,64.69
65.48,64.21
65.52,62.67
65.56,63.43
65.60,61.39
65.64,61.53
65.68,61.85
65.72,64.11
65.76,62.04
65.80,63.81
65.84,61.28
65.88,60.41
65.92,62.46
65.96,61.73
66.00,60.68
66.04,61.50
66.08,62.27
66.12,61.51
66.16,60.94
66.20,59.05
66.24,61.07
66.28,61.16
66.32,60.12
66.36,60.67
66.40,58.96
66.44,60.38
66.48,58.37
66.52,58.14
66.56,56.50
66.60,57.30
66.64,58.83
66.68,58.07
66.72,58.03
66.76,58.02
66.80,58.70
66.84,59.58
66.88,56.38
66.92,59.58
66.96,56.56
67.00,57.79
67.04,58.27
67.08,58.27
67.12,59.01
67.16,58.56
67.20,59.26
67.24,59.52
67.28,58.36
67.32,57.96
67.36,57.08
67.40,58.08
67.44,58.94
67.48,59.45
67.52,58.92
67.56,59.31
67.60,60.62
67.64,58.52
67.68,59.20
67.72,59.84
67.76,59.16
67.80,58.89
67.84,60.08
67.88,60.82
67.92,60.08
67.96,60.85
68.00,61.79
68.04,61.34
68.08,63.01
68.12,61.44
68.16,61.92
68.20,61.12
68.24,61.33
68.28,61.70
68.32,63.62
68.36,62.31
68.40,62.66
68.44,62.83
68.48,63.76
68.52,61.88
68.56,62.40
68.60,61.97
68.64,64.23
68.68,64.08
68.72,62.92
68.76,62.84
68.80,64.62
68.84,64.52
68.88,63.83
68.92,63.55
68.96,63.87
69.00,63.88
69.04,63.08
69.08,64.79
69.12,65.14
69.16,64.22
69.20,63.18
69.24,63.31
69.28,62.03
69.32,64.08
69.36,64.66
69.40,62.12
69.44,62.74
69.48,64.04
69.52,63.49
69.56,62.28
69.60,62.63
69.64,62.66
69.68,60.50
69.72,61.79
69.76,61.95
69.80,61.75
69.84,61.14
69.88,61.66
69.92,62.85
69.96,60.09
70.00,60.39
70.04,60.82
70.08,60.00
70.12,59.78
70.16,59.66
70.20,62.24
70.24,60.13
70.28,58.63
70.32,60.29
70.36,59.61
70.40,59.13
70.44,59.03
70.48,58.22
70.52,58.01
70.56,56.71
70.60,57.25
70.64,58.10
70.68,56.85
70.72,58.85
70.76,58.25
70.80,58.11
70.84,57.09
70.88,57.04
70.92,58.48
70.96,57.79
71.00,57.91
71.04,56.95
71.08,57.04
71.12,56.98
71.16,57.88
71.20,57.60
71.24,57.90
71.28,58.11
71.32,58.09
71.36,58.56
71.40,58.54
71.44,58.29
71.48,57.85
71.52,58.23
71.56,58.85
71.60,57.74
71.64,58.60
71.68,58.07
71.72,60.27
71.76,58.59
71.80,59.80
71.84,58.68
71.88,60.30
71.92,61.32
71.96,60.09
72.00,60.18
72.04,59.61
72.08,61.18
72.12,59.28
72.16,61.33
72.20,61.34
72.24,60.97
72.28,60.75
72.32,62.28
72.36,61.74
72.40,60.79
72.44,63.66
72.48,63.16
72.52,63.72
72.56,60.83
72.60,62.63
72.64,63.97
72.68,63.56
72.72,63.02
72.76,65.09
72.80,63.87
72.84,62.93
72.88,64.27
72.92,63.66
72.96,64.72
73.00,64.96
73.04,63.67
73.08,63.28
73.12,65.41
73.16,63.98
73.20,64.28
73.24,64.58
73.28,62.68
73.32,63.91
73.36,64.33
73.40,63.04
73.44,63.78
73.48,63.30
73.52,62.79
73.56,63.73
73.60,62.14
73.64,63.61
73.68,64.58
73.72,62.21
73.76,61.47
73.80,61.85
73.84,60.76
73.88,60.29
73.92,63.04
73.96,61.44
74.00,61.60
74.04,61.96
74.08,61.21
74.12,62.97
74.16,60.46
74.20,60.73
74.24,59.06
74.28,60.45
74.32,59.76
74.36,59.00
74.40,60.04
74.44,58.84
74.48,58.58
74.52,61.11
74.56,59.44
74.60,58.81
74.64,59.13
74.68,58.55
74.72,60.18
74.76,57.92
74.80,58.87
74.84,59.16
74.88,59.91
74.92,58.62
74.96,59.79
75.00,57.85
75.04,58.85
75.08,59.66
75.12,59.37
75.16,58.97
75.20,59.70
75.24,59.79
75.28,58.11
75.32,59.94
75.36,59.35
75.40,58.62
75.44,57.85
75.48,60.26
75.52,59.33
75.56,61.04
75.60,59.88
75.64,61.38
75.68,61.25
75.72,61.06
75.76,59.63
75.80,60.43
75.84,61.84
75.88,63.06
75.92,60.19
75.96,60.95
76.00,61.29
76.04,63.07
76.08,62.67
76.12,63.68
76.16,63.65
76.20,63.99
76.24,63.62
76.28,63.60
76.32,65.16
76.36,63.28
76.40,62.44
76.44,63.16
76.48,64.05
76.52,64.95
76.56,64.75
76.60,64.08
76.64,64.62
76.68,64.92
76.72,65.03
76.76,65.22
76.80,64.72
76.84,65.75
76.88,66.20
76.92,63.91
76.96,66.74
77.00,65.69
77.04,66.88
77.08,65.68
77.12,65.10
77.16,66.14
77.20,62.51
77.24,62.53
77.28,61.49
77.32,59.71
77.36,59.87
77.40,61.34
77.44,57.55
77.48,59.08
77.52,57.24
77.56,57.27
77.60,56.86
77.64,56.13
77.68,55.98
77.72,55.86
77.76,58.06
77.80,55.77
77.84,54.78
77.88,55.94
77.92,57.34
77.96,56.72
78.00,56.59
78.04,57.35
78.08,55.53
78.12,55.70
78.16,59.09
78.20,62.24
78.24,65.94
78.28,67.83
78.32,69.78
78.36,71.75
78.40,72.55
78.44,75.34
78.48,77.39
78.52,79.24
78.56,80.78
78.60,83.49
78.64,85.12
78.68,84.55
78.72,85.44
78.76,87.54
78.80,87.77
78.84,89.07
78.88,91.22
78.92,90.00
78.96,90.69
79.00,92.27
79.04,92.47
79.08,93.96
79.12,93.72
79.16,95.15
79.20,94.86
79.24,96.24
79.28,96.89
79.32,96.71
79.36,97.27
79.40,96.85
79.44,99.75
79.48,98.00
79.52,97.72
79.56,99.87
79.60,100.88
79.64,100.92
79.68,98.98
79.72,101.20
79.76,99.77
79.80,99.27
79.84,99.96
79.88,101.19
79.92,100.49
79.96,102.01
80.00,101.92
80.04,102.99
80.08,102.80
80.12,102.53
80.16,103.30
80.20,102.20
80.24,103.41
80.28,102.07
80.32,102.74
80.36,104.42
80.40,102.09
80.44,101.04
80.48,101.82
80.52,102.71
80.56,103.43
80.60,102.85
80.64,103.41
80.68,102.06
80.72,103.32
80.76,101.78
80.80,100.15
80.84,102.69
80.88,103.85
80.92,101.33
80.96,101.63
81.00,100.86
81.04,102.89
81.08,100.44
81.12,101.65
81.16,102.31
81.20,102.94
81.24,100.54
81.28,100.41
81.32,99.99
81.36,98.56
81.40,100.85
81.44,99.71
81.48,97.29
81.52,97.32
81.56,98.40
81.60,98.14
81.64,95.83
81.68,97.19
81.72,96.67
81.76,96.79
81.80,95.99
81.84,97.05
81.88,95.46
81.92,93.94
81.96,94.60
82.00,93.93
82.04,93.07
82.08,95.54
82.12,92.48
82.16,92.22
82.20,94.08
82.24,91.68
82.28,89.83
82.32,90.60
82.36,91.28
82.40,90.26
82.44,89.77
82.48,90.27
82.52,89.48
82.56,88.76
82.60,89.89
82.64,88.26
82.68,87.44
82.72,87.44
82.76,88.59
82.80,86.92
82.84,88.38
82.88,86.94
82.92,86.87
82.96,87.50
83.00,87.31
83.04,86.61
83.08,85.65
83.12,84.89
83.16,86.51
83.20,84.20
83.24,86.68
83.28,86.81
83.32,86.11
83.36,86.19
83.40,84.94
83.44,87.03
83.48,85.23
83.52,85.36
83.56,84.43
83.60,84.61
83.64,84.72
83.68,85.54
83.72,85.01
83.76,85.83
83.80,83.83
83.84,85.23
83.88,85.16
83.92,85.41
83.96,85.56
84.00,86.71
84.04,84.96
84.08,86.32
84.12,85.95
84.16,86.50
84.20,87.28
84.24,86.07
84.28,86.08
84.32,86.47
84.36,86.05
84.40,87.24
84.44,87.67
84.48,88.41
84.52,84.70
84.56,86.76
84.60,86.41
84.64,87.75
84.68,85.76
84.72,86.54
84.76,85.99
84.80,84.92
84.84,86.05
84.88,86.20
84.92,85.56
84.96,84.84
85.00,83.48
85.04,85.38
85.08,84.27
85.12,87.10
85.16,85.45
85.20,84.53
85.24,84.54
85.28,83.83
85.32,83.42
85.36,83.37
85.40,83.53
85.44,83.13
85.48,85.14
85.52,83.65
85.56,83.38
85.60,83.36
85.64,82.35
85.68,80.77
85.72,81.44
85.76,81.72
85.80,79.89
85.84,81.74
85.88,79.03
85.92,78.93
85.96,80.66
86.00,80.29
86.04,79.31
86.08,78.68
86.12,80.02
86.16,78.55
86.20,78.68
86.24,78.05
86.28,77.28
86.32,77.95
86.36,76.76
86.40,77.96
86.44,77.88
86.48,77.37
86.52,77.60
86.56,76.56
86.60,75.96
86.64,76.23
86.68,76.33
86.72,77.72
86.76,76.23
86.80,75.32
86.84,74.10
86.88,73.73
86.92,75.64
86.96,74.04
87.00,76.61
87.04,73.97
87.08,75.07
87.12,74.99
87.16,75.21
87.20,73.47
87.24,74.70
87.28,75.34
87.32,74.76
87.36,76.03
87.40,74.64
87.44,73.98
87.48,74.82
87.52,73.55
87.56,74.66
87.60,75.53
87.64,74.57
87.68,72.62
87.72,74.04
87.76,75.04
87.80,75.68
87.84,75.45
87.88,76.14
87.92,76.85
87.96,75.21
88.00,76.73
88.04,75.06
88.08,74.05
88.12,75.78
88.16,77.43
88.20,77.08
88.24,76.21
88.28,75.68
88.32,73.89
88.36,78.01
88.40,75.77
88.44,76.05
88.48,78.90
88.52,74.78
88.56,76.27
88.60,76.91
88.64,77.68
88.68,77.00
88.72,77.41
88.76,76.63
88.80,78.46
88.84,77.71
88.88,77.49
88.92,76.77
88.96,76.61
89.00,78.10
89.04,76.85
89.08,78.37
89.12,76.74
89.16,77.03
89.20,75.57
89.24,76.70
89.28,76.46
89.32,76.75
89.36,74.84
89.40,76.03
89.44,76.64
89.48,75.54
89.52,75.25
89.56,74.24
89.60,76.05
89.64,75.52
89.68,74.69
89.72,73.17
89.76,74.24
89.80,74.84
89.84,74.13
89.88,73.63
89.92,73.68
89.96,73.93
90.00,73.04
90.04,73.23
90.08,73.37
90.12,72.45
90.16,72.27
90.20,71.12
90.24,71.62
90.28,70.52
90.32,70.44
90.36,70.10
90.40,71.37
90.44,70.74
90.48,71.02
90.52,69.59
90.56,71.19
90.60,68.61
90.64,68.61
90.68,69.64
90.72,68.20
90.76,67.42
90.80,68.27
90.84,69.58
90.88,68.99
90.92,67.82
90.96,67.94
91.00,68.60
91.04,68.45
91.08,69.10
91.12,67.84
91.16,68.30
91.20,70.56
91.24,68.30
91.28,69.14
91.32,68.63
91.36,68.83
91.40,70.63
91.44,67.13
91.48,70.37
91.52,68.27
91.56,70.92
91.60,69.07
91.64,68.45
91.68,68.81
91.72,69.63
91.76,69.95
91.80,67.87
91.84,68.66
91.88,70.11
91.92,70.23
91.96,71.93
92.00,71.04
92.04,71.81
92.08,70.03
92.12,71.52
92.16,71.39
92.20,73.70
92.24,72.70
92.28,72.12
92.32,71.54
92.36,71.08
92.40,71.59
92.44,71.38
92.48,71.25
92.52,72.10
92.56,72.78
92.60,73.91
92.64,72.13
92.68,73.04
92.72,70.91
92.76,71.26
92.80,72.06
92.84,73.23
92.88,72.42
92.92,73.13
92.96,72.41
93.00,73.64
93.04,70.21
93.08,72.28
93.12,73.34
93.16,74.45
93.20,71.85
93.24,72.26
93.28,70.90
93.32,72.04
93.36,71.12
93.40,72.02
93.44,69.25
93.48,70.63
93.52,70.38
93.56,70.80
93.60,71.55
93.64,70.54
93.68,70.14
93.72,70.61
93.76,69.64
93.80,70.00
93.84,69.68
93.88,70.40
93.92,69.30
93.96,69.26
94.00,69.34
94.04,68.14
94.08,68.70
94.12,68.95
94.16,68.26
94.20,65.34
94.24,68.61
94.28,67.33
94.32,67.09
94.36,66.61
94.40,64.99
94.44,67.09
94.48,67.62
94.52,65.59
94.56,66.36
94.60,65.99
94.64,65.84
94.68,66.54
94.72,66.18
94.76,64.92
94.80,64.95
94.84,63.60
94.88,65.42
94.92,66.87
94.96,64.02
95.00,63.93
95.04,66.43
95.08,66.38
95.12,65.92
95.16,66.17
95.20,64.62
95.24,65.84
95.28,65.28
95.32,65.08
95.36,65.92
95.40,66.34
95.44,64.15
95.48,66.56
95.52,65.43
95.56,67.39
95.60,66.04
95.64,65.62
95.68,65.29
95.72,65.85
95.76,67.08
95.80,65.91
95.84,67.19
95.88,67.89
95.92,68.23
95.96,67.49
96.00,69.43
96.04,69.20
96.08,68.22
96.12,66.88
96.16,67.83
96.20,68.20
96.24,68.68
96.28,68.74
96.32,67.49
96.36,68.26
96.40,69.28
96.44,68.38
96.48,69.86
96.52,69.52
96.56,70.23
96.60,68.86
96.64,69.45
96.68,70.20
96.72,70.71
96.76,69.83
96.80,69.55
96.84,69.93
96.88,69.34
96.92,71.07
96.96,69.96
97.00,68.76
97.04,70.18
97.08,70.78
97.12,69.70
97.16,71.39
97.20,70.74
97.24,69.17
97.28,68.99
97.32,69.74
97.36,68.56
97.40,68.94
97.44,68.35
97.48,68.15
97.52,68.23
97.56,68.14
97.60,67.80
97.64,66.87
97.68,68.93
97.72,68.00
97.76,66.56
97.80,66.97
97.84,66.08
97.88,66.38
97.92,66.79
97.96,65.73
98.00,66.83
98.04,66.69
98.08,65.10
98.12,66.73
98.16,65.44
98.20,66.37
98.24,62.31
98.28,62.96
98.32,65.10
98.36,65.39
98.40,63.99
98.44,64.25
98.48,63.43
98.52,64.22
98.56,61.74
98.60,63.82
98.64,64.35
98.68,62.80
98.72,62.95
98.76,62.62
98.80,63.56
98.84,62.51
98.88,61.64
98.92,63.91
98.96,65.03
99.00,63.45
99.04,64.96
99.08,63.85
99.12,62.98
99.16,64.73
99.20,61.94
99.24,61.79
99.28,63.19
99.32,63.17
99.36,62.60
99.40,62.85
99.44,63.82
99.48,62.53
99.52,60.35
99.56,63.80
99.60,62.35
99.64,63.65
99.68,63.51
99.72,64.49
99.76,64.92
99.80,64.78
99.84,65.39
99.88,64.93
99.92,65.52
99.96,65.09
100.00,63.98
100.04,65.93
100.08,66.68
100.12,67.28
100.16,67.20
100.20,65.73
100.24,66.39
100.28,67.02
100.32,66.64
100.36,67.23
100.40,68.12
100.44,65.92
100.48,66.46
100.52,67.82
100.56,67.07
100.60,68.84
100.64,67.13
100.68,67.63
100.72,67.87
100.76,67.87
100.80,67.59
100.84,67.24
100.88,68.69
100.92,67.66
100.96,68.24
101.00,68.31
101.04,67.56
101.08,68.46
101.12,67.75
101.16,66.50
101.20,67.76
101.24,68.89
101.28,67.12
101.32,67.64
101.36,65.56
101.40,69.73
101.44,67.98
101.48,65.68
101.52,66.68
101.56,66.08
101.60,66.43
101.64,64.76
101.68,65.39
101.72,65.96
101.76,66.16
101.80,65.56
101.84,66.02
101.88,66.47
101.92,65.29
101.96,65.40
102.00,63.85
102.04,64.59
102.08,64.73
102.12,65.90
102.16,64.53
102.20,63.83
102.24,64.97
102.28,63.70
102.32,62.87
102.36,63.41
102.40,64.04
102.44,62.87
102.48,62.88
102.52,63.68
102.56,63.73
102.60,61.87
102.64,61.37
102.68,61.53
102.72,61.08
102.76,58.73
102.80,58.12
102.84,58.32
102.88,56.79
102.92,58.14
102.96,55.64
103.00,56.58
103.04,55.73
103.08,55.51
103.12,54.30
103.16,55.09
103.20,54.80
103.24,54.00
103.28,54.51
103.32,52.84
103.36,53.47
103.40,52.39
103.44,55.20
103.48,54.75
103.52,56.08
103.56,56.14
103.60,53.85
103.64,56.05
103.68,55.82
103.72,59.64
103.76,59.61
103.80,64.23
103.84,65.11
103.88,68.75
103.92,68.81
103.96,71.94
104.00,75.24
104.04,76.63
104.08,77.76
104.12,80.12
104.16,80.00
104.20,80.91
104.24,83.37
104.28,85.47
104.32,86.95
104.36,89.10
104.40,85.64
104.44,88.61
104.48,89.37
104.52,90.30
104.56,90.80
104.60,92.74
104.64,93.71
104.68,91.52
104.72,93.54
104.76,93.37
104.80,94.12
104.84,95.72
104.88,94.15
104.92,95.76
104.96,95.48
105.00,96.25
105.04,96.98
105.08,97.48
105.12,96.96
105.16,97.90
105.20,96.10
105.24,96.72
105.28,94.47
105.32,97.16
105.36,96.19
105.40,96.26
105.44,98.16
105.48,96.06
105.52,97.04
105.56,95.72
105.60,95.68
105.64,94.76
105.68,94.24
105.72,93.69
105.76,94.28
105.80,93.27
105.84,94.77
105.88,93.51
105.92,92.78
105.96,94.19
106.00,90.86
106.04,93.49
106.08,92.07
106.12,92.80
106.16,93.64
106.20,90.76
106.24,92.31
106.28,90.17
106.32,89.96
106.36,91.23
106.40,89.73
106.44,88.11
106.48,89.56
106.52,88.30
106.56,88.67
106.60,88.80
106.64,87.89
106.68,86.55
106.72,88.04
106.76,87.23
106.80,86.43
106.84,86.34
106.88,87.64
106.92,86.43
106.96,86.16
107.00,85.79
107.04,87.67
107.08,85.09
107.12,83.66
107.16,85.43
107.20,85.01
107.24,85.16
107.28,86.36
107.32,84.07
107.36,84.46
107.40,84.87
107.44,85.29
107.48,84.13
107.52,86.09
107.56,84.46
107.60,84.20
107.64,83.90
107.68,85.06
107.72,84.95
107.76,84.11
107.80,86.79
107.84,83.61
107.88,84.88
107.92,85.09
107.96,84.90
108.00,85.23
108.04,85.77
108.08,85.01
108.12,84.68
108.16,85.85
108.20,83.42
108.24,84.27
108.28,84.46
108.32,84.03
108.36,86.06
108.40,84.19
108.44,84.31
108.48,86.03
108.52,85.84
108.56,85.33
108.60,84.71
108.64,85.16
108.68,83.80
108.72,83.55
108.76,84.94
108.80,85.32
108.84,84.79
108.88,82.06
108.92,83.08
108.96,85.95
109.00,84.70
109.04,84.26
109.08,83.85
109.12,83.91
109.16,81.87
109.20,82.73
109.24,82.79
109.28,83.51
109.32,83.43
109.36,82.25
109.40,81.13
109.44,81.56
109.48,82.73
109.52,81.88
109.56,81.54
109.60,79.68
109.64,81.69
109.68,80.00
109.72,80.01
109.76,79.98
109.80,79.52
109.84,79.52
109.88,78.13
109.92,78.28
109.96,77.87
110.00,78.40
110.04,75.30
110.08,75.85
110.12,75.83
110.16,74.88
110.20,74.27
110.24,74.72
110.28,75.01
110.32,74.96
110.36,75.40
110.40,75.04
110.44,75.13
110.48,74.74
110.52,74.42
110.56,74.47
110.60,72.49
110.64,73.43
110.68,72.88
110.72,73.16
110.76,73.36
110.80,72.14
110.84,71.48
110.88,71.14
110.92,73.62
110.96,71.95
111.00,72.23
111.04,71.98
111.08,70.92
111.12,70.87
111.16,71.20
111.20,72.33
111.24,73.03
111.28,73.08
111.32,72.05
111.36,71.14
111.40,72.40
111.44,70.73
111.48,71.18
111.52,72.43
111.56,72.40
111.60,71.82
111.64,72.24
111.68,72.67
111.72,71.80
111.76,71.87
111.80,72.45
111.84,71.85
111.88,73.16
111.92,73.46
111.96,72.91
112.00,72.00
112.04,72.89
112.08,73.23
112.12,73.12
112.16,72.61
112.20,73.67
112.24,72.10
112.28,74.23
112.32,73.75
112.36,73.87
112.40,73.33
112.44,74.90
112.48,75.57
112.52,74.36
112.56,73.11
112.60,74.86
112.64,73.40
112.68,73.82
112.72,74.18
112.76,74.05
112.80,73.43
112.84,73.89
112.88,73.85
112.92,74.64
112.96,74.85
113.00,74.84
113.04,74.14
113.08,74.13
113.12,74.44
113.16,73.18
113.20,72.52
113.24,73.39
113.28,73.02
113.32,73.54
113.36,72.98
113.40,73.07
113.44,74.21
113.48,72.45
113.52,72.88
113.56,73.71
113.60,72.15
113.64,72.06
113.68,71.96
113.72,71.50
113.76,69.82
113.80,69.97
113.84,70.83
113.88,70.66
113.92,71.86
113.96,70.77
114.00,70.99
114.04,70.38
114.08,69.71
114.12,68.07
114.16,69.37
114.20,68.62
114.24,69.68
114.28,68.76
114.32,68.24
114.36,66.63
114.40,68.38
114.44,65.53
114.48,67.49
114.52,66.65
114.56,67.52
114.60,66.42
114.64,67.41
114.68,65.99
114.72,67.46
114.76,65.39
114.80,67.33
114.84,66.09
114.88,65.79
114.92,67.04
114.96,67.51
115.00,66.57
115.04,65.51
115.08,65.54
115.12,65.07
115.16,65.87
115.20,64.71
115.24,66.17
115.28,65.30
115.32,64.35
115.36,66.81
115.40,66.27
115.44,67.76
115.48,66.38
115.52,67.36
115.56,65.07
115.60,67.10
115.64,66.97
115.68,66.41
115.72,69.18
115.76,68.71
115.80,68.40
115.84,65.99
115.88,68.14
115.92,66.65
115.96,67.34
116.00,68.33
116.04,68.84
116.08,67.81
116.12,68.12
116.16,70.24
116.20,70.44
116.24,70.03
116.28,69.54
116.32,68.27
116.36,68.88
116.40,67.82
116.44,67.80
116.48,70.97
116.52,70.92
116.56,70.26
116.60,70.22
116.64,71.09
116.68,69.94
116.72,70.87
116.76,71.22
116.80,69.74
116.84,71.21
116.88,69.13
116.92,70.82
116.96,70.59
117.00,69.21
117.04,71.63
117.08,70.61
117.12,69.36
117.16,70.14
117.20,71.23
117.24,73.24
117.28,70.37
117.32,71.73
117.36,70.59
117.40,70.34
117.44,69.55
117.48,70.54
117.52,70.69
117.56,69.36
117.60,70.10
117.64,70.11
117.68,67.56
117.72,68.32
117.76,68.70
117.80,68.86
117.84,69.23
117.88,67.87
117.92,66.94
117.96,68.69
118.00,66.47
118.04,66.40
118.08,65.84
118.12,66.93
118.16,65.93
118.20,65.05
118.24,66.21
118.28,65.01
118.32,65.47
118.36,65.01
118.40,66.69
118.44,67.59
118.48,62.00
118.52,65.04
118.56,64.63
118.60,65.64
118.64,64.40
118.68,65.04
118.72,63.83
118.76,63.66
118.80,65.14
118.84,64.23
118.88,63.35
118.92,63.48
118.96,64.85
119.00,63.84
119.04,62.43
119.08,63.43
119.12,64.63
119.16,65.99
119.20,64.53
119.24,63.07
119.28,64.62
119.32,65.30
119.36,64.12
119.40,65.12
119.44,64.66
119.48,66.23
119.52,64.99
119.56,65.91
119.60,66.07
119.64,67.35
119.68,65.40
119.72,65.10
119.76,66.59
119.80,66.01
119.84,65.13
119.88,66.56
119.92,67.36
119.96,65.88
120.00,66.30
120.04,66.85
120.08,66.76
120.12,67.19
120.16,66.71
120.20,66.58
120.24,68.04
120.28,67.39
120.32,68.51
120.36,67.66
120.40,69.12
120.44,68.04
120.48,71.60
120.52,70.70
120.56,70.01
120.60,69.01
120.64,69.65
120.68,68.48
120.72,70.73
120.76,71.00
120.80,70.29
120.84,70.78
120.88,68.75
120.92,70.56
120.96,69.93
121.00,69.54
121.04,69.82
121.08,70.39
121.12,70.40
121.16,70.42
121.20,69.73
121.24,70.33
121.28,70.43
121.32,69.84
121.36,71.06
121.40,69.20
121.44,72.13
121.48,69.41
121.52,68.50
121.56,67.12
121.60,69.84
121.64,66.66
121.68,67.69
121.72,69.83
121.76,68.31
121.80,68.22
121.84,68.49
121.88,66.84
121.92,67.16
121.96,65.62
122.00,69.01
122.04,66.43
122.08,68.25
122.12,66.12
122.16,66.36
122.20,65.58
122.24,67.07
122.28,65.35
122.32,67.81
122.36,65.41
122.40,67.11
122.44,66.11
122.48,64.48
122.52,64.05
122.56,66.41
122.60,65.47
122.64,65.86
122.68,64.77
122.72,63.50
122.76,65.06
122.80,66.08
122.84,64.22
122.88,64.82
122.92,63.59
122.96,64.84
123.00,65.13
123.04,62.89
123.08,64.00
123.12,65.44
123.16,66.18
123.20,64.46
123.24,65.11
123.28,65.02
123.32,65.25
123.36,65.29
123.40,65.39
123.44,65.87
123.48,65.57
123.52,64.82
123.56,64.11
123.60,65.21
123.64,66.06
123.68,65.53
123.72,65.90
123.76,66.24
123.80,65.15
123.84,66.06
123.88,66.95
123.92,67.58
123.96,67.06
124.00,67.63
124.04,69.75
124.08,68.81
124.12,67.86
124.16,67.56
124.20,68.88
124.24,68.12
124.28,66.72
124.32,69.70
124.36,69.04
124.40,69.28
124.44,69.81
124.48,68.33
124.52,70.66
124.56,71.89
124.60,69.28
124.64,70.32
124.68,71.12
124.72,71.69
124.76,71.44
124.80,69.21
124.84,69.98
124.88,69.93
124.92,69.89
124.96,69.15
125.00,71.08
125.04,68.93
125.08,72.17
125.12,70.88
125.16,70.26
125.20,70.05
125.24,70.35
125.28,71.98
125.32,68.88
125.36,69.14
125.40,71.09
125.44,69.86
125.48,68.99
125.52,70.58
125.56,68.57
125.60,69.51
125.64,68.61
125.68,71.05
125.72,70.18
125.76,69.51
125.80,69.11
125.84,68.17
125.88,67.55
125.92,68.45
125.96,67.78
126.00,69.81
126.04,67.29
126.08,67.50
126.12,66.77
126.16,67.46
126.20,67.53
126.24,67.70
126.28,66.17
126.32,64.78
126.36,66.93
126.40,66.57
126.44,66.86
126.48,65.95
126.52,67.17
126.56,65.72
126.60,63.99
126.64,65.90
126.68,65.54
126.72,66.10
126.76,65.07
126.80,65.21
126.84,65.07
126.88,65.88
126.92,65.07
126.96,66.06
127.00,66.27
127.04,66.22
127.08,67.39
127.12,65.14
127.16,66.20
127.20,64.69
127.24,64.24
127.28,65.71
127.32,65.31
127.36,65.34
127.40,65.98
127.44,67.24
127.48,66.40
127.52,65.22
127.56,66.80
127.60,66.37
127.64,68.14
127.68,69.59
127.72,68.22
127.76,67.55
127.80,66.54
127.84,67.98
127.88,68.38
127.92,69.22
127.96,69.22
128.00,68.76
128.04,69.84
128.08,70.36
128.12,68.43
128.16,71.07
128.20,70.13
128.24,68.06
128.28,69.49
128.32,70.47
128.36,71.80
128.40,71.28
128.44,71.74
128.48,70.26
128.52,72.44
128.56,72.41
128.60,69.79
128.64,71.96
128.68,70.96
128.72,71.75
128.76,70.47
128.80,72.59
128.84,70.72
128.88,73.61
128.92,71.83
128.96,71.23
129.00,71.23
129.04,72.04
129.08,70.42
129.12,69.72
129.16,71.93
129.20,71.67
129.24,71.36
129.28,72.13
129.32,70.97
129.36,71.46
129.40,71.12
129.44,71.24
129.48,72.17
129.52,69.92
129.56,71.98
129.60,70.74
129.64,70.57
129.68,68.97
129.72,71.17
129.76,68.69
129.80,69.91
129.84,67.72
129.88,68.46
129.92,68.58
129.96,70.35
130.00,69.30
130.04,68.58
130.08,68.54
130.12,69.71
130.16,69.06
130.20,68.30
130.24,67.22
130.28,68.20
130.32,66.70
130.36,66.76
130.40,67.14
130.44,69.16
130.48,68.05
130.52,66.82
130.56,65.34
130.60,65.57
130.64,65.41
130.68,65.91
130.72,65.36
130.76,67.04
130.80,64.82
130.84,66.92
130.88,66.78
130.92,68.11
130.96,66.13
131.00,65.85
131.04,66.15
131.08,66.12
131.12,67.64
131.16,66.86
131.20,65.12
131.24,66.67
131.28,65.71
131.32,67.65
131.36,67.84
131.40,67.14
131.44,66.80
131.48,65.57
131.52,67.49
131.56,67.11
131.60,66.78
131.64,67.52
131.68,69.10
131.72,68.61
131.76,68.30
131.80,67.86
131.84,67.83
131.88,67.48
131.92,69.09
131.96,68.26
132.00,68.62
132.04,65.67
132.08,67.35
132.12,69.02
132.16,68.45
132.20,67.52
132.24,65.73
132.28,66.13
132.32,66.49
132.36,66.09
132.40,64.70
132.44,66.43
132.48,66.27
132.52,67.47
132.56,65.08
132.60,67.00
132.64,66.30
132.68,67.73
132.72,67.70
132.76,65.72
132.80,67.17
132.84,64.92
132.88,66.64
132.92,67.00
132.96,68.31
133.00,67.64
133.04,73.07
133.08,73.86
133.12,76.29
133.16,77.36
133.20,77.09
133.24,80.78
133.28,81.80
133.32,83.13
133.36,83.59
133.40,83.61
133.44,85.33
133.48,86.21
133.52,89.12
133.56,88.65
133.60,90.30
133.64,89.12
133.68,88.78
133.72,89.40
133.76,90.92
133.80,90.46
133.84,92.98
133.88,90.27
133.92,90.40
133.96,93.56
134.00,90.87
134.04,90.06
134.08,92.30
134.12,92.41
134.16,91.42
134.20,91.92
134.24,92.58
134.28,90.69
134.32,91.43
134.36,92.67
134.40,91.80
134.44,93.60
134.48,91.42
134.52,92.21
134.56,92.09
134.60,90.99
134.64,90.53
134.68,91.36
134.72,90.21
134.76,90.12
134.80,89.77
134.84,91.49
134.88,89.25
134.92,91.65
134.96,90.88
135.00,90.86
135.04,90.01
135.08,90.57
135.12,91.20
135.16,91.33
135.20,90.51
135.24,90.75
135.28,91.95
135.32,90.74
135.36,90.79
135.40,91.88
135.44,90.22
135.48,90.24
135.52,90.04
135.56,91.06
135.60,90.96
135.64,89.76
135.68,90.42
135.72,91.13
135.76,92.11
135.80,92.29
135.84,91.28
135.88,90.93
135.92,91.13
135.96,90.84
136.00,89.21
136.04,90.90
136.08,89.93
136.12,91.35
136.16,91.72
136.20,91.01
136.24,89.68
136.28,90.73
136.32,91.47
136.36,90.27
136.40,90.31
136.44,90.98
136.48,92.52
136.52,90.99
136.56,92.08
136.60,92.04
136.64,90.06
136.68,89.60
136.72,90.63
136.76,89.27
136.80,91.13
136.84,91.32
136.88,90.45
136.92,90.71
136.96,90.73
137.00,91.24
137.04,88.83
137.08,89.57
137.12,90.27
137.16,89.97
137.20,90.62
137.24,88.94
137.28,88.68
137.32,88.69
137.36,87.54
137.40,87.32
137.44,88.92
137.48,87.92
137.52,88.60
137.56,87.29
137.60,87.73
137.64,87.90
137.68,86.55
137.72,86.18
137.76,86.66
137.80,84.42
137.84,84.08
137.88,83.12
137.92,84.86
137.96,83.80
138.00,83.58
138.04,83.23
138.08,83.42
138.12,83.10
138.16,82.75
138.20,84.13
138.24,81.85
138.28,83.02
138.32,81.04
138.36,82.08
138.40,81.07
138.44,81.98
138.48,78.70
138.52,80.13
138.56,79.89
138.60,79.60
138.64,78.68
138.68,80.04
138.72,79.64
138.76,78.73
138.80,78.24
138.84,77.69
138.88,78.71
138.92,77.76
138.96,77.40
139.00,77.21
139.04,76.78
139.08,77.49
139.12,77.35
139.16,77.55
139.20,77.34
139.24,77.34
139.28,77.47
139.32,78.43
139.36,78.23
139.40,75.76
139.44,76.82
139.48,77.60
139.52,75.30
139.56,76.52
139.60,77.87
139.64,75.10
139.68,77.24
139.72,78.18
139.76,77.76
139.80,77.75
139.84,77.42
139.88,79.23
139.92,76.96
139.96,79.35
140.00,79.24
140.04,76.39
140.08,78.33
140.12,79.28
140.16,78.76
140.20,80.32
140.24,78.52
140.28,78.76
140.32,79.45
140.36,78.92
140.40,77.40
140.44,80.12
140.48,78.92
140.52,80.71
140.56,80.50
140.60,80.12
140.64,79.16
140.68,79.71
140.72,78.83
140.76,77.88
140.80,79.38
140.84,78.18
140.88,78.20
140.92,78.06
140.96,77.14
141.00,79.51
141.04,78.64
141.08,77.58
141.12,78.76
141.16,79.50
141.20,76.86
141.24,77.34
141.28,78.03
141.32,77.76
141.36,76.30
141.40,79.58
141.44,76.84
141.48,76.32
141.52,76.84
141.56,75.32
141.60,76.20
141.64,76.46
141.68,74.10
141.72,76.62
141.76,74.88
141.80,75.14
141.84,75.61
141.88,74.55
141.92,73.98
141.96,74.71
142.00,73.69
142.04,73.25
142.08,73.37
142.12,71.66
142.16,72.27
142.20,72.89
142.24,71.54
142.28,73.07
142.32,72.26
142.36,72.18
142.40,71.56
142.44,68.49
142.48,70.68
142.52,70.35
142.56,71.80
142.60,69.73
142.64,70.35
142.68,69.24
142.72,69.62
142.76,70.06
142.80,68.92
142.84,68.66
142.88,71.04
142.92,69.67
142.96,69.90
143.00,68.82
143.04,69.12
143.08,68.54
143.12,69.14
143.16,67.83
143.20,69.21
143.24,68.78
143.28,68.34
143.32,69.43
143.36,67.25
143.40,68.16
143.44,70.04
143.48,69.11
143.52,69.02
143.56,69.67
143.60,70.11
143.64,69.58
143.68,69.39
143.72,68.85
143.76,70.47
143.80,69.56
143.84,70.78
143.88,70.98
143.92,71.08
143.96,71.98
144.00,68.33
144.04,70.20
144.08,72.02
144.12,70.57
144.16,70.29
144.20,69.75
144.24,72.56
144.28,71.02
144.32,71.41
144.36,71.68
144.40,71.28
144.44,73.11
144.48,72.92
144.52,73.39
144.56,71.77
144.60,73.68
144.64,72.59
144.68,72.18
144.72,73.75
144.76,72.72
144.80,72.33
144.84,72.39
144.88,70.26
144.92,72.43
144.96,72.29
145.00,71.98
145.04,72.70
145.08,71.92
145.12,70.54
145.16,70.89
145.20,73.11
145.24,72.76
145.28,73.88
145.32,71.20
145.36,71.05
145.40,69.22
145.44,71.67
145.48,72.13
145.52,71.29
145.56,70.68
145.60,69.59
145.64,69.35
145.68,70.00
145.72,68.17
145.76,70.13
145.80,68.83
145.84,70.09
145.88,67.59
145.92,67.71
145.96,69.35
146.00,67.79
146.04,67.42
146.08,70.18
146.12,67.67
146.16,67.87
146.20,66.20
146.24,65.84
146.28,66.30
146.32,67.97
146.36,67.24
146.40,65.10
146.44,65.87
146.48,66.34
146.52,64.81
146.56,66.89
146.60,62.16
146.64,64.23
146.68,62.79
146.72,65.99
146.76,67.50
146.80,63.97
146.84,64.35
146.88,65.99
146.92,66.22
146.96,64.38
147.00,63.30
147.04,63.79
147.08,62.45
147.12,64.52
147.16,65.14
147.20,65.55
147.24,63.97
147.28,65.15
147.32,63.54
147.36,63.85
147.40,65.16
147.44,65.52
147.48,66.13
147.52,64.48
147.56,66.07
147.60,65.37
147.64,64.31
147.68,65.20
147.72,66.45
147.76,65.77
147.80,66.29
147.84,66.33
147.88,66.44
147.92,66.39
147.96,66.80
148.00,66.05
148.04,67.46
148.08,67.83
148.12,67.60
148.16,67.59
148.20,66.95
148.24,67.30
148.28,68.15
148.32,70.16
148.36,68.50
148.40,68.48
148.44,67.43
148.48,67.39
148.52,68.47
148.56,69.08
148.60,69.08
148.64,69.12
148.68,69.78
148.72,69.58
148.76,68.07
148.80,69.07
148.84,69.71
148.88,70.06
148.92,70.05
148.96,69.00
149.00,69.01
149.04,69.52
149.08,69.45
149.12,70.34
149.16,69.17
149.20,69.28
149.24,69.03
149.28,67.83
149.32,68.72
149.36,68.62
149.40,68.21
149.44,67.48
149.48,67.05
149.52,68.63
149.56,66.85
149.60,66.92
149.64,67.78
149.68,67.40
149.72,65.62
149.76,68.31
149.80,66.26
149.84,67.92
149.88,66.01
149.92,66.17
149.96,65.59
150.00,66.31
150.04,66.65
150.08,67.37
150.12,64.84
150.16,63.60
150.20,63.85
150.24,65.29
150.28,64.51
150.32,63.79
150.36,63.31
150.40,63.35
150.44,63.69
150.48,63.86
150.52,62.41
150.56,63.27
150.60,63.27
150.64,62.21
150.68,63.59
150.72,62.59
150.76,61.06
150.80,62.06
150.84,63.13
150.88,61.32
150.92,62.57
150.96,61.24
151.00,63.89
151.04,61.77
151.08,63.14
151.12,61.96
151.16,61.74
151.20,61.88
151.24,62.41
151.28,63.88
151.32,63.39
151.36,62.70
151.40,64.05
151.44,62.91
151.48,64.07
151.52,62.58
151.56,64.06
151.60,62.61
151.64,62.58
151.68,63.31
151.72,64.79
151.76,64.30
151.80,63.79
151.84,64.31
151.88,64.16
151.92,64.49
151.96,64.34
152.00,66.23
152.04,66.34
152.08,65.94
152.12,64.68
152.16,64.54
152.20,66.70
152.24,66.09
152.28,66.23
152.32,66.92
152.36,66.43
152.40,68.85
152.44,67.31
152.48,67.35
152.52,67.19
152.56,65.63
152.60,68.37
152.64,68.00
152.68,66.83
152.72,66.98
152.76,67.40
152.80,68.79
152.84,67.34
152.88,66.67
152.92,68.06
152.96,68.53
153.00,69.24
153.04,69.13
153.08,69.05
153.12,69.02
153.16,69.76
153.20,67.72
153.24,68.66
153.28,67.66
153.32,67.73
153.36,69.53
153.40,67.75
153.44,65.91
153.48,68.16
153.52,66.28
153.56,67.21
153.60,67.61
153.64,67.80
153.68,66.81
153.72,66.95
153.76,66.46
153.80,64.55
153.84,65.96
153.88,64.99
153.92,66.91
153.96,65.35
154.00,64.76
154.04,64.66
154.08,64.72
154.12,63.77
154.16,64.15
154.20,63.54
154.24,64.28
154.28,64.55
154.32,63.21
154.36,63.99
154.40,64.21
154.44,61.92
154.48,63.57
154.52,63.29
154.56,62.11
154.60,61.84
154.64,61.78
154.68,62.79
154.72,62.09
154.76,62.52
154.80,63.34
154.84,62.38
154.88,60.50
154.92,63.68
154.96,61.94
155.00,62.54
155.04,62.29
155.08,61.02
155.12,63.06
155.16,62.81
155.20,61.23
155.24,63.60
155.28,61.39
155.32,63.27
155.36,62.62
155.40,62.45
155.44,63.54
155.48,61.18
155.52,63.71
155.56,64.12
155.60,64.27
155.64,62.75
155.68,65.88
155.72,64.78
155.76,62.55
155.80,65.28
155.84,66.02
155.88,64.55
155.92,64.67
155.96,66.02
156.00,66.37
156.04,66.57
156.08,65.50
156.12,65.21
156.16,65.41
156.20,65.60
156.24,67.10
156.28,67.27
156.32,68.35
156.36,66.86
156.40,67.37
156.44,67.04
156.48,67.29
156.52,67.06
156.56,68.73
156.60,67.43
156.64,68.26
156.68,67.82
156.72,68.97
156.76,68.01
156.80,69.96
156.84,68.89
156.88,68.51
156.92,69.88
156.96,67.14
157.00,69.47
157.04,69.39
157.08,67.97
157.12,69.35
157.16,66.61
157.20,67.98
157.24,67.51
157.28,67.71
157.32,68.29
157.36,68.67
157.40,67.21
157.44,68.82
157.48,67.42
157.52,66.85
157.56,67.52
157.60,66.83
157.64,67.31
157.68,67.21
157.72,66.31
157.76,67.61
157.80,66.13
157.84,65.98
157.88,66.76
157.92,66.34
157.96,66.00
158.00,64.89
158.04,64.36
158.08,66.41
158.12,64.77
158.16,64.38
158.20,64.26
158.24,65.19
158.28,62.39
158.32,64.70
158.36,65.98
158.40,64.28
158.44,63.13
158.48,64.39
158.52,64.20
158.56,65.11
158.60,62.44
158.64,64.39
158.68,61.39
158.72,63.11
158.76,64.13
158.80,61.86
158.84,62.28
158.88,61.85
158.92,62.19
158.96,63.91
159.00,60.91
159.04,62.34
159.08,63.97
159.12,63.77
159.16,62.56
159.20,62.32
159.24,64.31
159.28,63.28
159.32,62.84
159.36,63.42
159.40,62.89
159.44,63.10
159.48,63.89
159.52,62.55
159.56,64.51
159.60,64.48
159.64,64.49
159.68,64.75
159.72,65.09
159.76,65.09
159.80,64.82
159.84,64.80
159.88,66.43
159.92,66.47
159.96,66.42
160.00,66.34
160.04,66.81
160.08,66.74
160.12,65.61
160.16,65.32
160.20,68.07
160.24,67.51
160.28,68.80
160.32,66.26
160.36,65.75
160.40,68.18
160.44,69.60
160.48,69.49
160.52,68.79
160.56,68.28
160.60,69.35
160.64,69.43
160.68,68.72
160.72,71.52
160.76,68.61
160.80,69.43
160.84,68.61
160.88,68.51
160.92,68.98
160.96,71.31
161.00,68.91
161.04,69.67
161.08,68.57
161.12,68.79
161.16,70.10
161.20,70.70
161.24,69.66
161.28,67.73
161.32,71.23
161.36,68.54
161.40,68.73
161.44,68.19
161.48,68.82
161.52,68.22
161.56,68.47
161.60,68.08
161.64,68.83
161.68,68.81
161.72,67.29
161.76,66.82
161.80,67.31
161.84,67.36
161.88,67.38
161.92,66.06
161.96,67.65
162.00,66.69
162.04,66.50
162.08,64.49
162.12,66.19
162.16,66.49
162.20,65.99
162.24,65.25
162.28,65.82
162.32,65.95
162.36,66.46
162.40,65.03
162.44,64.19
162.48,65.38
162.52,63.72
162.56,65.16
162.60,64.25
162.64,65.00
162.68,64.75
162.72,63.38
162.76,64.34
162.80,62.80
162.84,64.76
162.88,65.55
162.92,63.56
162.96,63.01
163.00,65.07
163.04,64.63
163.08,63.82
163.12,64.46
163.16,62.93
163.20,62.50
163.24,64.38
163.28,64.26
163.32,64.00
163.36,66.17
163.40,65.05
163.44,64.94
163.48,66.32
163.52,65.48
163.56,67.32
163.60,65.68
163.64,66.60
163.68,65.94
163.72,65.41
163.76,67.68
163.80,67.29
163.84,65.58
163.88,65.84
163.92,67.53
163.96,68.45
164.00,68.62
164.04,68.26
164.08,67.96
164.12,67.76
164.16,68.13
164.20,67.67
164.24,67.70
164.28,69.33
164.32,69.04
164.36,69.09
164.40,68.59
164.44,70.12
164.48,70.71
164.52,70.06
164.56,70.44
164.60,70.31
164.64,70.69
164.68,69.57
164.72,70.58
164.76,70.03
164.80,71.00
164.84,72.62
164.88,69.60
164.92,69.67
164.96,70.85
165.00,70.31
165.04,71.86
165.08,70.33
165.12,72.28
165.16,72.63
165.20,71.27
165.24,70.07
165.28,71.65
165.32,70.74
165.36,71.35
165.40,70.18
165.44,70.98
165.48,69.34
165.52,69.75
165.56,69.10
165.60,68.93
165.64,69.20
165.68,69.78
165.72,69.31
165.76,68.96
165.80,68.19
165.84,69.90
165.88,67.35
165.92,68.16
165.96,68.49
166.00,67.43
166.04,69.16
166.08,68.37
166.12,68.36
166.16,67.08
166.20,66.78
166.24,67.14
166.28,67.22
166.32,66.87
166.36,66.75
166.40,66.78
166.44,66.24
166.48,66.64
166.52,65.36
166.56,67.15
166.60,66.23
166.64,66.03
166.68,65.54
166.72,64.34
166.76,66.24
166.80,64.45
166.84,64.12
166.88,64.95
166.92,64.28
166.96,65.55
167.00,67.69
167.04,64.35
167.08,67.29
167.12,65.85
167.16,65.10
167.20,65.52
167.24,64.20
167.28,65.57
167.32,64.75
167.36,67.02
167.40,66.48
167.44,66.85
167.48,67.45
167.52,65.49
167.56,66.55
167.60,65.95
167.64,65.59
167.68,69.03
167.72,66.36
167.76,67.55
167.80,68.65
167.84,67.68
167.88,68.00
167.92,66.85
167.96,69.93
168.00,70.68
168.04,68.94
168.08,70.64
168.12,69.70
168.16,68.08
168.20,69.29
168.24,69.13
168.28,68.61
168.32,67.85
168.36,69.69
168.40,70.64
168.44,70.92
168.48,71.18
168.52,71.65
168.56,70.32
168.60,71.63
168.64,69.89
168.68,72.28
168.72,69.69
168.76,71.36
168.80,71.54
168.84,73.19
168.88,70.40
168.92,69.91
168.96,72.58
169.00,72.32
169.04,70.69
169.08,71.64
169.12,71.42
169.16,70.69
169.20,72.09
169.24,72.13
169.28,71.42
169.32,70.72
169.36,71.41
169.40,71.12
169.44,71.18
169.48,70.64
169.52,71.72
169.56,69.87
169.60,69.46
169.64,70.35
169.68,69.82
169.72,71.07
169.76,70.13
169.80,70.86
169.84,70.12
169.88,68.97
169.92,69.07
169.96,69.31
170.00,67.97
170.04,68.84
170.08,68.80
170.12,68.66
170.16,68.19
170.20,67.49
170.24,66.79
170.28,66.17
170.32,67.47
170.36,66.79
170.40,67.96
170.44,67.74
170.48,66.35
170.52,68.26
170.56,65.89
170.60,66.66
170.64,66.13
170.68,65.81
170.72,64.64
170.76,65.81
170.80,65.72
170.84,64.51
170.88,65.28
170.92,65.41
170.96,66.83
171.00,64.47
171.04,67.22
171.08,67.91
171.12,64.63
171.16,66.61
171.20,65.95
171.24,64.56
171.28,67.48
171.32,67.14
171.36,65.95
171.40,64.04
171.44,66.21
171.48,67.23
171.52,67.33
171.56,67.73
171.60,67.85
171.64,67.51
171.68,67.38
171.72,67.51
171.76,67.26
171.80,68.97
171.84,67.70
171.88,68.86
171.92,68.05
171.96,68.53
172.00,67.27
172.04,67.87
172.08,69.14
172.12,69.19
172.16,68.61
172.20,70.83
172.24,69.16
172.28,70.07
172.32,70.05
172.36,70.94
172.40,72.47
172.44,70.07
172.48,69.48
172.52,69.26
172.56,70.42
172.60,69.98
172.64,71.56
172.68,71.78
172.72,71.71
172.76,71.05
172.80,71.91
172.84,70.59
172.88,72.58
172.92,70.86
172.96,73.64
173.00,71.86
173.04,71.16
173.08,70.97
173.12,71.52
173.16,71.69
173.20,69.85
173.24,70.41
173.28,70.67
173.32,70.20
173.36,69.14
173.40,70.40
173.44,69.56
173.48,71.73
173.52,68.60
173.56,70.78
173.60,71.69
173.64,69.54
173.68,71.00
173.72,71.93
173.76,69.64
173.80,68.49
173.84,68.52
173.88,69.38
173.92,67.95
173.96,68.36
174.00,68.75
174.04,67.18
174.08,67.35
174.12,67.85
174.16,66.74
174.20,66.67
174.24,66.72
174.28,69.03
174.32,67.29
174.36,65.97
174.40,66.62
174.44,65.20
174.48,65.92
174.52,66.35
174.56,66.12
174.60,67.36
174.64,65.44
174.68,67.38
174.72,65.83
174.76,65.52
174.80,66.51
174.84,64.55
174.88,64.18
174.92,66.42
174.96,64.91
175.00,65.15
175.04,64.87
175.08,66.41
175.12,65.48
175.16,64.55
175.20,64.88
175.24,64.03
175.28,64.80
175.32,66.56
175.36,65.69
175.40,65.26
175.44,65.62
175.48,65.77
175.52,65.20
175.56,65.49
175.60,65.36
175.64,66.02
175.68,66.42
175.72,66.30
175.76,65.67
175.80,68.45
175.84,65.93
175.88,67.02
175.92,65.67
175.96,68.20
176.00,68.42
176.04,66.32
176.08,66.99
176.12,67.52
176.16,68.71
176.20,67.33
176.24,70.23
176.28,67.94
176.32,69.88
176.36,68.96
176.40,69.29
176.44,68.45
176.48,71.74
176.52,68.56
176.56,68.63
176.60,70.14
176.64,68.93
176.68,69.42
176.72,68.38
176.76,69.48
176.80,71.33
176.84,71.68
176.88,69.88
176.92,69.43
176.96,70.31
177.00,69.22
177.04,70.69
177.08,70.26
177.12,69.98
177.16,70.23
177.20,69.94
177.24,69.73
177.28,70.45
177.32,68.55
177.36,67.94
177.40,68.47
177.44,70.63
177.48,68.97
177.52,69.55
177.56,66.38
177.60,67.95
177.64,68.16
177.68,66.78
177.72,68.14
177.76,67.83
177.80,67.17
177.84,68.71
177.88,67.58
177.92,66.98
177.96,66.45
178.00,67.52
178.04,65.30
178.08,65.50
178.12,67.25
178.16,64.69
178.20,65.99
178.24,65.88
178.28,65.58
178.32,65.76
178.36,66.54
178.40,65.60
178.44,64.95
178.48,64.83
178.52,64.63
178.56,63.68
178.60,64.45
178.64,63.00
178.68,63.06
178.72,64.90
178.76,62.57
178.80,63.14
178.84,61.23
178.88,64.39
178.92,65.57
178.96,63.65
179.00,63.19
179.04,62.50
179.08,62.70
179.12,64.80
179.16,64.15
179.20,64.91
179.24,64.76
179.28,64.67
179.32,64.10
179.36,64.16
179.40,64.14
179.44,64.69
179.48,63.85
179.52,64.42
179.56,64.97
179.60,64.96
179.64,64.39
179.68,66.55
179.72,65.27
179.76,64.12
179.80,65.81
179.84,63.21
179.88,64.85
179.92,65.12
179.96,66.93
180.00,65.93
180.04,65.96
180.08,66.53
180.12,66.62
180.16,65.40
180.20,66.72
180.24,65.75
180.28,67.15
180.32,67.38
180.36,66.89
180.40,67.70
180.44,67.60
180.48,68.79
180.52,69.49
180.56,68.81
180.60,68.98
180.64,67.26
180.68,66.84
180.72,68.64
180.76,70.08
180.80,67.11
180.84,68.02
180.88,69.66
180.92,66.70
180.96,69.12
181.00,68.96
181.04,70.00
181.08,68.31
181.12,66.82
181.16,70.19
181.20,68.53
181.24,67.66
181.28,66.84
181.32,67.16
181.36,66.94
181.40,67.95
181.44,67.06
181.48,67.00
181.52,69.44
181.56,68.17
181.60,67.49
181.64,64.64
181.68,65.47
181.72,65.69
181.76,65.83
181.80,64.77
181.84,66.47
181.88,65.40
181.92,64.46
181.96,66.22
182.00,65.34
182.04,66.70
182.08,63.40
182.12,64.44
182.16,65.51
182.20,63.11
182.24,64.35
182.28,62.26
182.32,63.85
182.36,63.27
182.40,64.05
182.44,62.35
182.48,62.49
182.52,62.57
182.56,62.14
182.60,62.26
182.64,62.87
182.68,62.06
182.72,61.15
182.76,62.12
182.80,60.96
182.84,60.63
182.88,61.69
182.92,63.36
182.96,61.96
183.00,60.45
183.04,61.16
183.08,60.50
183.12,61.00
183.16,61.67
183.20,61.32
183.24,62.03
183.28,62.47
183.32,62.37
183.36,60.83
183.40,62.03
183.44,61.58
183.48,62.31
183.52,62.23
183.56,61.06
183.60,61.84
183.64,63.95
183.68,63.70
183.72,64.97
183.76,62.69
183.80,61.77
183.84,61.66
183.88,64.45
183.92,63.63
183.96,64.69
184.00,65.12
184.04,64.44
184.08,65.51
184.12,64.59
184.16,64.57
184.20,65.35
184.24,65.11
184.28,67.11
184.32,67.36
184.36,67.31
184.40,66.35
184.44,65.66
184.48,65.93
184.52,65.38
184.56,65.95
184.60,66.29
184.64,65.54
184.68,66.96
184.72,66.97
184.76,68.32
184.80,67.05
184.84,67.25
184.88,66.09
184.92,65.49
184.96,66.74
185.00,64.76
185.04,67.52
185.08,66.80
185.12,66.47
185.16,67.43
185.20,65.75
185.24,67.57
185.28,66.22
185.32,67.24
185.36,65.90
185.40,66.92
185.44,64.72
185.48,65.53
185.52,65.80
185.56,64.28
185.60,65.53
185.64,66.08
185.68,64.72
185.72,66.09
185.76,63.79
185.80,66.76
185.84,62.42
185.88,64.14
185.92,61.48
185.96,63.40
186.00,62.32
186.04,63.62
186.08,62.76
186.12,63.33
186.16,62.60
186.20,61.28
186.24,61.50
186.28,61.79
186.32,61.85
186.36,61.58
186.40,60.49
186.44,61.35
186.48,59.11
186.52,61.56
186.56,60.66
186.60,60.54
186.64,60.92
186.68,62.17
186.72,61.06
186.76,61.23
186.80,61.17
186.84,60.91
186.88,58.66
186.92,60.58
186.96,61.57
187.00,59.80
187.04,61.44
187.08,59.94
187.12,59.67
187.16,61.10
187.20,59.94
187.24,60.18
187.28,60.87
187.32,59.02
187.36,62.09
187.40,61.29
187.44,58.49
187.48,61.50
187.52,60.86
187.56,60.06
187.60,62.01
187.64,62.73
187.68,62.53
187.72,62.26
187.76,62.01
187.80,62.95
187.84,61.83
187.88,61.12
187.92,63.17
187.96,61.02
188.00,64.38
188.04,64.39
188.08,64.27
188.12,62.79
188.16,63.93
188.20,65.06
188.24,63.67
188.28,64.41
188.32,65.09
188.36,64.83
188.40,66.37
188.44,64.84
188.48,64.87
188.52,65.62
188.56,66.28
188.60,64.60
188.64,66.28
188.68,67.39
188.72,65.66
188.76,66.42
188.80,64.83
188.84,66.54
188.88,66.19
188.92,66.27
188.96,66.16
189.00,67.90
189.04,66.51
189.08,66.20
189.12,64.96
189.16,65.80
189.20,67.47
189.24,66.55
189.28,66.33
189.32,66.10
189.36,66.41
189.40,66.98
189.44,64.29
189.48,64.68
189.52,64.10
189.56,64.62
189.60,65.10
189.64,65.32
189.68,63.91
189.72,64.16
189.76,64.81
189.80,64.70
189.84,66.10
189.88,64.23
189.92,64.93
189.96,62.74
190.00,62.67
190.04,62.51
190.08,63.18
190.12,62.93
190.16,63.34
190.20,62.88
190.24,61.01
190.28,63.42
190.32,62.20
190.36,61.20
190.40,62.70
190.44,61.31
190.48,60.36
190.52,59.64
190.56,60.37
190.60,60.50
190.64,59.03
190.68,62.05
190.72,58.61
190.76,60.28
190.80,61.25
190.84,61.39
190.88,61.64
190.92,61.88
190.96,58.61
191.00,60.98
191.04,61.92
191.08,61.61
191.12,58.79
191.16,60.14
191.20,60.09
191.24,61.22
191.28,60.87
191.32,60.59
191.36,61.01
191.40,60.64
191.44,60.06
191.48,61.37
191.52,60.94
191.56,59.98
191.60,62.49
191.64,62.28
191.68,61.09
191.72,61.40
191.76,60.37
191.80,60.58
191.84,60.27
191.88,60.16
191.92,60.42
191.96,59.27
192.00,60.76
192.04,59.95
192.08,61.96
192.12,58.93
192.16,59.90
192.20,59.97
192.24,59.74
192.28,59.14
192.32,59.12
192.36,60.07
192.40,60.65
192.44,60.49
192.48,60.38
192.52,61.65
192.56,58.61
192.60,61.54
192.64,62.63
192.68,62.91
192.72,60.57
192.76,64.61
192.80,66.70
192.84,66.91
192.88,68.23
192.92,71.56
192.96,72.16
193.00,73.92
193.04,72.95
193.08,76.47
193.12,77.18
193.16,75.33
193.20,77.68
193.24,79.52
193.28,78.32
193.32,78.91
193.36,79.92
193.40,79.90
193.44,79.96
193.48,82.06
193.52,82.12
193.56,80.90
193.60,82.47
193.64,81.61
193.68,82.44
193.72,83.67
193.76,81.98
193.80,81.78
193.84,81.88
193.88,82.52
193.92,83.13
193.96,84.73
194.00,83.54
194.04,83.52
194.08,83.00
194.12,82.14
194.16,83.51
194.20,83.12
194.24,82.36
194.28,82.50
194.32,81.45
194.36,83.21
194.40,83.48
194.44,79.92
194.48,80.34
194.52,80.74
194.56,82.19
194.60,80.31
194.64,80.74
194.68,81.51
194.72,80.76
194.76,82.52
194.80,80.07
194.84,79.96
194.88,81.76
194.92,80.68
194.96,80.58
195.00,79.02
195.04,80.38
195.08,80.64
195.12,78.61
195.16,79.58
195.20,79.57
195.24,79.00
195.28,78.35
195.32,80.12
195.36,79.00
195.40,79.71
195.44,79.85
195.48,78.94
195.52,80.36
195.56,79.92
195.60,79.85
195.64,79.60
195.68,80.20
195.72,81.33
195.76,80.01
195.80,79.51
195.84,80.92
195.88,80.86
195.92,80.99
195.96,80.10
196.00,80.03
196.04,81.75
196.08,81.88
196.12,80.98
196.16,79.97
196.20,82.46
196.24,81.37
196.28,80.46
196.32,81.04
196.36,81.50
196.40,81.86
196.44,80.96
196.48,80.83
196.52,80.97
196.56,82.18
196.60,81.40
196.64,82.40
196.68,81.32
196.72,80.64
196.76,81.55
196.80,83.87
196.84,82.41
196.88,80.90
196.92,82.48
196.96,80.03
197.00,81.86
197.04,81.79
197.08,79.54
197.12,79.64
197.16,80.81
197.20,80.50
197.24,81.49
197.28,79.04
197.32,81.04
197.36,80.19
197.40,80.19
197.44,79.44
197.48,78.36
197.52,78.88
197.56,78.54
197.60,79.30
197.64,78.68
197.68,79.20
197.72,78.99
197.76,76.90
197.80,75.71
197.84,76.59
197.88,77.55
197.92,75.24
197.96,75.04
198.00,75.94
198.04,75.24
198.08,74.42
198.12,74.56
198.16,73.84
198.20,74.80
198.24,74.58
198.28,73.71
198.32,73.89
198.36,74.66
198.40,72.70
198.44,72.43
198.48,72.22
198.52,74.58
198.56,72.65
198.60,72.33
198.64,72.54
198.68,71.94
198.72,72.99
198.76,70.72
198.80,71.82
198.84,72.04
198.88,71.79
198.92,71.34
198.96,72.01
199.00,71.46
199.04,71.99
199.08,70.32
199.12,70.36
199.16,71.67
199.20,70.70
199.24,71.28
199.28,71.17
199.32,71.03
199.36,72.59
199.40,71.05
199.44,71.21
199.48,71.25
199.52,71.82
199.56,71.98
199.60,71.80
199.64,72.29
199.68,70.49
199.72,71.90
199.76,72.11
199.80,73.03
199.84,73.40
199.88,72.92
199.92,72.07
199.96,71.88
200.00,73.27
200.04,72.11
200.08,72.85
200.12,74.29
200.16,74.63
200.20,73.81
200.24,73.20
200.28,72.60
200.32,74.71
200.36,75.81
200.40,74.41
200.44,73.30
200.48,73.08
200.52,75.04
200.56,75.53
200.60,75.69
200.64,74.46
200.68,73.87
200.72,74.53
200.76,74.78
200.80,74.27
200.84,76.15
200.88,75.63
200.92,74.75
200.96,75.15
201.00,74.85
201.04,75.72
201.08,75.00
201.12,74.05
201.16,74.82
201.20,75.47
201.24,74.03
201.28,74.26
201.32,74.12
201.36,74.37
201.40,73.44
201.44,73.76
201.48,74.09
201.52,73.00
201.56,73.27
201.60,71.28
201.64,72.98
201.68,72.45
201.72,73.30
201.76,71.01
201.80,72.44
201.84,73.09
201.88,72.27
201.92,71.07
201.96,71.84
202.00,70.97
202.04,70.12
202.08,70.60
202.12,70.00
202.16,67.99
202.20,69.33
202.24,69.68
202.28,69.68
202.32,68.37
202.36,67.86
202.40,69.64
202.44,67.74
202.48,65.12
202.52,67.36
202.56,68.01
202.60,66.72
202.64,68.68
202.68,66.66
202.72,66.42
202.76,66.72
202.80,67.65
202.84,67.30
202.88,67.38
202.92,66.67
202.96,66.19
203.00,67.29
203.04,68.00
203.08,67.34
203.12,66.93
203.16,67.62
203.20,67.25
203.24,65.39
203.28,67.71
203.32,66.66
203.36,67.65
203.40,68.15
203.44,66.36
203.48,67.09
203.52,67.88
203.56,66.28
203.60,66.59
203.64,66.55
203.68,68.72
203.72,69.21
203.76,68.11
203.80,69.22
203.84,68.82
203.88,69.01
203.92,70.64
203.96,69.78
204.00,70.13
204.04,69.15
204.08,68.94
204.12,70.69
204.16,70.16
204.20,70.15
204.24,70.81
204.28,70.40
204.32,69.70
204.36,72.46
204.40,69.21
204.44,69.86
204.48,71.03
204.52,71.13
204.56,71.21
204.60,72.72
204.64,73.78
204.68,72.18
204.72,72.31
204.76,72.56
204.80,70.41
204.84,71.65
204.88,73.05
204.92,71.24
204.96,68.39
205.00,71.12
205.04,72.16
205.08,71.92
205.12,70.76
205.16,71.45
205.20,71.17
205.24,71.56
205.28,70.27
205.32,68.87
205.36,70.89
205.40,70.49
205.44,70.43
205.48,71.53
205.52,73.02
205.56,71.40
205.60,70.79
205.64,70.16
205.68,69.88
205.72,69.96
205.76,69.93
205.80,69.61
205.84,69.79
205.88,69.49
205.92,69.84
205.96,69.46
206.00,69.73
206.04,68.85
206.08,68.02
206.12,67.42
206.16,68.05
206.20,67.64
206.24,67.57
206.28,66.55
206.32,67.75
206.36,67.44
206.40,66.37
206.44,67.99
206.48,67.44
206.52,68.29
206.56,66.74
206.60,65.03
206.64,66.13
206.68,66.22
206.72,66.52
206.76,65.64
206.80,64.43
206.84,65.37
206.88,65.40
206.92,65.47
206.96,65.29
207.00,66.18
207.04,65.96
207.08,64.20
207.12,63.86
207.16,64.94
207.20,67.48
207.24,66.44
207.28,65.24
207.32,63.60
207.36,64.26
207.40,66.04
207.44,65.77
207.48,65.30
207.52,65.85
207.56,66.75
207.60,66.19
207.64,67.26
207.68,67.30
207.72,66.09
207.76,66.84
207.80,68.61
207.84,67.98
207.88,68.12
207.92,66.59
207.96,68.26
208.00,68.13
208.04,66.49
208.08,68.03
208.12,68.31
208.16,68.25
208.20,68.68
208.24,67.39
208.28,69.79
208.32,68.44
208.36,72.21
208.40,69.25
208.44,71.30
208.48,71.04
208.52,68.66
208.56,71.46
208.60,70.96
208.64,70.13
208.68,70.45
208.72,71.13
208.76,70.17
208.80,68.65
208.84,70.98
208.88,68.64
208.92,70.43
208.96,69.85
209.00,70.94
209.04,69.96
209.08,69.91
209.12,71.88
209.16,69.59
209.20,70.19
209.24,70.11
209.28,70.65
209.32,71.10
209.36,70.19
209.40,69.39
209.44,69.55
209.48,70.24
209.52,69.93
209.56,69.74
209.60,69.06
209.64,68.80
209.68,69.21
209.72,68.31
209.76,69.59
209.80,67.79
209.84,70.88
209.88,66.85
209.92,69.37
209.96,68.43
210.00,68.72
210.04,67.04
210.08,68.65
210.12,66.96
210.16,68.10
210.20,64.45
210.24,67.72
210.28,66.62
210.32,64.82
210.36,67.29
210.40,66.14
210.44,65.41
210.48,65.69
210.52,65.63
210.56,64.91
210.60,64.89
210.64,63.62
210.68,64.65
210.72,64.52
210.76,65.64
210.80,65.75
210.84,65.04
210.88,65.46
210.92,65.11
210.96,63.51
211.00,65.09
211.04,64.97
211.08,64.14
211.12,65.11
211.16,66.04
211.20,62.98
211.24,65.06
211.28,63.25
211.32,63.75
211.36,63.75
211.40,65.46
211.44,65.17
211.48,64.96
211.52,66.79
211.56,64.64
211.60,65.47
211.64,66.35
211.68,64.67
211.72,65.57
211.76,64.02
211.80,65.72
211.84,67.42
211.88,65.16
211.92,65.70
211.96,68.44
212.00,66.13
212.04,67.03
212.08,66.51
212.12,66.96
212.16,69.02
212.20,68.52
212.24,66.88
212.28,68.57
212.32,70.89
212.36,69.32
212.40,67.77
212.44,67.33
212.48,71.20
212.52,69.30
212.56,69.15
212.60,70.20
212.64,69.50
212.68,69.69
212.72,69.77
212.76,68.85
212.80,69.10
212.84,69.35
212.88,69.42
212.92,69.62
212.96,68.39
213.00,68.42
213.04,70.84
213.08,69.60
213.12,71.55
213.16,70.71
213.20,68.89
213.24,71.06
213.28,69.64
213.32,69.69
213.36,68.67
213.40,68.69
213.44,67.84
213.48,68.21
213.52,69.44
213.56,68.00
213.60,69.61
213.64,67.90
213.68,68.00
213.72,68.65
213.76,67.30
213.80,66.65
213.84,66.36
213.88,66.69
213.92,66.56
213.96,67.81
214.00,65.85
214.04,65.92
214.08,65.84
214.12,65.43
214.16,65.06
214.20,65.37
214.24,64.04
214.28,64.26
214.32,63.84
214.36,65.28
214.40,64.13
214.44,62.80
214.48,63.38
214.52,64.65
214.56,63.08
214.60,61.80
214.64,63.07
214.68,63.72
214.72,64.00
214.76,62.64
214.80,63.08
214.84,63.64
214.88,63.02
214.92,64.25
214.96,62.66
215.00,62.21
215.04,63.15
215.08,62.21
215.12,63.06
215.16,62.87
215.20,63.47
215.24,62.52
215.28,63.56
215.32,63.83
215.36,62.98
215.40,63.55
215.44,63.74
215.48,62.56
215.52,62.82
215.56,64.31
215.60,64.36
215.64,64.44
215.68,64.60
215.72,63.43
215.76,63.88
215.80,65.33
215.84,66.42
215.88,65.91
215.92,66.28
215.96,65.09
216.00,65.93
216.04,66.63
216.08,64.72
216.12,66.84
216.16,65.65
216.20,67.09
216.24,66.62
216.28,66.26
216.32,66.56
216.36,65.80
216.40,67.58
216.44,66.02
216.48,66.86
216.52,67.82
216.56,67.73
216.60,66.44
216.64,68.37
216.68,68.39
216.72,67.75
216.76,68.29
216.80,68.46
216.84,68.77
216.88,68.34
216.92,67.75
216.96,68.37
217.00,68.02
217.04,67.95
217.08,69.01
217.12,68.83
217.16,66.46
217.20,68.33
217.24,65.78
217.28,67.41
217.32,68.12
217.36,68.11
217.40,67.33
217.44,67.85
217.48,67.32
217.52,67.22
217.56,66.90
217.60,66.99
217.64,67.72
217.68,66.32
217.72,64.89
217.76,66.23
217.80,65.44
217.84,66.22
217.88,66.35
217.92,65.31
217.96,64.67
218.00,65.41
218.04,65.15
218.08,65.46
218.12,64.09
218.16,62.87
218.20,62.27
218.24,64.29
218.28,63.16
218.32,64.06
218.36,62.62
218.40,63.74
218.44,62.27
218.48,61.99
218.52,61.06
218.56,62.02
218.60,60.85
218.64,61.79
218.68,62.48
218.72,62.82
218.76,62.77
218.80,61.04
218.84,60.95
218.88,60.51
218.92,61.20
218.96,62.09
219.00,59.16
219.04,62.19
219.08,61.07
219.12,61.44
219.16,61.54
219.20,61.72
219.24,60.28
219.28,61.91
219.32,61.61
219.36,59.30
219.40,60.71
219.44,62.52
219.48,59.99
219.52,60.58
219.56,63.81
219.60,63.54
219.64,61.71
219.68,62.12
219.72,63.72
219.76,62.69
219.80,64.10
219.84,62.36
219.88,64.24
219.92,64.78
219.96,64.31
220.00,62.60
220.04,64.07
220.08,64.18
220.12,64.46
220.16,63.30
220.20,66.36
220.24,64.34
220.28,65.04
220.32,65.45
220.36,66.56
220.40,65.03
220.44,65.44
220.48,66.38
220.52,67.79
220.56,66.33
220.60,67.19
220.64,66.22
220.68,66.92
220.72,66.96
220.76,66.49
220.80,67.21
220.84,65.93
220.88,66.90
220.92,66.58
220.96,68.27
221.00,67.01
221.04,67.26
221.08,67.56
221.12,66.81
221.16,66.03
221.20,66.36
221.24,65.89
221.28,66.56
221.32,66.93
221.36,64.94
221.40,67.40
221.44,63.80
221.48,66.30
221.52,65.02
221.56,65.82
221.60,65.44
221.64,65.18
221.68,66.91
221.72,66.84
221.76,64.35
221.80,65.26
221.84,64.17
221.88,63.92
221.92,64.27
221.96,63.77
222.00,65.54
222.04,64.17
222.08,63.61
222.12,62.34
222.16,62.07
222.20,63.35
222.24,62.93
222.28,62.35
222.32,61.78
222.36,62.53
222.40,61.70
222.44,60.83
222.48,58.55
222.52,59.27
222.56,58.87
222.60,56.56
222.64,57.86
222.68,56.44
222.72,57.70
222.76,58.15
222.80,55.85
222.84,57.35
222.88,54.81
222.92,56.57
222.96,55.58
223.00,55.16
223.04,56.10
223.08,57.76
223.12,55.00
223.16,58.30
223.20,56.73
223.24,56.53
223.28,55.72
223.32,57.39
223.36,57.75
223.40,58.03
223.44,58.39
223.48,60.68
223.52,62.71
223.56,64.25
223.60,65.20
223.64,64.86
223.68,67.08
223.72,69.25
223.76,68.38
223.80,72.14
223.84,71.08
223.88,71.47
223.92,71.77
223.96,72.62
224.00,72.29
224.04,74.92
224.08,75.84
224.12,75.93
224.16,76.88
224.20,78.13
224.24,77.46
224.28,78.78
224.32,80.76
224.36,77.91
224.40,79.64
224.44,79.06
224.48,79.48
224.52,80.50
224.56,80.74
224.60,80.39
224.64,80.77
224.68,82.35
224.72,81.60
224.76,81.46
224.80,80.97
224.84,80.98
224.88,81.06
224.92,81.35
224.96,82.09
225.00,81.13
225.04,82.51
225.08,82.59
225.12,81.04
225.16,81.11
225.20,81.39
225.24,82.71
225.28,80.94
225.32,80.87
225.36,81.43
225.40,80.24
225.44,80.47
225.48,80.91
225.52,80.00
225.56,79.59
225.60,79.85
225.64,79.41
225.68,79.24
225.72,79.66
225.76,79.69
225.80,75.99
225.84,79.27
225.88,77.71
225.92,78.25
225.96,77.39
226.00,77.28
226.04,77.23
226.08,76.81
226.12,75.59
226.16,74.97
226.20,76.03
226.24,76.23
226.28,75.56
226.32,75.85
226.36,75.49
226.40,75.10
226.44,72.82
226.48,75.72
226.52,72.75
226.56,74.55
226.60,73.02
226.64,73.12
226.68,73.26
226.72,73.50
226.76,71.73
226.80,72.73
226.84,73.62
226.88,73.11
226.92,71.47
226.96,72.32
227.00,70.68
227.04,72.14
227.08,71.65
227.12,72.54
227.16,71.65
227.20,71.79
227.24,71.67
227.28,73.01
227.32,72.43
227.36,72.21
227.40,70.63
227.44,70.88
227.48,72.23
227.52,72.22
227.56,72.04
227.60,73.31
227.64,70.88
227.68,70.70
227.72,71.37
227.76,71.53
227.80,72.20
227.84,71.73
227.88,70.93
227.92,72.35
227.96,71.55
228.00,73.61
228.04,73.13
228.08,73.63
228.12,72.28
228.16,72.19
228.20,73.03
228.24,74.85
228.28,72.29
228.32,73.93
228.36,72.37
228.40,74.58
228.44,72.98
228.48,73.48
228.52,73.32
228.56,73.74
228.60,73.93
228.64,72.72
228.68,75.97
228.72,72.30
228.76,74.62
228.80,71.97
228.84,73.78
228.88,74.26
228.92,73.13
228.96,74.57
229.00,73.12
229.04,74.19
229.08,73.59
229.12,74.45
229.16,74.99
229.20,73.95
229.24,72.02
229.28,73.89
229.32,73.66
229.36,72.54
229.40,71.36
229.44,73.10
229.48,71.55
229.52,70.84
229.56,71.15
229.60,72.15
229.64,71.50
229.68,70.19
229.72,71.49
229.76,71.00
229.80,69.79
229.84,68.06
229.88,69.21
229.92,68.21
229.96,69.91
230.00,69.18
230.04,67.92
230.08,69.45
230.12,66.47
230.16,68.12
230.20,67.07
230.24,66.72
230.28,66.97
230.32,67.27
230.36,66.44
230.40,65.44
230.44,65.13
230.48,65.90
230.52,65.70
230.56,64.83
230.60,65.17
230.64,66.63
230.68,65.31
230.72,64.92
230.76,65.47
230.80,64.78
230.84,64.71
230.88,62.19
230.92,62.93
230.96,63.46
231.00,65.37
231.04,63.31
231.08,63.31
231.12,65.23
231.16,63.13
231.20,65.45
231.24,62.82
231.28,64.84
231.32,64.08
231.36,64.36
231.40,64.21
231.44,63.35
231.48,64.60
231.52,64.99
231.56,64.11
231.60,64.65
231.64,65.00
231.68,63.98
231.72,66.70
231.76,64.36
231.80,66.89
231.84,65.39
231.88,65.84
231.92,66.74
231.96,65.76
232.00,64.87
232.04,64.35
232.08,67.53
232.12,66.54
232.16,67.98
232.20,67.58
232.24,67.94
232.28,66.90
232.32,67.13
232.36,67.07
232.40,66.91
232.44,68.94
232.48,67.86
232.52,68.77
232.56,66.10
232.60,66.96
232.64,70.64
232.68,67.22
232.72,66.60
232.76,69.20
232.80,67.96
232.84,69.12
232.88,69.75
232.92,68.27
232.96,68.11
233.00,67.78
233.04,65.72
233.08,67.62
233.12,67.38
233.16,70.39
233.20,67.53
233.24,66.98
233.28,68.78
233.32,67.96
233.36,69.44
233.40,67.57
233.44,66.14
233.48,66.91
233.52,67.22
233.56,66.79
233.60,66.93
233.64,66.49
233.68,67.93
233.72,65.73
233.76,65.93
233.80,65.02
233.84,67.26
233.88,65.03
233.92,64.57
233.96,64.31
234.00,63.61
234.04,64.49
234.08,62.62
234.12,64.94
234.16,64.71
234.20,63.55
234.24,63.51
234.28,64.65
234.32,64.35
234.36,62.52
234.40,63.63
234.44,63.07
234.48,63.05
234.52,61.92
234.56,62.47
234.60,64.46
234.64,60.76
234.68,61.96
234.72,63.24
234.76,61.28
234.80,61.24
234.84,60.86
234.88,61.35
234.92,60.49
234.96,61.66
235.00,61.49
235.04,59.08
235.08,61.39
235.12,62.21
235.16,59.81
235.20,61.27
235.24,60.91
235.28,61.69
235.32,60.76
235.36,62.51
235.40,63.66
235.44,61.98
235.48,62.16
235.52,62.06
235.56,62.98
235.60,62.55
235.64,63.82
235.68,61.07
235.72,62.45
235.76,62.01
235.80,61.99
235.84,63.13
235.88,63.84
235.92,63.81
235.96,63.22
236.00,64.66
236.04,63.01
236.08,64.67
236.12,65.99
236.16,64.54
236.20,64.72
236.24,65.46
236.28,66.74
236.32,65.13
236.36,65.08
236.40,66.64
236.44,66.07
236.48,65.02
236.52,66.71
236.56,65.72
236.60,66.31
236.64,66.10
236.68,66.11
236.72,66.37
236.76,67.75
236.80,66.82
236.84,67.62
236.88,68.49
236.92,66.41
236.96,67.11
237.00,66.49
237.04,65.69
237.08,66.54
237.12,66.88
237.16,65.76
237.20,66.65
237.24,67.16
237.28,64.44
237.32,66.96
237.36,66.01
237.40,66.60
237.44,66.99
237.48,65.05
237.52,65.64
237.56,64.63
237.60,66.93
237.64,63.72
237.68,66.20
237.72,64.69
237.76,65.10
237.80,63.88
237.84,65.74
237.88,65.74
237.92,62.99
237.96,62.97
238.00,63.91
238.04,63.84
238.08,62.91
238.12,64.15
238.16,63.79
238.20,62.40
238.24,61.58
238.28,63.89
238.32,61.53
238.36,62.04
238.40,63.40
238.44,60.58
238.48,61.12
238.52,61.47
238.56,62.50
238.60,60.17
238.64,61.35
238.68,60.45
238.72,61.18
238.76,61.74
238.80,59.77
238.84,61.47
238.88,61.02
238.92,61.02
238.96,62.30
239.00,61.26
239.04,59.22
239.08,59.40
239.12,62.62
239.16,62.40
239.20,60.99
239.24,61.82
239.28,62.30
239.32,60.86
239.36,62.25
239.40,61.66
239.44,62.54
239.48,62.75
239.52,61.79
239.56,62.42
239.60,62.91
239.64,63.43
239.68,63.07
239.72,61.30
239.76,63.41
239.80,61.77
239.84,62.53
239.88,64.62
239.92,62.39
239.96,62.99
240.00,63.77
240.04,63.69
240.08,66.10
240.12,63.95
240.16,65.74
240.20,64.04
240.24,65.58
240.28,65.02
240.32,66.70
240.36,64.33
240.40,66.27
240.44,67.47
240.48,65.37
240.52,66.36
240.56,66.81
240.60,66.09
240.64,66.64
240.68,65.82
240.72,67.02
240.76,66.60
240.80,66.58
240.84,66.66
240.88,67.48
240.92,67.42
240.96,68.54
241.00,67.16
241.04,67.16
241.08,68.03
241.12,67.35
241.16,66.40
241.20,68.04
241.24,66.05
241.28,66.05
241.32,67.23
241.36,68.81
241.40,66.94
241.44,66.92
241.48,65.83
241.52,66.35
241.56,65.79
241.60,66.58
241.64,66.42
241.68,65.35
241.72,65.32
241.76,64.42
241.80,66.14
241.84,65.41
241.88,65.48
241.92,64.36
241.96,62.59
242.00,65.37
242.04,63.52
242.08,65.06
242.12,64.61
242.16,63.71
242.20,62.49
242.24,63.55
242.28,62.14
242.32,61.75
242.36,62.99
242.40,62.24
242.44,63.47
242.48,62.14
242.52,64.14
242.56,63.04
242.60,62.07
242.64,60.96
242.68,61.62
242.72,61.45
242.76,61.71
242.80,60.79
242.84,62.25
242.88,62.02
242.92,61.76
242.96,62.43
243.00,62.65
243.04,60.37
243.08,61.38
243.12,60.97
243.16,61.38
243.20,62.54
243.24,62.79
243.28,61.56
243.32,63.24
243.36,62.50
243.40,64.29
243.44,62.30
243.48,62.79
243.52,62.18
243.56,60.88
243.60,64.05
243.64,64.86
243.68,63.87
243.72,63.55
243.76,62.90
243.80,65.98
243.84,65.49
243.88,64.97
243.92,65.23
243.96,65.79
244.00,66.91
244.04,64.68
244.08,66.07
244.12,67.10
244.16,67.13
244.20,67.23
244.24,66.34
244.28,66.60
244.32,67.03
244.36,66.96
244.40,67.82
244.44,67.64
244.48,67.40
244.52,66.95
244.56,68.25
244.60,67.01
244.64,68.83
244.68,68.57
244.72,66.49
244.76,68.06
244.80,69.40
244.84,69.32
244.88,67.04
244.92,69.39
244.96,69.56
245.00,68.27
245.04,69.15
245.08,68.47
245.12,68.28
245.16,69.07
245.20,69.82
245.24,69.40
245.28,67.98
245.32,68.88
245.36,67.55
245.40,67.57
245.44,67.10
245.48,69.64
245.52,67.25
245.56,68.38
245.60,68.39
245.64,69.10
245.68,67.41
245.72,67.57
245.76,67.85
245.80,68.02
245.84,66.08
245.88,66.74
245.92,67.01
245.96,66.50
246.00,66.01
246.04,67.35
246.08,67.73
246.12,65.70
246.16,63.72
246.20,66.01
246.24,63.60
246.28,63.46
246.32,66.47
246.36,66.54
246.40,65.41
246.44,66.18
246.48,64.95
246.52,64.14
246.56,65.00
246.60,64.07
246.64,65.14
246.68,63.84
246.72,64.13
246.76,63.40
246.80,63.17
246.84,62.89
246.88,63.21
246.92,63.01
246.96,65.31
247.00,64.35
247.04,64.40
247.08,64.29
247.12,64.06
247.16,64.52
247.20,64.25
247.24,64.07
247.28,63.56
247.32,63.43
247.36,65.35
247.40,64.59
247.44,65.19
247.48,65.26
247.52,65.38
247.56,66.22
247.60,65.13
247.64,66.47
247.68,65.98
247.72,65.13
247.76,66.59
247.80,66.66
247.84,67.92
247.88,65.78
247.92,66.82
247.96,67.42
248.00,66.92
248.04,67.93
248.08,68.19
248.12,66.66
248.16,67.70
248.20,68.63
248.24,69.84
248.28,68.98
248.32,68.98
248.36,67.98
248.40,65.57
248.44,68.48
248.48,66.35
248.52,68.09
248.56,67.04
248.60,65.65
248.64,65.25
248.68,67.74
248.72,67.68
248.76,66.81
248.80,67.36
248.84,65.75
248.88,67.19
248.92,67.28
248.96,67.28
249.00,67.28
249.04,66.50
249.08,66.83
249.12,68.28
249.16,67.86
249.20,66.18
249.24,68.02
249.28,67.90
249.32,66.82
249.36,70.06
249.40,71.00
249.44,72.31
249.48,70.66
249.52,71.89
249.56,73.34
249.60,73.35
249.64,75.41
249.68,74.36
249.72,73.34
249.76,75.67
249.80,75.83
249.84,76.84
249.88,76.15
249.92,75.41
249.96,77.01
250.00,77.62
250.04,76.61
250.08,78.33
250.12,76.11
250.16,79.24
250.20,77.98
250.24,77.88
250.28,78.66
250.32,76.49
250.36,76.70
250.40,79.07
250.44,77.13
250.48,78.20
250.52,76.30
250.56,78.23
250.60,77.81
250.64,78.69
250.68,77.50
250.72,76.34
250.76,76.64
250.80,76.78
250.84,75.45
250.88,78.19
250.92,77.77
250.96,78.08
251.00,79.33
251.04,77.86
251.08,78.45
251.12,75.57
251.16,77.20
251.20,78.08
251.24,78.63
251.28,77.27
251.32,79.16
251.36,78.29
251.40,78.85
251.44,76.98
251.48,77.42
251.52,78.83
251.56,78.41
251.60,78.72
251.64,79.19
251.68,79.24
251.72,77.81
251.76,79.42
251.80,77.40
251.84,78.69
251.88,80.12
251.92,78.96
251.96,78.95
252.00,80.52
252.04,79.83
252.08,79.34
252.12,80.08
252.16,79.49
252.20,79.90
252.24,79.22
252.28,80.99
252.32,80.97
252.36,81.00
252.40,79.60
252.44,79.67
252.48,81.41
252.52,80.46
252.56,80.04
252.60,83.25
252.64,79.74
252.68,80.91
252.72,82.33
252.76,79.63
252.80,80.83
252.84,80.33
252.88,81.39
252.92,81.72
252.96,82.59
253.00,81.72
253.04,82.11
253.08,79.99
253.12,80.65
253.16,80.47
253.20,80.28
253.24,80.04
253.28,79.54
253.32,79.42
253.36,79.06
253.40,78.83
253.44,80.42
253.48,79.56
253.52,79.21
253.56,78.74
253.60,77.84
253.64,76.57
253.68,77.21
253.72,78.12
253.76,77.83
253.80,75.66
253.84,77.43
253.88,76.53
253.92,76.07
253.96,77.18
254.00,74.58
254.04,74.36
254.08,74.96
254.12,75.96
254.16,73.51
254.20,75.25
254.24,74.07
254.28,74.66
254.32,73.26
254.36,73.66
254.40,73.92
254.44,72.78
254.48,71.49
254.52,74.29
254.56,73.66
254.60,73.76
254.64,72.43
254.68,71.39
254.72,73.37
254.76,72.25
254.80,72.26
254.84,71.61
254.88,72.13
254.92,70.43
254.96,71.62
255.00,70.12
255.04,69.48
255.08,71.61
255.12,71.86
255.16,71.59
255.20,71.49
255.24,71.44
255.28,72.09
255.32,71.55
255.36,70.70
255.40,72.03
255.44,72.30
255.48,72.23
255.52,71.39
255.56,70.08
255.60,71.34
255.64,72.83
255.68,71.82
255.72,70.36
255.76,72.26
255.80,72.94
255.84,72.06
255.88,71.57
255.92,73.13
255.96,73.04
256.00,75.05
256.04,72.88
256.08,73.60
256.12,73.93
256.16,72.08
256.20,75.55
256.24,72.46
256.28,73.84
256.32,74.25
256.36,74.09
256.40,74.55
256.44,74.85
256.48,74.33
256.52,74.44
256.56,75.39
256.60,74.35
256.64,74.58
256.68,75.76
256.72,73.90
256.76,74.60
256.80,72.49
256.84,73.49
256.88,74.45
256.92,75.26
256.96,74.29
257.00,74.01
257.04,75.51
257.08,73.77
257.12,74.83
257.16,72.91
257.20,75.25
257.24,74.28
257.28,73.78
257.32,73.62
257.36,74.69
257.40,73.81
257.44,72.34
257.48,72.96
257.52,73.50
257.56,72.89
257.60,73.80
257.64,72.15
257.68,71.00
257.72,71.39
257.76,70.70
257.80,70.53
257.84,69.98
257.88,71.27
257.92,70.62
257.96,69.51
258.00,70.81
258.04,70.20
258.08,68.64
258.12,68.72
258.16,69.32
258.20,68.87
258.24,68.98
258.28,69.32
258.32,68.20
258.36,66.93
258.40,68.33
258.44,67.34
258.48,68.86
258.52,69.41
258.56,67.30
258.60,67.55
258.64,66.82
258.68,65.92
258.72,64.86
258.76,67.61
258.80,66.35
258.84,66.31
258.88,66.53
258.92,67.28
258.96,66.09
259.00,66.26
259.04,67.32
259.08,66.07
259.12,67.31
259.16,65.22
259.20,66.33
259.24,66.07
259.28,65.92
259.32,65.89
259.36,67.47
259.40,66.52
259.44,66.81
259.48,66.60
259.52,65.68
259.56,66.72
259.60,66.08
259.64,67.97
259.68,65.72
259.72,66.35
259.76,67.79
259.80,67.96
259.84,67.73
259.88,67.54
259.92,68.03
259.96,68.73
260.00,69.50
260.04,67.44
260.08,68.50
260.12,69.00
260.16,68.74
260.20,69.17
260.24,68.57
260.28,68.52
260.32,69.52
260.36,70.49
260.40,70.17
260.44,70.91
260.48,68.71
260.52,70.77
260.56,70.36
260.60,68.28
260.64,69.50
260.68,69.13
260.72,70.97
260.76,70.73
260.80,70.24
260.84,71.46
260.88,70.57
260.92,71.30
260.96,70.99
261.00,71.24
261.04,70.52
261.08,71.05
261.12,70.26
261.16,70.05
261.20,68.44
261.24,69.16
261.28,71.88
261.32,70.98
261.36,71.18
261.40,69.16
261.44,70.62
261.48,68.94
261.52,68.59
261.56,67.34
261.60,69.06
261.64,67.21
261.68,69.44
261.72,67.98
261.76,67.25
261.80,68.51
261.84,65.39
261.88,66.30
261.92,66.17
261.96,65.81
262.00,66.52
262.04,65.58
262.08,66.39
262.12,65.83
262.16,66.90
262.20,66.80
262.24,64.12
262.28,66.21
262.32,64.59
262.36,63.71
262.40,62.24
262.44,64.16
262.48,64.06
262.52,65.87
262.56,64.36
262.60,64.35
262.64,63.15
262.68,64.05
262.72,61.01
262.76,63.71
262.80,61.73
262.84,64.07
262.88,63.48
262.92,61.62
262.96,64.17
263.00,62.61
263.04,63.30
263.08,63.04
263.12,63.08
263.16,62.20
263.20,63.80
263.24,62.58
263.28,63.02
263.32,63.55
263.36,65.02
263.40,62.00
263.44,62.44
263.48,64.15
263.52,63.44
263.56,63.65
263.60,63.00
263.64,63.26
263.68,64.67
263.72,63.81
263.76,64.11
263.80,63.66
263.84,64.75
263.88,64.64
263.92,64.86
263.96,66.05
264.00,65.07
264.04,64.39
264.08,64.02
264.12,65.34
264.16,67.37
264.20,67.48
264.24,65.53
264.28,66.85
264.32,65.31
264.36,66.81
264.40,66.71
264.44,66.12
264.48,67.81
264.52,66.61
264.56,67.41
264.60,67.15
264.64,66.48
264.68,67.36
264.72,68.34
264.76,67.54
264.80,69.25
264.84,66.19
264.88,68.79
264.92,68.48
264.96,69.22
265.00,67.69
265.04,68.71
265.08,68.67
265.12,68.63
265.16,68.09
265.20,68.70
265.24,68.91
265.28,68.52
265.32,67.15
265.36,67.18
265.40,65.06
265.44,65.66
265.48,66.96
265.52,65.50
265.56,65.46
265.60,64.61
265.64,67.03
265.68,65.55
265.72,66.08
265.76,65.25
265.80,65.46
265.84,66.19
265.88,66.14
265.92,66.17
265.96,64.37
266.00,65.62
266.04,64.15
266.08,63.35
266.12,64.11
266.16,62.95
266.20,63.09
266.24,64.46
266.28,64.05
266.32,62.39
266.36,61.86
266.40,63.01
266.44,61.89
266.48,62.90
266.52,61.28
266.56,61.89
266.60,62.80
266.64,61.26
266.68,62.38
266.72,62.40
266.76,59.28
266.80,61.00
266.84,60.87
266.88,59.59
266.92,61.63
266.96,61.24
267.00,60.45
267.04,59.55
267.08,61.42
267.12,60.98
267.16,62.29
267.20,59.39
267.24,61.70
267.28,62.36
267.32,61.27
267.36,61.11
267.40,61.69
267.44,60.66
267.48,61.52
267.52,61.48
267.56,60.95
267.60,60.31
267.64,62.79
267.68,62.22
267.72,61.94
267.76,61.64
267.80,62.75
267.84,61.05
267.88,64.11
267.92,63.68
267.96,63.23
268.00,64.88
268.04,64.87
268.08,64.88
268.12,65.21
268.16,65.14
268.20,63.53
268.24,64.71
268.28,64.76
268.32,64.93
268.36,66.33
268.40,64.53
268.44,64.46
268.48,64.51
268.52,64.79
268.56,67.10
268.60,67.83
268.64,65.68
268.68,66.53
268.72,65.46
268.76,66.38
268.80,67.02
268.84,65.90
268.88,67.19
268.92,66.10
268.96,66.45
269.00,65.88
269.04,65.86
269.08,65.72
269.12,65.60
269.16,65.03
269.20,66.78
269.24,67.44
269.28,65.70
269.32,64.61
269.36,63.01
269.40,64.66
269.44,65.13
269.48,65.28
269.52,65.19
269.56,66.42
269.60,64.77
269.64,64.40
269.68,63.62
269.72,64.92
269.76,65.56
269.80,64.54
269.84,62.30
269.88,63.26
269.92,63.20
269.96,63.28
270.00,63.10
270.04,64.46
270.08,62.90
270.12,63.47
270.16,62.94
270.20,63.05
270.24,61.05
270.28,62.86
270.32,62.17
270.36,60.48
270.40,61.44
270.44,61.68
270.48,60.31
270.52,61.33
270.56,59.84
270.60,60.69
270.64,63.81
270.68,59.87
270.72,60.85
270.76,59.65
270.80,61.51
270.84,61.31
270.88,60.04
270.92,60.45
270.96,59.54
271.00,60.49
271.04,59.62
271.08,59.63
271.12,60.51
271.16,59.93
271.20,59.26
271.24,61.82
271.28,60.15
271.32,60.03
271.36,60.52
271.40,61.99
271.44,61.30
271.48,60.34
271.52,62.64
271.56,60.70
271.60,62.38
271.64,61.27
271.68,62.11
271.72,62.55
271.76,63.01
271.80,60.39
271.84,62.97
271.88,62.90
271.92,61.36
271.96,64.31
272.00,62.09
272.04,64.14
272.08,62.82
272.12,65.02
272.16,64.20
272.20,64.89
272.24,65.29
272.28,65.96
272.32,63.80
272.36,63.47
272.40,64.79
272.44,64.73
272.48,66.19
272.52,65.03
272.56,65.42
272.60,66.00
272.64,65.56
272.68,66.47
272.72,66.78
272.76,68.20
272.80,65.87
272.84,66.10
272.88,66.10
272.92,67.75
272.96,66.23
273.00,66.72
273.04,66.43
273.08,66.95
273.12,66.30
273.16,66.44
273.20,65.86
273.24,67.31
273.28,66.22
273.32,65.19
273.36,63.73
273.40,67.60
273.44,67.38
273.48,65.89
273.52,66.14
273.56,65.60
273.60,66.88
273.64,64.38
273.68,66.29
273.72,65.48
273.76,65.19
273.80,64.90
273.84,64.01
273.88,65.14
273.92,63.92
273.96,65.83
274.00,64.26
274.04,64.41
274.08,64.62
274.12,63.91
274.16,61.76
274.20,63.23
274.24,61.73
274.28,62.95
274.32,62.68
274.36,63.32
274.40,63.18
274.44,63.79
274.48,62.82
274.52,61.72
274.56,60.97
274.60,60.55
274.64,62.04
274.68,60.87
274.72,62.12
274.76,61.08
274.80,60.33
274.84,60.65
274.88,61.68
274.92,61.87
274.96,59.70
275.00,61.05
275.04,61.60
275.08,60.99
275.12,61.03
275.16,63.11
275.20,60.21
275.24,59.23
275.28,63.19
275.32,61.43
275.36,63.36
275.40,62.98
275.44,61.07
275.48,62.63
275.52,64.41
275.56,62.76
275.60,63.42
275.64,63.41
275.68,62.89
275.72,63.79
275.76,62.92
275.80,63.81
275.84,63.07
275.88,63.62
275.92,65.27
275.96,64.81
276.00,63.24
276.04,64.43
276.08,64.66
276.12,63.64
276.16,64.32
276.20,63.81
276.24,64.03
276.28,63.44
276.32,62.51
276.36,63.31
276.40,64.03
276.44,64.06
276.48,64.71
276.52,63.91
276.56,63.11
276.60,64.87
276.64,64.54
276.68,63.28
276.72,63.73
276.76,63.75
276.80,65.33
276.84,64.28
276.88,64.50
276.92,65.61
276.96,65.60
277.00,66.14
277.04,65.26
277.08,65.01
277.12,66.72
277.16,67.78
277.20,69.79
277.24,69.90
277.28,69.82
277.32,71.46
277.36,70.11
277.40,71.80
277.44,72.82
277.48,72.57
277.52,72.32
277.56,72.54
277.60,74.57
277.64,74.47
277.68,73.49
277.72,73.75
277.76,74.81
277.80,73.02
277.84,75.64
277.88,74.71
277.92,75.24
277.96,72.78
278.00,74.96
278.04,72.90
278.08,74.91
278.12,74.64
278.16,73.57
278.20,74.13
278.24,74.27
278.28,76.51
278.32,73.56
278.36,74.96
278.40,73.86
278.44,75.80
278.48,75.01
278.52,73.16
278.56,73.25
278.60,72.32
278.64,72.27
278.68,75.21
278.72,75.06
278.76,73.74
278.80,74.91
278.84,73.55
278.88,74.08
278.92,73.21
278.96,74.57
279.00,73.72
279.04,73.04
279.08,72.60
279.12,74.29
279.16,72.78
279.20,73.32
279.24,73.73
279.28,74.33
279.32,74.69
279.36,73.97
279.40,73.84
279.44,72.39
279.48,74.19
279.52,73.92
279.56,74.24
279.60,72.77
279.64,74.48
279.68,75.28
279.72,74.04
279.76,75.26
279.80,76.33
279.84,75.67
279.88,75.21
279.92,74.77
279.96,74.53
280.00,77.57
280.04,75.86
280.08,76.06
280.12,75.99
280.16,77.18
280.20,76.73
280.24,75.28
280.28,77.87
280.32,74.44
280.36,76.82
280.40,76.35
280.44,76.16
280.48,76.12
280.52,75.82
280.56,76.86
280.60,78.76
280.64,77.37
280.68,77.53
280.72,78.45
280.76,77.69
280.80,76.75
280.84,77.84
280.88,76.78
280.92,78.98
280.96,78.43
281.00,77.17
281.04,76.92
281.08,78.16
281.12,78.24
281.16,74.84
281.20,77.31
281.24,75.50
281.28,77.75
281.32,76.42
281.36,77.71
281.40,78.27
281.44,76.74
281.48,76.36
281.52,76.66
281.56,75.05
281.60,75.56
281.64,75.03
281.68,73.88
281.72,76.41
281.76,75.50
281.80,75.41
281.84,74.28
281.88,74.21
281.92,75.25
281.96,72.88
282.00,73.08
282.04,73.58
282.08,72.22
282.12,73.23
282.16,72.74
282.20,73.36
282.24,73.22
282.28,70.87
282.32,73.89
282.36,72.24
282.40,71.72
282.44,71.19
282.48,71.27
282.52,71.21
282.56,71.31
282.60,68.74
282.64,71.15
282.68,70.21
282.72,70.75
282.76,70.90
282.80,71.29
282.84,72.01
282.88,69.66
282.92,70.87
282.96,69.36
283.00,68.46
283.04,70.47
283.08,70.47
283.12,69.43
283.16,69.12
283.20,70.04
283.24,69.99
283.28,69.91
283.32,72.31
283.36,71.78
283.40,70.97
283.44,69.21
283.48,69.99
283.52,71.39
283.56,71.20
283.60,69.77
283.64,70.79
283.68,72.44
283.72,71.94
283.76,69.96
283.80,71.76
283.84,71.80
283.88,73.02
283.92,71.57
283.96,72.31
284.00,70.57
284.04,72.03
284.08,73.10
284.12,72.85
284.16,74.32
284.20,73.87
284.24,73.65
284.28,72.86
284.32,73.55
284.36,74.11
284.40,73.67
284.44,75.15
284.48,73.28
284.52,75.05
284.56,73.65
284.60,73.68
284.64,73.69
284.68,74.11
284.72,75.32
284.76,75.53
284.80,74.31
284.84,75.68
284.88,75.78
284.92,76.14
284.96,73.69
285.00,75.69
285.04,74.82
285.08,75.66
285.12,75.02
285.16,75.42
285.20,74.34
285.24,74.47
285.28,74.93
285.32,73.46
285.36,75.01
285.40,75.34
285.44,74.13
285.48,75.32
285.52,73.10
285.56,73.82
285.60,74.16
285.64,73.19
285.68,74.55
285.72,72.43
285.76,70.26
285.80,74.73
285.84,72.93
285.88,71.53
285.92,71.45
285.96,70.52
286.00,72.64
286.04,69.72
286.08,71.67
286.12,70.75
286.16,71.39
286.20,70.63
286.24,71.01
286.28,70.96
286.32,70.55
286.36,70.00
286.40,70.23
286.44,70.39
286.48,68.80
286.52,70.10
286.56,67.85
286.60,69.50
286.64,69.20
286.68,69.57
286.72,68.02
286.76,68.49
286.80,68.43
286.84,67.81
286.88,67.73
286.92,67.26
286.96,67.50
287.00,68.08
287.04,68.29
287.08,69.26
287.12,68.25
287.16,67.69
287.20,68.13
287.24,69.84
287.28,69.79
287.32,68.82
287.36,68.34
287.40,69.22
287.44,69.83
287.48,67.84
287.52,69.17
287.56,70.33
287.60,70.18
287.64,67.94
287.68,70.82
287.72,69.56
287.76,71.14
287.80,71.31
287.84,71.11
287.88,70.34
287.92,70.47
287.96,70.39
288.00,70.11
288.04,73.01
288.08,71.79
288.12,70.85
288.16,72.42
288.20,71.73
288.24,71.28
288.28,72.51
288.32,71.68
288.36,72.37
288.40,72.70
288.44,74.39
288.48,73.06
288.52,74.25
288.56,72.83
288.60,73.33
288.64,70.85
288.68,73.01
288.72,73.77
288.76,75.15
288.80,73.12
288.84,74.40
288.88,73.93
288.92,74.26
288.96,72.98
289.00,75.10
289.04,75.31
289.08,73.06
289.12,74.32
289.16,73.65
289.20,75.07
289.24,73.31
289.28,73.62
289.32,74.16
289.36,73.51
289.40,72.99
289.44,73.43
289.48,72.12
289.52,73.53
289.56,72.15
289.60,73.68
289.64,72.18
289.68,72.85
289.72,71.69
289.76,71.97
289.80,71.33
289.84,71.72
289.88,71.89
289.92,72.29
289.96,70.48
290.00,70.19
290.04,70.23
290.08,68.81
290.12,69.13
290.16,69.76
290.20,70.84
290.24,69.22
290.28,69.21
290.32,70.95
290.36,69.00
290.40,67.78
290.44,68.97
290.48,68.32
290.52,67.99
290.56,67.01
290.60,67.63
290.64,66.58
290.68,68.18
290.72,68.17
290.76,68.99
290.80,64.64
290.84,67.35
290.88,66.55
290.92,69.23
290.96,66.99
291.00,67.10
291.04,67.73
291.08,67.98
291.12,67.49
291.16,67.67
291.20,67.84
291.24,68.87
291.28,68.93
291.32,67.81
291.36,68.87
291.40,67.91
291.44,68.34
291.48,68.11
291.52,68.70
291.56,68.80
291.60,67.65
291.64,69.36
291.68,68.62
291.72,67.95
291.76,70.21
291.80,67.36
291.84,71.08
291.88,70.29
291.92,70.10
291.96,70.90
292.00,69.50
292.04,69.38
292.08,70.53
292.12,67.49
292.16,71.16
292.20,70.99
292.24,71.73
292.28,71.04
292.32,72.23
292.36,71.07
292.40,71.97
292.44,72.22
292.48,72.23
292.52,72.92
292.56,74.43
292.60,71.64
292.64,73.87
292.68,73.73
292.72,73.63
292.76,73.73
292.80,72.30
292.84,72.93
292.88,71.27
292.92,72.84
292.96,73.07
293.00,72.35
293.04,72.12
293.08,73.05
293.12,74.65
293.16,72.27
293.20,74.98
293.24,72.09
293.28,71.47
293.32,72.52
293.36,72.30
293.40,73.22
293.44,72.42
293.48,72.53
293.52,71.30
293.56,71.55
293.60,70.59
293.64,71.43
293.68,71.03
293.72,70.46
293.76,70.65
293.80,71.91
293.84,69.58
293.88,71.46
293.92,68.62
293.96,69.05
294.00,68.90
294.04,70.20
294.08,68.66
294.12,68.47
294.16,68.91
294.20,68.66
294.24,68.04
294.28,67.48
294.32,67.05
294.36,67.20
294.40,70.36
294.44,69.03
294.48,68.14
294.52,65.37
294.56,66.92
294.60,67.31
294.64,64.83
294.68,66.94
294.72,67.36
294.76,67.53
294.80,66.90
294.84,65.99
294.88,63.64
294.92,65.95
294.96,67.43
295.00,66.27
295.04,66.63
295.08,66.51
295.12,66.45
295.16,67.63
295.20,65.15
295.24,67.61
295.28,67.02
295.32,67.02
295.36,68.05
295.40,67.55
295.44,66.37
295.48,67.74
295.52,66.62
295.56,67.90
295.60,68.25
295.64,67.60
295.68,67.91
295.72,68.37
295.76,67.94
295.80,67.79
295.84,68.21
295.88,68.29
295.92,68.66
295.96,69.06
296.00,68.56
296.04,68.70
296.08,68.82
296.12,69.17
296.16,69.33
296.20,71.12
296.24,70.20
296.28,69.01
296.32,69.38
296.36,71.31
296.40,71.29
296.44,70.31
296.48,69.54
296.52,70.79
296.56,71.18
296.60,71.18
296.64,70.91
296.68,72.08
296.72,71.21
296.76,71.64
296.80,70.33
296.84,73.53
296.88,72.08
296.92,72.45
296.96,71.61
297.00,72.47
297.04,71.43
297.08,70.74
297.12,72.36
297.16,71.78
297.20,72.14
297.24,71.67
297.28,71.31
297.32,71.12
297.36,72.47
297.40,71.82
297.44,70.89
297.48,70.97
297.52,70.87
297.56,69.44
297.60,71.62
297.64,70.55
297.68,71.38
297.72,68.80
297.76,67.21
297.80,70.54
297.84,66.91
297.88,70.15
297.92,67.58
297.96,67.45
298.00,66.34
298.04,68.51
298.08,66.52
298.12,68.27
298.16,66.52
298.20,66.13
298.24,66.82
298.28,68.43
298.32,66.51
298.36,65.14
298.40,67.85
298.44,66.30
298.48,64.62
298.52,63.15
298.56,66.46
298.60,64.01
298.64,65.42
298.68,64.52
298.72,65.11
298.76,64.93
298.80,65.21
298.84,66.18
298.88,63.81
298.92,66.24
298.96,65.97
299.00,64.85
299.04,64.36
299.08,64.53
299.12,62.88
299.16,65.68
299.20,64.38
299.24,63.64
299.28,63.04
299.32,65.65
299.36,65.16
299.40,66.31
299.44,63.76
299.48,62.86
299.52,65.68
299.56,65.41
299.60,65.58
299.64,66.28
299.68,67.96
299.72,67.70
299.76,65.30
299.80,66.56
299.84,65.84
299.88,67.05
299.92,65.45
299.96,67.49
