# SIMULARE — semnal generat de genereaza_simulare.py, nu inregistrat. Rol: control pozitiv pentru validarea lantului de analiza.
t_s,bpm
0.00,76.38
0.04,76.36
0.08,77.51
0.12,77.62
0.16,76.56
0.20,77.24
0.24,76.97
0.28,78.22
0.32,78.13
0.36,78.50
0.40,77.77
0.44,79.10
0.48,79.97
0.52,79.46
0.56,81.23
0.60,79.06
0.64,77.94
0.68,79.54
0.72,81.18
0.76,79.07
0.80,81.25
0.84,80.41
0.88,80.29
0.92,79.91
0.96,79.73
1.00,81.51
1.04,79.24
1.08,81.31
1.12,80.06
1.16,80.02
1.20,79.88
1.24,80.64
1.28,79.02
1.32,80.90
1.36,79.95
1.40,79.62
1.44,77.82
1.48,80.20
1.52,81.09
1.56,77.73
1.60,78.84
1.64,80.21
1.68,76.64
1.72,77.01
1.76,78.48
1.80,77.96
1.84,76.84
1.88,76.63
1.92,77.09
1.96,77.19
2.00,78.52
2.04,78.84
2.08,78.89
2.12,75.51
2.16,77.40
2.20,77.37
2.24,77.60
2.28,76.07
2.32,76.16
2.36,75.35
2.40,74.12
2.44,75.98
2.48,75.64
2.52,76.14
2.56,75.70
2.60,75.83
2.64,75.33
2.68,76.22
2.72,76.13
2.76,74.91
2.80,76.29
2.84,73.36
2.88,76.69
2.92,75.07
2.96,75.51
3.00,75.16
3.04,76.18
3.08,75.21
3.12,75.43
3.16,75.18
3.20,75.49
3.24,75.83
3.28,75.12
3.32,74.64
3.36,75.88
3.40,75.78
3.44,75.87
3.48,75.78
3.52,77.16
3.56,76.54
3.60,76.94
3.64,77.50
3.68,77.37
3.72,76.69
3.76,78.04
3.80,77.54
3.84,76.27
3.88,79.01
3.92,79.24
3.96,78.12
4.00,78.11
4.04,78.18
4.08,78.84
4.12,80.04
4.16,79.91
4.20,80.06
4.24,77.72
4.28,78.74
4.32,78.93
4.36,80.11
4.40,79.07
4.44,81.31
4.48,82.61
4.52,80.11
4.56,81.53
4.60,82.15
4.64,80.78
4.68,81.52
4.72,80.87
4.76,81.32
4.80,82.45
4.84,81.81
4.88,81.59
4.92,79.79
4.96,84.06
5.00,80.30
5.04,79.85
5.08,79.77
5.12,82.75
5.16,81.06
5.20,80.28
5.24,83.12
5.28,81.14
5.32,82.95
5.36,82.40
5.40,81.78
5.44,81.45
5.48,81.09
5.52,82.69
5.56,81.04
5.60,79.67
5.64,81.72
5.68,80.39
5.72,80.25
5.76,80.09
5.80,80.80
5.84,79.43
5.88,78.12
5.92,79.31
5.96,78.93
6.00,78.98
6.04,78.89
6.08,77.51
6.12,78.02
6.16,77.54
6.20,79.35
6.24,78.42
6.28,78.80
6.32,77.46
6.36,78.67
6.40,77.97
6.44,77.70
6.48,76.87
6.52,77.14
6.56,76.78
6.60,76.92
6.64,76.27
6.68,76.52
6.72,74.96
6.76,76.10
6.80,76.10
6.84,77.80
6.88,76.98
6.92,78.41
6.96,74.96
7.00,76.56
7.04,76.56
7.08,78.90
7.12,75.62
7.16,76.96
7.20,76.08
7.24,76.74
7.28,77.75
7.32,77.49
7.36,76.23
7.40,76.02
7.44,77.49
7.48,76.96
7.52,77.27
7.56,78.92
7.60,78.07
7.64,77.67
7.68,77.89
7.72,78.25
7.76,78.09
7.80,79.67
7.84,80.24
7.88,78.87
7.92,79.02
7.96,79.38
8.00,79.67
8.04,79.33
8.08,79.27
8.12,78.54
8.16,78.94
8.20,80.16
8.24,79.03
8.28,79.21
8.32,81.64
8.36,82.87
8.40,81.41
8.44,81.66
8.48,81.79
8.52,80.90
8.56,82.27
8.60,82.96
8.64,81.47
8.68,82.41
8.72,82.27
8.76,83.98
8.80,82.36
8.84,83.05
8.88,81.25
8.92,83.04
8.96,82.43
9.00,83.79
9.04,81.83
9.08,82.04
9.12,83.36
9.16,82.73
9.20,83.07
9.24,83.19
9.28,81.73
9.32,81.43
9.36,82.58
9.40,82.31
9.44,82.02
9.48,83.61
9.52,81.79
9.56,80.10
9.60,80.76
9.64,82.60
9.68,80.27
9.72,80.70
9.76,82.02
9.80,80.76
9.84,80.17
9.88,79.15
9.92,80.58
9.96,80.42
10.00,78.45
10.04,80.83
10.08,79.49
10.12,79.46
10.16,78.44
10.20,80.55
10.24,79.26
10.28,78.49
10.32,75.86
10.36,78.62
10.40,76.95
10.44,76.57
10.48,77.43
10.52,77.18
10.56,77.15
10.60,77.11
10.64,77.25
10.68,76.61
10.72,77.29
10.76,76.41
10.80,76.06
10.84,77.35
10.88,76.20
10.92,78.20
10.96,75.75
11.00,78.32
11.04,77.00
11.08,75.60
11.12,76.27
11.16,75.69
11.20,77.21
11.24,75.88
11.28,75.77
11.32,76.55
11.36,78.01
11.40,76.32
11.44,77.23
11.48,78.08
11.52,77.28
11.56,78.45
11.60,78.23
11.64,78.92
11.68,78.62
11.72,78.30
11.76,79.68
11.80,78.72
11.84,79.67
11.88,76.81
11.92,79.81
11.96,77.99
12.00,79.78
12.04,80.92
12.08,78.30
12.12,81.21
12.16,79.53
12.20,81.60
12.24,79.71
12.28,81.93
12.32,81.99
12.36,81.63
12.40,81.02
12.44,79.96
12.48,80.74
12.52,82.23
12.56,80.15
12.60,81.89
12.64,82.72
12.68,82.34
12.72,82.34
12.76,82.71
12.80,82.98
12.84,81.06
12.88,81.71
12.92,82.04
12.96,81.83
13.00,81.88
13.04,82.22
13.08,82.67
13.12,83.83
13.16,82.22
13.20,81.23
13.24,80.77
13.28,81.90
13.32,82.00
13.36,82.07
13.40,80.72
13.44,80.92
13.48,82.71
13.52,82.59
13.56,81.70
13.60,82.04
13.64,80.20
13.68,82.21
13.72,79.30
13.76,79.73
13.80,78.84
13.84,79.43
13.88,79.13
13.92,78.47
13.96,79.55
14.00,79.95
14.04,78.31
14.08,78.53
14.12,78.00
14.16,79.70
14.20,77.65
14.24,76.28
14.28,77.93
14.32,78.05
14.36,78.15
14.40,76.46
14.44,78.28
14.48,76.25
14.52,76.07
14.56,76.85
14.60,75.75
14.64,78.33
14.68,76.64
14.72,76.81
14.76,76.05
14.80,75.60
14.84,75.47
14.88,75.92
14.92,75.85
14.96,75.25
15.00,76.48
15.04,76.55
15.08,74.74
15.12,75.39
15.16,75.22
15.20,74.33
15.24,77.46
15.28,76.08
15.32,76.65
15.36,78.01
15.40,76.10
15.44,75.61
15.48,78.42
15.52,75.56
15.56,75.76
15.60,76.63
15.64,77.24
15.68,77.23
15.72,78.14
15.76,80.22
15.80,78.48
15.84,78.60
15.88,77.63
15.92,79.46
15.96,77.96
16.00,79.69
16.04,77.40
16.08,79.21
16.12,78.50
16.16,79.27
16.20,78.14
16.24,80.24
16.28,79.87
16.32,81.13
16.36,80.30
16.40,79.38
16.44,79.61
16.48,81.44
16.52,81.00
16.56,79.96
16.60,81.15
16.64,81.05
16.68,80.44
16.72,80.54
16.76,79.91
16.80,82.07
16.84,81.81
16.88,83.20
16.92,80.44
16.96,81.95
17.00,80.16
17.04,81.76
17.08,80.60
17.12,81.04
17.16,81.65
17.20,81.27
17.24,81.60
17.28,81.35
17.32,79.12
17.36,81.32
17.40,81.64
17.44,82.00
17.48,79.48
17.52,80.20
17.56,80.51
17.60,79.91
17.64,78.97
17.68,79.35
17.72,81.36
17.76,79.21
17.80,79.76
17.84,80.93
17.88,77.50
17.92,77.72
17.96,78.16
18.00,78.58
18.04,78.71
18.08,76.61
18.12,75.97
18.16,77.70
18.20,76.10
18.24,76.70
18.28,75.88
18.32,77.53
18.36,75.51
18.40,76.98
18.44,76.14
18.48,74.41
18.52,76.94
18.56,75.76
18.60,74.91
18.64,73.39
18.68,75.90
18.72,76.09
18.76,74.05
18.80,75.37
18.84,75.00
18.88,72.94
18.92,74.48
18.96,76.64
19.00,73.85
19.04,74.55
19.08,73.63
19.12,75.36
19.16,73.55
19.20,75.40
19.24,73.99
19.28,76.00
19.32,74.92
19.36,74.37
19.40,75.10
19.44,74.39
19.48,75.97
19.52,75.22
19.56,75.78
19.60,75.47
19.64,75.01
19.68,74.77
19.72,74.13
19.76,76.44
19.80,76.32
19.84,77.94
19.88,76.68
19.92,76.41
19.96,76.53
20.00,79.35
20.04,76.22
20.08,76.09
20.12,78.32
20.16,77.84
20.20,77.96
20.24,76.52
20.28,79.47
20.32,78.75
20.36,78.93
20.40,77.58
20.44,78.69
20.48,79.95
20.52,78.66
20.56,79.02
20.60,78.47
20.64,79.41
20.68,78.07
20.72,81.39
20.76,79.36
20.80,80.28
20.84,79.98
20.88,78.87
20.92,79.32
20.96,79.19
21.00,79.53
21.04,80.60
21.08,79.44
21.12,79.44
21.16,79.92
21.20,81.13
21.24,78.25
21.28,76.67
21.32,77.89
21.36,78.68
21.40,80.46
21.44,78.56
21.48,78.66
21.52,79.00
21.56,77.68
21.60,78.38
21.64,79.14
21.68,77.87
21.72,76.86
21.76,77.57
21.80,76.96
21.84,78.17
21.88,77.96
21.92,76.44
21.96,76.34
22.00,75.89
22.04,77.61
22.08,77.48
22.12,75.56
22.16,76.30
22.20,76.83
22.24,74.46
22.28,72.80
22.32,73.73
22.36,74.92
22.40,75.25
22.44,74.72
22.48,72.98
22.52,72.74
22.56,73.32
22.60,74.43
22.64,72.34
22.68,72.86
22.72,74.90
22.76,72.97
22.80,74.11
22.84,73.50
22.88,74.02
22.92,72.08
22.96,72.74
23.00,71.89
23.04,73.48
23.08,71.98
23.12,72.05
23.16,72.59
23.20,73.38
23.24,73.72
23.28,73.39
23.32,74.04
23.36,72.39
23.40,73.55
23.44,72.89
23.48,73.47
23.52,73.33
23.56,74.79
23.60,74.31
23.64,74.81
23.68,73.24
23.72,72.60
23.76,73.48
23.80,72.94
23.84,73.72
23.88,75.63
23.92,75.43
23.96,75.72
24.00,74.50
24.04,75.65
24.08,75.81
24.12,76.83
24.16,75.17
24.20,76.11
24.24,76.19
24.28,75.53
24.32,77.15
24.36,76.05
24.40,76.95
24.44,78.03
24.48,76.69
24.52,75.03
24.56,76.88
24.60,76.75
24.64,77.49
24.68,78.09
24.72,77.75
24.76,77.75
24.80,77.49
24.84,77.96
24.88,78.99
24.92,77.82
24.96,77.69
25.00,77.89
25.04,77.40
25.08,76.82
25.12,77.72
25.16,79.86
25.20,76.54
25.24,77.56
25.28,78.56
25.32,74.78
25.36,76.93
25.40,77.87
25.44,78.62
25.48,76.49
25.52,76.08
25.56,76.37
25.60,77.32
25.64,75.98
25.68,75.57
25.72,75.73
25.76,76.49
25.80,75.68
25.84,77.08
25.88,77.63
25.92,75.48
25.96,74.48
26.00,74.38
26.04,74.27
26.08,73.72
26.12,75.15
26.16,74.49
26.20,73.50
26.24,73.41
26.28,74.41
26.32,72.31
26.36,72.98
26.40,72.24
26.44,71.97
26.48,72.65
26.52,72.29
26.56,72.52
26.60,71.00
26.64,72.72
26.68,72.78
26.72,70.45
26.76,71.23
26.80,71.97
26.84,70.47
26.88,70.24
26.92,72.01
26.96,72.42
27.00,70.54
27.04,72.20
27.08,72.10
27.12,70.87
27.16,71.06
27.20,70.18
27.24,70.68
27.28,70.71
27.32,72.86
27.36,71.56
27.40,71.57
27.44,73.14
27.48,73.59
27.52,73.45
27.56,71.12
27.60,73.30
27.64,73.03
27.68,73.20
27.72,72.29
27.76,73.16
27.80,73.39
27.84,72.59
27.88,72.51
27.92,74.05
27.96,73.43
28.00,74.32
28.04,73.64
28.08,74.90
28.12,75.53
28.16,74.53
28.20,75.05
28.24,75.51
28.28,77.39
28.32,75.07
28.36,74.58
28.40,74.34
28.44,76.25
28.48,76.22
28.52,76.93
28.56,75.42
28.60,77.68
28.64,77.97
28.68,76.41
28.72,76.42
28.76,75.77
28.80,77.89
28.84,75.58
28.88,76.38
28.92,74.92
28.96,76.69
29.00,76.58
29.04,77.45
29.08,76.46
29.12,78.10
29.16,77.63
29.20,75.89
29.24,77.60
29.28,76.90
29.32,77.47
29.36,77.98
29.40,75.79
29.44,78.15
29.48,75.85
29.52,75.98
29.56,77.37
29.60,75.49
29.64,74.84
29.68,76.01
29.72,75.10
29.76,73.47
29.80,74.79
29.84,74.03
29.88,74.64
29.92,75.60
29.96,73.48
30.00,75.55
30.04,73.04
30.08,72.78
30.12,74.26
30.16,72.68
30.20,72.87
30.24,73.88
30.28,73.27
30.32,72.71
30.36,72.81
30.40,75.22
30.44,72.83
30.48,72.82
30.52,72.78
30.56,70.92
30.60,72.50
30.64,72.53
30.68,71.35
30.72,71.66
30.76,71.76
30.80,70.30
30.84,71.66
30.88,70.87
30.92,72.16
30.96,72.65
31.00,72.80
31.04,71.01
31.08,71.76
31.12,70.13
31.16,71.67
31.20,71.55
31.24,70.35
31.28,71.12
31.32,71.64
31.36,70.36
31.40,70.25
31.44,71.37
31.48,72.26
31.52,71.84
31.56,74.13
31.60,71.21
31.64,72.74
31.68,73.67
31.72,71.70
31.76,71.93
31.80,72.34
31.84,73.09
31.88,73.84
31.92,73.40
31.96,73.84
32.00,72.46
32.04,73.91
32.08,73.14
32.12,75.51
32.16,74.38
32.20,74.51
32.24,76.25
32.28,76.03
32.32,73.88
32.36,74.92
32.40,74.92
32.44,75.29
32.48,76.59
32.52,75.44
32.56,77.44
32.60,76.21
32.64,76.12
32.68,76.15
32.72,76.20
32.76,78.26
32.80,76.29
32.84,76.96
32.88,77.95
32.92,77.49
32.96,77.67
33.00,77.90
33.04,77.47
33.08,76.94
33.12,77.16
33.16,76.47
33.20,78.17
33.24,77.99
33.28,76.49
33.32,76.57
33.36,76.68
33.40,76.93
33.44,75.12
33.48,77.37
33.52,74.85
33.56,76.73
33.60,76.48
33.64,76.07
33.68,74.14
33.72,73.27
33.76,75.38
33.80,74.12
33.84,74.89
33.88,75.25
33.92,73.67
33.96,75.12
34.00,74.75
34.04,73.56
34.08,73.50
34.12,74.63
34.16,72.74
34.20,74.41
34.24,73.68
34.28,73.02
34.32,73.30
34.36,73.32
34.40,71.77
34.44,73.00
34.48,71.06
34.52,71.26
34.56,70.57
34.60,73.23
34.64,71.22
34.68,71.74
34.72,70.76
34.76,72.78
34.80,71.79
34.84,71.17
34.88,71.20
34.92,71.67
34.96,70.39
35.00,70.61
35.04,69.39
35.08,72.41
35.12,72.17
35.16,71.07
35.20,70.88
35.24,72.75
35.28,69.74
35.32,70.61
35.36,71.52
35.40,71.10
35.44,72.19
35.48,71.39
35.52,72.25
35.56,72.12
35.60,73.91
35.64,72.86
35.68,73.68
35.72,72.47
35.76,73.69
35.80,72.10
35.84,73.52
35.88,74.08
35.92,74.51
35.96,75.00
36.00,74.36
36.04,74.56
36.08,74.07
36.12,75.00
36.16,75.78
36.20,75.49
36.24,77.43
36.28,76.87
36.32,75.80
36.36,75.33
36.40,76.61
36.44,76.41
36.48,75.70
36.52,77.26
36.56,75.71
36.60,77.38
36.64,77.09
36.68,76.92
36.72,75.59
36.76,77.21
36.80,77.01
36.84,77.39
36.88,77.57
36.92,77.70
36.96,77.83
37.00,77.49
37.04,77.40
37.08,79.60
37.12,78.34
37.16,77.18
37.20,78.55
37.24,78.20
37.28,79.02
37.32,77.66
37.36,77.04
37.40,76.64
37.44,77.97
37.48,76.60
37.52,76.52
37.56,76.60
37.60,75.10
37.64,77.83
37.68,78.18
37.72,75.41
37.76,76.48
37.80,76.65
37.84,74.72
37.88,75.82
37.92,73.48
37.96,74.50
38.00,75.93
38.04,76.29
38.08,75.46
38.12,73.85
38.16,74.62
38.20,75.39
38.24,74.69
38.28,73.56
38.32,74.12
38.36,73.74
38.40,75.16
38.44,72.69
38.48,71.89
38.52,74.10
38.56,71.79
38.60,71.95
38.64,72.98
38.68,72.38
38.72,72.49
38.76,72.50
38.80,71.66
38.84,72.12
38.88,72.74
38.92,72.28
38.96,72.28
39.00,70.95
39.04,71.82
39.08,72.97
39.12,71.85
39.16,73.26
39.20,73.05
39.24,71.91
39.28,72.84
39.32,72.15
39.36,73.46
39.40,73.62
39.44,72.86
39.48,72.86
39.52,74.94
39.56,73.17
39.60,73.55
39.64,73.86
39.68,75.80
39.72,74.64
39.76,74.69
39.80,75.52
39.84,72.79
39.88,74.71
39.92,75.20
39.96,73.97
40.00,76.28
40.04,75.67
40.08,75.33
40.12,76.34
40.16,77.70
40.20,76.40
40.24,75.74
40.28,77.87
40.32,77.06
40.36,75.78
40.40,78.41
40.44,77.61
40.48,79.17
40.52,77.72
40.56,79.28
40.60,79.52
40.64,78.89
40.68,79.61
40.72,78.41
40.76,78.02
40.80,79.89
40.84,80.21
40.88,81.24
40.92,79.63
40.96,79.71
41.00,78.49
41.04,79.93
41.08,79.01
41.12,78.85
41.16,78.20
41.20,80.08
41.24,77.78
41.28,78.93
41.32,80.99
41.36,77.81
41.40,78.24
41.44,76.28
41.48,78.84
41.52,77.27
41.56,77.04
41.60,78.25
41.64,78.59
41.68,77.92
41.72,78.70
41.76,77.80
41.80,77.21
41.84,77.26
41.88,77.57
41.92,74.33
41.96,75.56
42.00,76.91
42.04,75.81
42.08,74.20
42.12,74.98
42.16,75.38
42.20,75.04
42.24,74.88
42.28,76.16
42.32,74.16
42.36,75.24
42.40,73.80
42.44,72.20
42.48,75.02
42.52,73.61
42.56,75.00
42.60,73.25
42.64,73.23
42.68,73.00
42.72,74.01
42.76,74.85
42.80,74.96
42.84,73.95
42.88,73.77
42.92,72.75
42.96,73.24
43.00,74.69
43.04,74.24
43.08,74.58
43.12,73.47
43.16,73.24
43.20,74.01
43.24,74.44
43.28,73.76
43.32,75.10
43.36,75.47
43.40,74.31
43.44,74.88
43.48,76.87
43.52,72.76
43.56,74.39
43.60,75.01
43.64,74.93
43.68,76.24
43.72,76.71
43.76,75.69
43.80,76.09
43.84,75.91
43.88,76.82
43.92,74.75
43.96,76.66
44.00,74.92
44.04,76.68
44.08,76.78
44.12,77.74
44.16,78.14
44.20,78.82
44.24,77.94
44.28,79.29
44.32,78.65
44.36,79.43
44.40,77.09
44.44,78.37
44.48,80.29
44.52,79.78
44.56,78.83
44.60,79.89
44.64,79.37
44.68,80.58
44.72,81.42
44.76,77.93
44.80,79.61
44.84,80.32
44.88,79.83
44.92,80.14
44.96,80.51
45.00,81.47
45.04,79.59
45.08,79.71
45.12,79.16
45.16,79.58
45.20,79.76
45.24,78.96
45.28,79.02
45.32,81.15
45.36,78.27
45.40,78.97
45.44,79.83
45.48,78.12
45.52,79.58
45.56,78.09
45.60,80.49
45.64,78.62
45.68,78.35
45.72,78.61
45.76,76.63
45.80,79.99
45.84,78.52
45.88,77.59
45.92,76.17
45.96,78.41
46.00,77.49
46.04,77.35
46.08,77.71
46.12,76.98
46.16,76.97
46.20,75.48
46.24,75.32
46.28,74.60
46.32,76.37
46.36,73.89
46.40,76.17
46.44,73.83
46.48,75.85
46.52,74.94
46.56,75.31
46.60,75.68
46.64,75.54
46.68,73.52
46.72,74.23
46.76,74.96
46.80,74.35
46.84,72.62
46.88,76.41
46.92,74.48
46.96,73.40
47.00,74.47
47.04,74.70
47.08,73.81
47.12,74.15
47.16,76.19
47.20,74.50
47.24,73.30
47.28,76.18
47.32,76.08
47.36,75.88
47.40,77.30
47.44,75.82
47.48,75.32
47.52,76.20
47.56,76.01
47.60,76.07
47.64,76.21
47.68,74.87
47.72,76.75
47.76,77.44
47.80,75.94
47.84,78.59
47.88,77.87
47.92,77.87
47.96,77.07
48.00,78.06
48.04,77.53
48.08,76.94
48.12,78.56
48.16,78.61
48.20,79.10
48.24,79.20
48.28,78.26
48.32,77.72
48.36,80.28
48.40,79.09
48.44,79.04
48.48,80.47
48.52,79.83
48.56,78.62
48.60,80.60
48.64,79.34
48.68,81.01
48.72,79.95
48.76,80.15
48.80,80.65
48.84,82.12
48.88,80.19
48.92,82.09
48.96,79.77
49.00,82.71
49.04,82.32
49.08,80.78
49.12,81.34
49.16,81.24
49.20,81.31
49.24,82.31
49.28,80.57
49.32,79.22
49.36,80.77
49.40,81.74
49.44,80.98
49.48,79.91
49.52,78.98
49.56,78.93
49.60,78.48
49.64,81.24
49.68,79.90
49.72,78.25
49.76,78.61
49.80,80.55
49.84,78.49
49.88,75.64
49.92,78.55
49.96,76.14
50.00,77.88
50.04,78.90
50.08,79.05
50.12,77.48
50.16,76.45
50.20,75.62
50.24,78.11
50.28,75.05
50.32,76.05
50.36,76.41
50.40,75.62
50.44,75.38
50.48,75.84
50.52,75.71
50.56,75.87
50.60,76.55
50.64,75.14
50.68,72.33
50.72,76.03
50.76,74.20
50.80,74.75
50.84,74.93
50.88,74.55
50.92,75.88
50.96,73.48
51.00,74.49
51.04,73.65
51.08,74.78
51.12,74.50
51.16,75.80
51.20,75.73
51.24,74.85
51.28,74.38
51.32,74.99
51.36,75.35
51.40,76.78
51.44,74.09
51.48,76.63
51.52,75.55
51.56,76.58
51.60,75.85
51.64,75.99
51.68,75.82
51.72,76.39
51.76,77.30
51.80,75.28
51.84,77.57
51.88,77.60
51.92,77.70
51.96,77.08
52.00,78.06
52.04,76.98
52.08,79.17
52.12,77.98
52.16,76.56
52.20,78.56
52.24,79.40
52.28,77.28
52.32,79.55
52.36,78.66
52.40,79.23
52.44,78.35
52.48,78.49
52.52,79.58
52.56,78.78
52.60,79.50
52.64,78.98
52.68,80.40
52.72,80.54
52.76,78.04
52.80,80.03
52.84,80.75
52.88,81.53
52.92,80.20
52.96,78.33
53.00,80.08
53.04,80.92
53.08,80.26
53.12,80.06
53.16,80.06
53.20,79.17
53.24,81.35
53.28,80.41
53.32,79.62
53.36,79.58
53.40,81.55
53.44,78.47
53.48,80.23
53.52,78.30
53.56,80.15
53.60,78.05
53.64,78.13
53.68,77.29
53.72,77.82
53.76,78.92
53.80,77.39
53.84,79.11
53.88,77.51
53.92,76.95
53.96,77.52
54.00,77.72
54.04,76.82
54.08,77.22
54.12,77.17
54.16,76.70
54.20,75.57
54.24,75.90
54.28,74.84
54.32,75.91
54.36,76.41
54.40,75.02
54.44,74.60
54.48,74.42
54.52,76.35
54.56,74.39
54.60,73.54
54.64,73.84
54.68,73.03
54.72,74.53
54.76,73.00
54.80,73.03
54.84,73.43
54.88,74.64
54.92,74.72
54.96,73.08
55.00,74.63
55.04,73.96
55.08,72.57
55.12,73.83
55.16,73.89
55.20,75.07
55.24,74.68
55.28,72.81
55.32,72.60
55.36,73.82
55.40,73.16
55.44,75.89
55.48,74.69
55.52,73.82
55.56,73.83
55.60,74.54
55.64,75.34
55.68,74.88
55.72,75.41
55.76,75.69
55.80,76.63
55.84,74.28
55.88,75.55
55.92,74.82
55.96,76.08
56.00,76.42
56.04,76.64
56.08,76.05
56.12,77.97
56.16,76.93
56.20,76.73
56.24,77.36
56.28,78.15
56.32,77.51
56.36,79.27
56.40,77.64
56.44,76.89
56.48,75.59
56.52,79.21
56.56,77.47
56.60,78.59
56.64,78.16
56.68,77.24
56.72,79.48
56.76,78.46
56.80,77.65
56.84,78.01
56.88,78.54
56.92,79.21
56.96,78.81
57.00,77.94
57.04,77.80
57.08,78.46
57.12,79.19
57.16,77.99
57.20,78.60
57.24,79.01
57.28,78.45
57.32,78.52
57.36,78.73
57.40,78.90
57.44,78.64
57.48,77.12
57.52,78.21
57.56,76.36
57.60,77.90
57.64,77.14
57.68,78.21
57.72,76.22
57.76,75.80
57.80,75.93
57.84,75.23
57.88,74.81
57.92,76.30
57.96,76.40
58.00,76.48
58.04,74.99
58.08,75.32
58.12,73.39
58.16,75.73
58.20,72.88
58.24,74.79
58.28,72.69
58.32,75.04
58.36,73.06
58.40,72.69
58.44,73.66
58.48,73.75
58.52,72.83
58.56,71.46
58.60,71.82
58.64,71.68
58.68,71.96
58.72,72.64
58.76,73.46
58.80,71.66
58.84,72.54
58.88,70.40
58.92,71.09
58.96,72.45
59.00,72.29
59.04,72.70
59.08,70.55
59.12,71.83
59.16,71.35
59.20,72.09
59.24,71.80
59.28,70.86
59.32,71.52
59.36,74.39
59.40,73.46
59.44,74.04
59.48,70.23
59.52,71.59
59.56,72.71
59.60,72.55
59.64,72.81
59.68,73.62
59.72,74.11
59.76,72.70
59.80,72.78
59.84,73.02
59.88,73.17
59.92,73.47
59.96,75.05
60.00,72.95
60.04,74.72
60.08,75.90
60.12,74.18
60.16,75.44
60.20,74.90
60.24,75.65
60.28,77.45
60.32,74.54
60.36,73.83
60.40,74.65
60.44,76.64
60.48,75.41
60.52,78.24
60.56,75.51
60.60,76.39
60.64,77.32
60.68,76.10
60.72,77.60
60.76,77.06
60.80,76.83
60.84,77.31
60.88,77.82
60.92,75.45
60.96,77.32
61.00,76.25
61.04,78.03
61.08,76.68
61.12,77.00
61.16,75.89
61.20,78.48
61.24,75.60
61.28,77.33
61.32,76.42
61.36,76.85
61.40,77.60
61.44,75.24
61.48,76.01
61.52,74.76
61.56,74.29
61.60,73.60
61.64,75.20
61.68,74.84
61.72,73.29
61.76,74.08
61.80,74.63
61.84,74.74
61.88,73.64
61.92,74.77
61.96,72.79
62.00,74.12
62.04,74.47
62.08,73.19
62.12,72.91
62.16,72.82
62.20,74.19
62.24,71.99
62.28,71.39
62.32,71.19
62.36,71.08
62.40,71.51
62.44,70.41
62.48,70.09
62.52,72.30
62.56,72.53
62.60,71.47
62.64,71.58
62.68,70.02
62.72,70.01
62.76,69.55
62.80,70.29
62.84,68.19
62.88,71.03
62.92,69.92
62.96,69.47
63.00,71.27
63.04,70.67
63.08,69.18
63.12,68.63
63.16,70.33
63.20,69.17
63.24,70.61
63.28,69.14
63.32,69.56
63.36,70.43
63.40,71.26
63.44,70.59
63.48,70.98
63.52,70.50
63.56,69.87
63.60,70.94
63.64,71.93
63.68,69.35
63.72,71.03
63.76,72.17
63.80,72.22
63.84,72.66
63.88,73.28
63.92,71.37
63.96,72.36
64.00,71.55
64.04,73.05
64.08,73.62
64.12,76.07
64.16,75.25
64.20,72.25
64.24,73.87
64.28,73.77
64.32,73.80
64.36,74.88
64.40,73.40
64.44,74.54
64.48,74.27
64.52,74.29
64.56,74.61
64.60,74.92
64.64,75.83
64.68,74.76
64.72,75.99
64.76,73.06
64.80,75.05
64.84,74.88
64.88,76.32
64.92,76.70
64.96,76.67
65.00,76.62
65.04,74.27
65.08,76.89
65.12,75.45
65.16,75.04
65.20,74.94
65.24,75.85
65.28,74.69
65.32,75.89
65.36,73.33
65.40,75.69
65.44,73.50
65.48,75.24
65.52,74.13
65.56,74.85
65.60,73.37
65.64,74.14
65.68,72.87
65.72,72.17
65.76,74.17
65.80,71.10
65.84,70.61
65.88,72.42
65.92,72.75
65.96,70.79
66.00,71.79
66.04,70.68
66.08,73.88
66.12,70.07
66.16,71.95
66.20,69.94
66.24,69.87
66.28,69.52
66.32,72.37
66.36,70.23
66.40,70.11
66.44,70.94
66.48,70.07
66.52,69.47
66.56,69.23
66.60,70.10
66.64,68.53
66.68,67.92
66.72,69.12
66.76,68.80
66.80,68.57
66.84,68.24
66.88,67.96
66.92,70.14
66.96,69.06
67.00,68.10
67.04,68.66
67.08,68.75
67.12,67.35
67.16,67.59
67.20,68.16
67.24,69.28
67.28,66.89
67.32,68.88
67.36,68.77
67.40,69.40
67.44,70.65
67.48,68.25
67.52,68.88
67.56,68.64
67.60,69.64
67.64,70.27
67.68,68.38
67.72,70.50
67.76,68.97
67.80,70.13
67.84,70.92
67.88,71.97
67.92,70.34
67.96,70.01
68.00,70.13
68.04,71.96
68.08,73.16
68.12,71.80
68.16,72.04
68.20,73.14
68.24,72.27
68.28,73.13
68.32,73.07
68.36,72.73
68.40,74.72
68.44,72.71
68.48,73.69
68.52,72.15
68.56,75.38
68.60,73.58
68.64,73.67
68.68,73.89
68.72,74.39
68.76,74.97
68.80,73.69
68.84,74.44
68.88,76.24
68.92,73.30
68.96,73.32
69.00,72.81
69.04,72.80
69.08,73.04
69.12,74.10
69.16,73.74
69.20,73.80
69.24,73.57
69.28,74.19
69.32,73.98
69.36,73.22
69.40,74.32
69.44,73.55
69.48,72.93
69.52,73.71
69.56,72.10
69.60,73.03
69.64,72.29
69.68,73.37
69.72,73.21
69.76,72.42
69.80,70.92
69.84,71.88
69.88,72.43
69.92,72.10
69.96,69.34
70.00,71.16
70.04,70.22
70.08,70.55
70.12,69.00
70.16,69.95
70.20,69.17
70.24,70.00
70.28,70.07
70.32,70.24
70.36,68.63
70.40,69.55
70.44,69.47
70.48,69.76
70.52,68.11
70.56,68.97
70.60,70.11
70.64,67.67
70.68,68.67
70.72,69.65
70.76,67.69
70.80,67.98
70.84,68.25
70.88,68.28
70.92,68.49
70.96,67.40
71.00,67.20
71.04,67.51
71.08,68.32
71.12,69.36
71.16,69.61
71.20,70.40
71.24,67.22
71.28,68.99
71.32,66.87
71.36,70.08
71.40,67.94
71.44,67.91
71.48,69.51
71.52,70.36
71.56,70.66
71.60,70.27
71.64,68.85
71.68,71.11
71.72,69.48
71.76,70.66
71.80,69.95
71.84,70.67
71.88,69.52
71.92,71.39
71.96,70.99
72.00,69.65
72.04,71.63
72.08,71.83
72.12,72.46
72.16,70.53
72.20,71.89
72.24,71.90
72.28,72.79
72.32,74.02
72.36,72.85
72.40,72.98
72.44,74.32
72.48,73.39
72.52,74.14
72.56,73.24
72.60,73.72
72.64,74.80
72.68,74.03
72.72,73.73
72.76,73.52
72.80,73.98
72.84,75.29
72.88,74.99
72.92,74.74
72.96,74.78
73.00,72.63
73.04,74.55
73.08,74.92
73.12,74.23
73.16,73.38
73.20,74.04
73.24,73.39
73.28,72.40
73.32,74.27
73.36,73.96
73.40,74.23
73.44,74.16
73.48,72.90
73.52,73.49
73.56,74.63
73.60,72.98
73.64,72.30
73.68,71.59
73.72,73.63
73.76,72.65
73.80,71.93
73.84,72.05
73.88,71.48
73.92,72.33
73.96,71.06
74.00,71.39
74.04,71.32
74.08,71.90
74.12,71.13
74.16,71.55
74.20,69.61
74.24,71.80
74.28,70.12
74.32,70.97
74.36,68.50
74.40,69.90
74.44,68.29
74.48,70.12
74.52,68.83
74.56,69.60
74.60,70.47
74.64,67.64
74.68,68.38
74.72,67.20
74.76,68.49
74.80,69.21
74.84,68.70
74.88,67.43
74.92,68.45
74.96,69.07
75.00,68.79
75.04,66.77
75.08,68.94
75.12,70.10
75.16,68.86
75.20,68.66
75.24,69.05
75.28,68.82
75.32,71.02
75.36,68.37
75.40,70.30
75.44,68.31
75.48,68.59
75.52,70.46
75.56,71.30
75.60,69.60
75.64,72.04
75.68,69.84
75.72,70.35
75.76,69.70
75.80,72.54
75.84,71.09
75.88,72.13
75.92,70.60
75.96,69.38
76.00,72.02
76.04,72.88
76.08,73.13
76.12,71.38
76.16,71.08
76.20,74.01
76.24,74.42
76.28,73.50
76.32,74.08
76.36,72.66
76.40,73.89
76.44,73.48
76.48,72.47
76.52,73.85
76.56,73.75
76.60,74.10
76.64,76.08
76.68,73.96
76.72,74.29
76.76,75.49
76.80,74.84
76.84,76.09
76.88,74.95
76.92,74.78
76.96,74.65
77.00,74.61
77.04,75.94
77.08,76.00
77.12,74.27
77.16,74.97
77.20,74.73
77.24,76.48
77.28,76.31
77.32,73.72
77.36,74.55
77.40,73.40
77.44,75.05
77.48,73.96
77.52,75.37
77.56,73.08
77.60,73.33
77.64,73.03
77.68,74.83
77.72,73.89
77.76,72.56
77.80,73.55
77.84,75.01
77.88,73.21
77.92,72.05
77.96,72.49
78.00,72.77
78.04,72.25
78.08,71.76
78.12,72.67
78.16,71.30
78.20,70.99
78.24,69.72
78.28,70.92
78.32,71.45
78.36,70.12
78.40,70.51
78.44,70.42
78.48,70.89
78.52,71.44
78.56,71.59
78.60,71.16
78.64,71.07
78.68,69.88
78.72,70.36
78.76,68.73
78.80,70.70
78.84,70.40
78.88,69.67
78.92,70.20
78.96,71.42
79.00,70.79
79.04,70.25
79.08,71.09
79.12,70.08
79.16,69.93
79.20,70.02
79.24,71.08
79.28,70.82
79.32,71.29
79.36,72.43
79.40,71.44
79.44,70.57
79.48,73.48
79.52,70.73
79.56,73.10
79.60,70.31
79.64,71.19
79.68,71.11
79.72,70.12
79.76,72.30
79.80,72.81
79.84,72.31
79.88,73.76
79.92,72.87
79.96,71.99
80.00,73.20
80.04,73.98
80.08,74.48
80.12,73.83
80.16,73.45
80.20,73.17
80.24,74.68
80.28,77.00
80.32,74.77
80.36,75.59
80.40,74.31
80.44,74.88
80.48,75.85
80.52,75.39
80.56,74.05
80.60,77.11
80.64,75.16
80.68,75.97
80.72,76.51
80.76,76.53
80.80,77.48
80.84,75.66
80.88,76.17
80.92,75.27
80.96,77.86
81.00,77.09
81.04,76.90
81.08,77.27
81.12,75.98
81.16,75.74
81.20,77.49
81.24,75.49
81.28,76.74
81.32,77.00
81.36,77.07
81.40,76.98
81.44,76.33
81.48,75.52
81.52,77.16
81.56,75.14
81.60,75.95
81.64,73.66
81.68,75.83
81.72,77.31
81.76,74.97
81.80,75.16
81.84,74.33
81.88,75.02
81.92,75.66
81.96,73.97
82.00,74.90
82.04,73.86
82.08,75.47
82.12,74.91
82.16,74.96
82.20,72.66
82.24,73.65
82.28,72.64
82.32,73.36
82.36,71.53
82.40,71.54
82.44,72.40
82.48,72.01
82.52,72.07
82.56,72.18
82.60,73.83
82.64,72.75
82.68,73.56
82.72,73.62
82.76,72.63
82.80,70.64
82.84,71.52
82.88,72.48
82.92,70.83
82.96,71.72
83.00,70.89
83.04,72.11
83.08,71.80
83.12,72.26
83.16,71.64
83.20,72.40
83.24,72.02
83.28,72.85
83.32,70.87
83.36,72.76
83.40,71.56
83.44,73.16
83.48,73.44
83.52,71.56
83.56,73.21
83.60,73.81
83.64,72.73
83.68,74.54
83.72,72.04
83.76,73.60
83.80,75.07
83.84,73.14
83.88,73.13
83.92,74.05
83.96,73.80
84.00,75.90
84.04,73.90
84.08,76.61
84.12,76.22
84.16,75.27
84.20,74.39
84.24,75.28
84.28,76.91
84.32,76.18
84.36,76.70
84.40,78.68
84.44,76.14
84.48,78.02
84.52,76.01
84.56,76.90
84.60,75.16
84.64,77.82
84.68,77.69
84.72,77.57
84.76,78.20
84.80,76.56
84.84,78.50
84.88,80.27
84.92,78.03
84.96,79.22
85.00,77.21
85.04,76.68
85.08,78.21
85.12,78.59
85.16,77.98
85.20,78.67
85.24,78.71
85.28,78.12
85.32,77.59
85.36,77.73
85.40,78.79
85.44,78.96
85.48,77.79
85.52,76.64
85.56,77.66
85.60,76.51
85.64,77.08
85.68,75.77
85.72,78.00
85.76,75.87
85.80,76.07
85.84,76.81
85.88,74.93
85.92,75.50
85.96,76.78
86.00,77.67
86.04,75.53
86.08,74.56
86.12,73.37
86.16,76.15
86.20,74.73
86.24,74.91
86.28,74.53
86.32,75.88
86.36,74.07
86.40,74.84
86.44,73.45
86.48,71.53
86.52,74.85
86.56,73.67
86.60,73.87
86.64,75.17
86.68,72.77
86.72,73.23
86.76,72.92
86.80,71.79
86.84,73.89
86.88,73.05
86.92,73.37
86.96,72.25
87.00,75.16
87.04,72.85
87.08,71.02
87.12,73.80
87.16,73.43
87.20,72.52
87.24,73.96
87.28,72.77
87.32,74.27
87.36,74.07
87.40,73.22
87.44,74.59
87.48,74.58
87.52,74.21
87.56,72.81
87.60,75.99
87.64,74.38
87.68,75.03
87.72,76.67
87.76,75.01
87.80,76.14
87.84,76.84
87.88,76.29
87.92,75.64
87.96,75.28
88.00,77.17
88.04,75.12
88.08,77.98
88.12,77.17
88.16,77.43
88.20,78.05
88.24,77.25
88.28,78.55
88.32,79.47
88.36,78.39
88.40,77.96
88.44,78.29
88.48,79.13
88.52,78.52
88.56,79.51
88.60,79.78
88.64,78.82
88.68,80.83
88.72,80.21
88.76,80.38
88.80,79.47
88.84,79.37
88.88,80.61
88.92,80.22
88.96,79.64
89.00,78.58
89.04,80.85
89.08,79.93
89.12,79.17
89.16,79.02
89.20,79.00
89.24,78.89
89.28,78.36
89.32,81.41
89.36,79.69
89.40,79.62
89.44,77.42
89.48,79.61
89.52,79.98
89.56,80.47
89.60,79.58
89.64,78.06
89.68,77.79
89.72,78.76
89.76,77.99
89.80,79.51
89.84,78.53
89.88,78.65
89.92,77.56
89.96,78.60
90.00,77.97
90.04,77.16
90.08,77.62
90.12,77.60
90.16,78.66
90.20,74.24
90.24,73.68
90.28,72.21
90.32,71.34
90.36,71.62
90.40,70.27
90.44,69.47
90.48,69.88
90.52,68.34
90.56,67.04
90.60,68.68
90.64,68.00
90.68,66.36
90.72,67.69
90.76,67.31
90.80,67.47
90.84,67.58
90.88,68.04
90.92,68.84
90.96,69.57
91.00,68.58
91.04,69.66
91.08,69.98
91.12,71.89
91.16,72.99
91.20,74.34
91.24,78.13
91.28,79.23
91.32,81.08
91.36,84.54
91.40,84.71
91.44,86.47
91.48,88.24
91.52,89.17
91.56,91.58
91.60,92.54
91.64,94.36
91.68,93.70
91.72,96.66
91.76,97.35
91.80,99.89
91.84,100.79
91.88,102.08
91.92,100.07
91.96,101.27
92.00,103.58
92.04,103.74
92.08,104.79
92.12,105.12
92.16,105.70
92.20,106.15
92.24,105.83
92.28,106.47
92.32,107.89
92.36,106.81
92.40,107.94
92.44,108.05
92.48,109.00
92.52,106.84
92.56,109.16
92.60,109.83
92.64,108.61
92.68,110.52
92.72,109.30
92.76,111.00
92.80,111.26
92.84,109.92
92.88,109.03
92.92,109.65
92.96,110.45
93.00,109.86
93.04,109.19
93.08,110.78
93.12,110.40
93.16,109.59
93.20,109.52
93.24,110.12
93.28,110.55
93.32,109.91
93.36,110.28
93.40,110.45
93.44,108.07
93.48,107.65
93.52,109.54
93.56,109.38
93.60,107.13
93.64,107.71
93.68,106.73
93.72,106.82
93.76,106.00
93.80,105.48
93.84,104.86
93.88,105.77
93.92,102.92
93.96,105.45
94.00,103.58
94.04,104.37
94.08,104.75
94.12,102.34
94.16,102.91
94.20,103.22
94.24,103.54
94.28,101.51
94.32,101.53
94.36,101.49
94.40,100.00
94.44,99.62
94.48,101.27
94.52,99.81
94.56,98.84
94.60,99.43
94.64,99.88
94.68,100.37
94.72,96.98
94.76,98.11
94.80,98.92
94.84,96.66
94.88,96.84
94.92,97.39
94.96,99.41
95.00,96.74
95.04,96.37
95.08,96.93
95.12,96.01
95.16,96.92
95.20,96.33
95.24,95.58
95.28,97.36
95.32,94.44
95.36,95.02
95.40,96.42
95.44,97.44
95.48,96.66
95.52,94.89
95.56,95.14
95.60,93.91
95.64,96.88
95.68,95.34
95.72,94.37
95.76,97.97
95.80,95.25
95.84,95.32
95.88,95.34
95.92,95.06
95.96,97.27
96.00,95.87
96.04,96.14
96.08,95.59
96.12,96.87
96.16,97.39
96.20,93.96
96.24,97.30
96.28,97.46
96.32,95.54
96.36,95.76
96.40,97.16
96.44,95.09
96.48,96.28
96.52,95.97
96.56,96.04
96.60,95.77
96.64,96.51
96.68,97.10
96.72,96.44
96.76,97.02
96.80,96.08
96.84,96.28
96.88,97.41
96.92,93.33
96.96,94.99
97.00,95.07
97.04,96.84
97.08,94.61
97.12,95.14
97.16,94.10
97.20,94.54
97.24,93.95
97.28,93.54
97.32,93.46
97.36,92.91
97.40,91.92
97.44,93.29
97.48,93.16
97.52,91.55
97.56,93.34
97.60,91.49
97.64,91.97
97.68,89.93
97.72,91.82
97.76,90.77
97.80,90.68
97.84,90.77
97.88,90.18
97.92,87.89
97.96,89.79
98.00,88.31
98.04,88.74
98.08,88.40
98.12,89.61
98.16,87.23
98.20,86.51
98.24,86.91
98.28,86.59
98.32,86.25
98.36,86.00
98.40,85.40
98.44,84.42
98.48,85.44
98.52,86.05
98.56,85.94
98.60,85.36
98.64,85.97
98.68,84.02
98.72,84.57
98.76,86.32
98.80,84.11
98.84,85.71
98.88,85.31
98.92,84.41
98.96,82.52
99.00,82.28
99.04,82.69
99.08,83.55
99.12,82.06
99.16,84.33
99.20,82.58
99.24,83.98
99.28,82.63
99.32,83.05
99.36,84.92
99.40,81.83
99.44,83.60
99.48,82.60
99.52,83.90
99.56,82.47
99.60,83.18
99.64,83.45
99.68,83.44
99.72,83.41
99.76,84.45
99.80,84.87
99.84,83.92
99.88,84.04
99.92,85.50
99.96,85.23
100.00,84.15
100.04,85.88
100.08,85.14
100.12,84.83
100.16,84.71
100.20,83.91
100.24,84.21
100.28,84.66
100.32,84.61
100.36,86.54
100.40,85.31
100.44,84.65
100.48,86.33
100.52,84.63
100.56,84.22
100.60,85.69
100.64,85.11
100.68,85.35
100.72,86.73
100.76,84.68
100.80,83.75
100.84,83.88
100.88,85.70
100.92,84.92
100.96,85.07
101.00,86.47
101.04,83.97
101.08,85.54
101.12,84.88
101.16,83.64
101.20,83.97
101.24,85.45
101.28,83.79
101.32,85.06
101.36,82.94
101.40,82.03
101.44,84.34
101.48,81.16
101.52,83.69
101.56,83.78
101.60,83.09
101.64,83.81
101.68,80.25
101.72,83.75
101.76,81.67
101.80,81.18
101.84,81.69
101.88,80.54
101.92,81.25
101.96,80.67
102.00,80.22
102.04,79.47
102.08,79.74
102.12,79.84
102.16,79.45
102.20,78.56
102.24,79.51
102.28,78.69
102.32,78.02
102.36,78.01
102.40,77.24
102.44,77.47
102.48,79.28
102.52,77.03
102.56,77.66
102.60,77.51
102.64,76.44
102.68,76.97
102.72,75.32
102.76,75.78
102.80,76.49
102.84,77.49
102.88,75.89
102.92,76.29
102.96,75.73
103.00,75.20
103.04,76.44
103.08,76.01
103.12,74.17
103.16,76.27
103.20,76.40
103.24,75.96
103.28,74.50
103.32,75.83
103.36,75.88
103.40,75.97
103.44,76.56
103.48,76.87
103.52,76.72
103.56,76.85
103.60,76.25
103.64,76.21
103.68,77.38
103.72,76.51
103.76,77.09
103.80,77.88
103.84,75.54
103.88,78.05
103.92,76.64
103.96,77.92
104.00,76.79
104.04,78.63
104.08,77.97
104.12,78.21
104.16,78.33
104.20,78.88
104.24,78.57
104.28,78.92
104.32,79.42
104.36,78.72
104.40,79.09
104.44,78.04
104.48,79.16
104.52,79.94
104.56,79.17
104.60,80.34
104.64,78.66
104.68,79.74
104.72,80.06
104.76,80.31
104.80,79.74
104.84,78.59
104.88,80.11
104.92,80.83
104.96,79.05
105.00,80.50
105.04,79.55
105.08,82.40
105.12,79.92
105.16,82.09
105.20,79.96
105.24,79.54
105.28,78.28
105.32,78.42
105.36,81.02
105.40,77.58
105.44,77.29
105.48,79.12
105.52,78.12
105.56,77.41
105.60,77.45
105.64,78.63
105.68,77.92
105.72,77.67
105.76,77.90
105.80,76.32
105.84,76.21
105.88,76.70
105.92,76.55
105.96,76.43
106.00,76.03
106.04,76.24
106.08,75.06
106.12,75.11
106.16,74.24
106.20,73.90
106.24,73.96
106.28,74.13
106.32,74.14
106.36,73.75
106.40,72.71
106.44,73.33
106.48,74.53
106.52,73.22
106.56,72.02
106.60,73.74
106.64,73.77
106.68,71.15
106.72,71.16
106.76,70.63
106.80,70.85
106.84,71.04
106.88,72.73
106.92,72.49
106.96,71.54
107.00,72.76
107.04,72.18
107.08,72.93
107.12,72.43
107.16,70.62
107.20,70.69
107.24,73.65
107.28,72.06
107.32,71.50
107.36,73.56
107.40,71.86
107.44,73.52
107.48,72.97
107.52,73.23
107.56,73.45
107.60,70.97
107.64,72.89
107.68,73.32
107.72,73.46
107.76,74.06
107.80,73.00
107.84,72.56
107.88,72.35
107.92,74.19
107.96,75.10
108.00,75.99
108.04,75.40
108.08,74.24
108.12,74.41
108.16,75.42
108.20,76.53
108.24,75.43
108.28,77.31
108.32,74.86
108.36,76.39
108.40,77.74
108.44,74.78
108.48,75.92
108.52,78.21
108.56,75.09
108.60,77.49
108.64,76.01
108.68,77.33
108.72,76.70
108.76,75.99
108.80,78.22
108.84,76.55
108.88,75.48
108.92,75.87
108.96,76.94
109.00,76.56
109.04,76.10
109.08,76.57
109.12,78.10
109.16,77.51
109.20,76.40
109.24,74.90
109.28,77.13
109.32,77.92
109.36,76.10
109.40,75.19
109.44,75.00
109.48,76.07
109.52,73.87
109.56,77.87
109.60,74.83
109.64,74.12
109.68,75.27
109.72,73.39
109.76,74.55
109.80,74.42
109.84,74.39
109.88,73.90
109.92,73.87
109.96,73.97
110.00,72.67
110.04,72.06
110.08,73.71
110.12,72.52
110.16,71.15
110.20,71.47
110.24,72.06
110.28,72.67
110.32,72.69
110.36,72.59
110.40,71.26
110.44,72.14
110.48,73.28
110.52,70.68
110.56,69.98
110.60,70.19
110.64,69.97
110.68,72.96
110.72,71.72
110.76,70.13
110.80,71.78
110.84,69.74
110.88,71.12
110.92,70.87
110.96,69.48
111.00,68.97
111.04,71.74
111.08,70.58
111.12,70.79
111.16,69.54
111.20,70.61
111.24,70.45
111.28,72.21
111.32,71.76
111.36,69.61
111.40,69.48
111.44,71.05
111.48,70.00
111.52,70.74
111.56,71.73
111.60,72.31
111.64,71.07
111.68,72.16
111.72,71.83
111.76,72.95
111.80,71.87
111.84,71.70
111.88,73.85
111.92,72.15
111.96,72.87
112.00,74.11
112.04,75.03
112.08,72.34
112.12,73.79
112.16,75.03
112.20,75.37
112.24,74.26
112.28,75.96
112.32,74.28
112.36,74.87
112.40,74.39
112.44,77.12
112.48,76.50
112.52,75.41
112.56,75.56
112.60,75.31
112.64,77.89
112.68,77.12
112.72,76.95
112.76,77.16
112.80,77.96
112.84,75.47
112.88,75.17
112.92,75.86
112.96,76.24
113.00,75.77
113.04,74.93
113.08,74.89
113.12,76.61
113.16,77.71
113.20,75.69
113.24,75.72
113.28,75.81
113.32,75.72
113.36,74.71
113.40,75.09
113.44,74.57
113.48,75.15
113.52,74.97
113.56,74.04
113.60,75.10
113.64,73.68
113.68,74.63
113.72,73.40
113.76,76.45
113.80,75.00
113.84,74.75
113.88,75.30
113.92,73.41
113.96,75.45
114.00,72.05
114.04,73.15
114.08,73.73
114.12,74.92
114.16,73.15
114.20,72.77
114.24,73.14
114.28,73.93
114.32,72.69
114.36,70.76
114.40,71.88
114.44,71.46
114.48,71.26
114.52,71.67
114.56,72.97
114.60,70.83
114.64,70.39
114.68,72.27
114.72,71.11
114.76,70.44
114.80,69.97
114.84,70.53
114.88,71.18
114.92,71.92
114.96,71.34
115.00,70.44
115.04,70.89
115.08,71.84
115.12,71.81
115.16,70.98
115.20,71.59
115.24,73.16
115.28,72.05
115.32,73.07
115.36,71.95
115.40,70.90
115.44,71.12
115.48,72.52
115.52,72.65
115.56,72.84
115.60,73.11
115.64,72.10
115.68,73.47
115.72,73.36
115.76,72.53
115.80,73.34
115.84,74.66
115.88,72.69
115.92,74.84
115.96,72.96
116.00,74.44
116.04,73.86
116.08,74.63
116.12,74.26
116.16,74.71
116.20,74.85
116.24,74.42
116.28,74.52
116.32,75.02
116.36,75.86
116.40,75.61
116.44,77.03
116.48,76.35
116.52,76.67
116.56,76.16
116.60,74.60
116.64,76.49
116.68,75.22
116.72,75.99
116.76,77.09
116.80,78.32
116.84,77.28
116.88,77.46
116.92,77.39
116.96,78.09
117.00,76.04
117.04,77.17
117.08,77.43
117.12,77.38
117.16,77.04
117.20,77.79
117.24,78.30
117.28,76.61
117.32,78.49
117.36,77.51
117.40,76.69
117.44,76.10
117.48,75.67
117.52,77.50
117.56,76.17
117.60,75.83
117.64,77.47
117.68,77.28
117.72,76.32
117.76,76.24
117.80,77.31
117.84,76.11
117.88,75.93
117.92,73.75
117.96,75.22
118.00,75.38
118.04,72.95
118.08,74.18
118.12,74.17
118.16,75.52
118.20,74.10
118.24,74.25
118.28,75.62
118.32,74.71
118.36,73.68
118.40,73.34
118.44,72.66
118.48,74.60
118.52,72.67
118.56,72.39
118.60,73.53
118.64,72.08
118.68,73.70
118.72,73.67
118.76,73.32
118.80,72.24
118.84,72.48
118.88,72.95
118.92,73.48
118.96,74.63
119.00,70.79
119.04,68.94
119.08,70.94
119.12,69.22
119.16,69.77
119.20,68.51
119.24,70.29
119.28,68.61
119.32,67.50
119.36,67.85
119.40,67.91
119.44,68.64
119.48,67.35
119.52,67.38
119.56,68.21
119.60,68.76
119.64,68.60
119.68,68.49
119.72,69.11
119.76,70.29
119.80,70.62
119.84,71.85
119.88,70.06
119.92,71.31
119.96,74.77
120.00,75.86
120.04,76.18
120.08,80.45
120.12,82.83
120.16,83.05
120.20,85.05
120.24,86.04
120.28,87.35
120.32,89.30
120.36,89.47
120.40,89.80
120.44,93.18
120.48,94.14
120.52,95.67
120.56,95.56
120.60,96.48
120.64,95.97
120.68,97.51
120.72,97.98
120.76,98.43
120.80,100.44
120.84,101.30
120.88,100.52
120.92,103.64
120.96,101.69
121.00,101.91
121.04,102.64
121.08,101.80
121.12,103.43
121.16,100.56
121.20,102.69
121.24,103.59
121.28,104.13
121.32,102.65
121.36,102.79
121.40,104.34
121.44,102.70
121.48,104.63
121.52,104.04
121.56,104.08
121.60,101.43
121.64,102.06
121.68,102.00
121.72,103.23
121.76,104.61
121.80,104.11
121.84,100.84
121.88,101.78
121.92,99.97
121.96,102.05
122.00,102.05
122.04,100.90
122.08,100.96
122.12,98.23
122.16,100.18
122.20,101.23
122.24,100.43
122.28,99.41
122.32,99.79
122.36,96.91
122.40,98.76
122.44,99.52
122.48,97.28
122.52,98.44
122.56,96.68
122.60,96.69
122.64,97.46
122.68,96.50
122.72,98.30
122.76,97.28
122.80,96.06
122.84,96.85
122.88,95.86
122.92,96.14
122.96,97.00
123.00,94.80
123.04,96.01
123.08,95.16
123.12,96.93
123.16,95.48
123.20,95.51
123.24,95.45
123.28,95.86
123.32,93.19
123.36,94.41
123.40,95.80
123.44,95.67
123.48,94.81
123.52,95.00
123.56,95.19
123.60,93.69
123.64,95.34
123.68,94.41
123.72,94.26
123.76,96.31
123.80,96.67
123.84,95.82
123.88,94.99
123.92,94.72
123.96,96.60
124.00,96.37
124.04,96.32
124.08,96.46
124.12,96.38
124.16,95.79
124.20,96.13
124.24,96.36
124.28,95.69
124.32,95.76
124.36,95.09
124.40,96.53
124.44,94.46
124.48,94.58
124.52,98.22
124.56,95.71
124.60,97.01
124.64,95.07
124.68,97.22
124.72,97.07
124.76,97.76
124.80,96.33
124.84,97.00
124.88,95.32
124.92,98.05
124.96,95.95
125.00,97.31
125.04,97.38
125.08,99.39
125.12,95.68
125.16,97.26
125.20,96.73
125.24,95.12
125.28,94.55
125.32,96.32
125.36,96.37
125.40,94.92
125.44,95.29
125.48,94.34
125.52,93.29
125.56,95.90
125.60,96.23
125.64,94.20
125.68,94.17
125.72,93.06
125.76,92.13
125.80,92.70
125.84,92.64
125.88,91.08
125.92,91.59
125.96,92.69
126.00,91.15
126.04,91.41
126.08,91.27
126.12,90.90
126.16,90.57
126.20,90.06
126.24,88.74
126.28,89.55
126.32,89.59
126.36,87.95
126.40,88.60
126.44,89.32
126.48,88.39
126.52,87.50
126.56,87.36
126.60,87.18
126.64,86.47
126.68,85.09
126.72,86.61
126.76,87.28
126.80,86.28
126.84,87.61
126.88,85.59
126.92,87.30
126.96,86.46
127.00,85.29
127.04,86.53
127.08,85.42
127.12,87.21
127.16,86.90
127.20,85.97
127.24,86.03
127.28,86.46
127.32,85.74
127.36,85.57
127.40,85.21
127.44,87.11
127.48,87.73
127.52,86.47
127.56,85.90
127.60,86.19
127.64,86.72
127.68,88.39
127.72,84.57
127.76,87.22
127.80,87.99
127.84,87.87
127.88,87.12
127.92,86.72
127.96,88.74
128.00,88.57
128.04,89.30
128.08,87.40
128.12,87.44
128.16,88.51
128.20,87.47
128.24,88.23
128.28,88.91
128.32,88.35
128.36,90.51
128.40,88.14
128.44,89.90
128.48,90.46
128.52,89.07
128.56,88.81
128.60,91.53
128.64,87.84
128.68,89.36
128.72,89.85
128.76,91.37
128.80,88.95
128.84,88.90
128.88,90.37
128.92,89.61
128.96,89.39
129.00,89.09
129.04,88.39
129.08,90.28
129.12,88.76
129.16,89.34
129.20,89.51
129.24,89.83
129.28,89.45
129.32,87.60
129.36,89.12
129.40,86.91
129.44,88.19
129.48,89.00
129.52,86.92
129.56,88.44
129.60,87.31
129.64,86.57
129.68,88.57
129.72,86.33
129.76,86.18
129.80,86.65
129.84,85.94
129.88,85.66
129.92,85.86
129.96,84.46
130.00,85.14
130.04,86.00
130.08,84.10
130.12,83.52
130.16,83.93
130.20,84.97
130.24,84.39
130.28,82.93
130.32,83.10
130.36,84.12
130.40,82.70
130.44,81.13
130.48,81.69
130.52,83.02
130.56,83.64
130.60,80.79
130.64,81.50
130.68,80.81
130.72,80.71
130.76,79.39
130.80,82.29
130.84,82.40
130.88,81.21
130.92,80.83
130.96,82.00
131.00,82.21
131.04,80.77
131.08,81.87
131.12,81.30
131.16,81.49
131.20,80.77
131.24,80.05
131.28,80.38
131.32,82.05
131.36,82.56
131.40,82.17
131.44,83.49
131.48,83.08
131.52,80.56
131.56,81.26
131.60,82.47
131.64,81.64
131.68,80.42
131.72,83.28
131.76,81.90
131.80,84.03
131.84,81.53
131.88,82.03
131.92,81.85
131.96,82.26
132.00,83.63
132.04,84.27
132.08,85.03
132.12,84.18
132.16,83.37
132.20,84.39
132.24,82.70
132.28,86.71
132.32,83.20
132.36,83.25
132.40,85.82
132.44,83.80
132.48,84.20
132.52,85.40
132.56,84.39
132.60,86.40
132.64,84.45
132.68,85.29
132.72,86.15
132.76,84.41
132.80,86.07
132.84,85.60
132.88,84.98
132.92,85.73
132.96,86.90
133.00,85.99
133.04,84.19
133.08,84.08
133.12,84.58
133.16,86.97
133.20,84.09
133.24,85.60
133.28,83.45
133.32,84.47
133.36,86.31
133.40,83.26
133.44,82.88
133.48,84.75
133.52,85.48
133.56,84.88
133.60,84.89
133.64,81.83
133.68,83.82
133.72,84.06
133.76,81.94
133.80,82.79
133.84,84.00
133.88,83.10
133.92,81.88
133.96,82.77
134.00,83.42
134.04,83.11
134.08,82.00
134.12,80.32
134.16,80.42
134.20,81.66
134.24,79.27
134.28,80.55
134.32,81.25
134.36,79.65
134.40,78.70
134.44,80.40
134.48,79.53
134.52,77.80
134.56,78.89
134.60,78.14
134.64,79.50
134.68,77.93
134.72,79.08
134.76,79.06
134.80,78.02
134.84,77.88
134.88,78.24
134.92,78.47
134.96,76.73
135.00,78.34
135.04,78.65
135.08,79.34
135.12,79.33
135.16,78.82
135.20,78.72
135.24,77.78
135.28,77.79
135.32,77.63
135.36,79.50
135.40,78.24
135.44,79.34
135.48,80.49
135.52,79.21
135.56,79.31
135.60,79.91
135.64,78.55
135.68,79.23
135.72,79.69
135.76,80.12
135.80,78.93
135.84,80.27
135.88,80.50
135.92,81.68
135.96,81.17
136.00,80.67
136.04,80.61
136.08,80.36
136.12,80.06
136.16,81.22
136.20,81.04
136.24,82.27
136.28,80.99
136.32,82.40
136.36,81.03
136.40,82.38
136.44,81.76
136.48,81.39
136.52,81.73
136.56,81.65
136.60,82.48
136.64,83.50
136.68,83.30
136.72,82.92
136.76,83.03
136.80,83.84
136.84,83.22
136.88,84.00
136.92,81.52
136.96,83.48
137.00,84.31
137.04,81.88
137.08,82.36
137.12,80.92
137.16,82.25
137.20,81.53
137.24,82.66
137.28,83.53
137.32,81.98
137.36,81.48
137.40,82.38
137.44,80.60
137.48,81.73
137.52,81.78
137.56,80.65
137.60,79.61
137.64,80.01
137.68,80.84
137.72,79.90
137.76,79.05
137.80,79.79
137.84,79.42
137.88,79.97
137.92,79.80
137.96,80.67
138.00,79.01
138.04,78.25
138.08,77.58
138.12,78.93
138.16,77.63
138.20,78.40
138.24,78.83
138.28,78.49
138.32,76.08
138.36,77.50
138.40,77.27
138.44,77.51
138.48,76.84
138.52,76.43
138.56,74.02
138.60,75.74
138.64,75.67
138.68,75.98
138.72,77.11
138.76,76.67
138.80,76.36
138.84,76.07
138.88,74.43
138.92,75.62
138.96,75.50
139.00,74.76
139.04,76.35
139.08,75.40
139.12,74.53
139.16,74.68
139.20,76.79
139.24,75.68
139.28,74.95
139.32,75.29
139.36,74.93
139.40,75.20
139.44,77.40
139.48,76.72
139.52,75.55
139.56,75.30
139.60,76.23
139.64,77.10
139.68,76.68
139.72,77.10
139.76,75.91
139.80,77.59
139.84,79.80
139.88,78.03
139.92,77.61
139.96,78.90
140.00,76.69
140.04,78.22
140.08,77.85
140.12,78.55
140.16,78.61
140.20,79.07
140.24,79.82
140.28,79.16
140.32,79.33
140.36,80.81
140.40,80.34
140.44,80.86
140.48,79.27
140.52,78.46
140.56,81.28
140.60,78.86
140.64,81.12
140.68,80.02
140.72,80.72
140.76,80.28
140.80,79.07
140.84,81.33
140.88,81.50
140.92,79.29
140.96,80.53
141.00,81.57
141.04,80.69
141.08,80.80
141.12,79.94
141.16,80.82
141.20,80.37
141.24,79.67
141.28,79.77
141.32,78.95
141.36,80.25
141.40,80.65
141.44,79.53
141.48,80.06
141.52,77.61
141.56,78.64
141.60,78.89
141.64,79.74
141.68,78.17
141.72,76.94
141.76,77.88
141.80,78.35
141.84,76.87
141.88,78.15
141.92,77.34
141.96,78.80
142.00,76.28
142.04,76.93
142.08,77.13
142.12,77.43
142.16,76.85
142.20,77.05
142.24,75.18
142.28,75.94
142.32,74.76
142.36,75.05
142.40,73.36
142.44,75.87
142.48,74.54
142.52,74.89
142.56,73.96
142.60,73.82
142.64,74.10
142.68,73.57
142.72,73.78
142.76,72.11
142.80,75.21
142.84,73.30
142.88,72.23
142.92,74.58
142.96,73.61
143.00,73.03
143.04,72.86
143.08,73.00
143.12,74.16
143.16,74.67
143.20,73.95
143.24,72.82
143.28,75.35
143.32,72.46
143.36,76.14
143.40,74.33
143.44,74.23
143.48,73.83
143.52,74.10
143.56,73.84
143.60,73.61
143.64,72.23
143.68,73.01
143.72,73.86
143.76,74.34
143.80,75.10
143.84,75.75
143.88,76.80
143.92,75.82
143.96,76.30
144.00,75.57
144.04,74.92
144.08,76.60
144.12,77.64
144.16,76.10
144.20,76.01
144.24,78.44
144.28,76.78
144.32,76.17
144.36,76.42
144.40,76.80
144.44,76.99
144.48,78.65
144.52,77.62
144.56,76.54
144.60,79.78
144.64,79.28
144.68,79.48
144.72,78.16
144.76,80.06
144.80,78.00
144.84,78.36
144.88,78.79
144.92,78.69
144.96,79.08
145.00,77.15
145.04,78.36
145.08,78.86
145.12,78.09
145.16,77.98
145.20,78.06
145.24,79.92
145.28,78.10
145.32,78.49
145.36,76.88
145.40,76.64
145.44,77.15
145.48,77.11
145.52,76.77
145.56,77.76
145.60,78.38
145.64,76.54
145.68,76.21
145.72,75.78
145.76,76.17
145.80,76.15
145.84,74.97
145.88,75.62
145.92,75.70
145.96,76.06
146.00,74.77
146.04,73.96
146.08,74.83
146.12,73.50
146.16,73.81
146.20,75.35
146.24,72.64
146.28,73.50
146.32,73.94
146.36,72.76
146.40,74.35
146.44,74.13
146.48,71.92
146.52,71.93
146.56,74.31
146.60,72.98
146.64,72.92
146.68,72.38
146.72,70.79
146.76,72.28
146.80,74.14
146.84,72.98
146.88,72.23
146.92,71.59
146.96,70.19
147.00,71.44
147.04,71.09
147.08,72.95
147.12,71.14
147.16,71.44
147.20,72.69
147.24,71.62
147.28,72.93
147.32,72.48
147.36,73.59
147.40,72.50
147.44,72.81
147.48,73.73
147.52,73.72
147.56,72.74
147.60,71.79
147.64,72.11
147.68,73.65
147.72,73.31
147.76,72.54
147.80,75.38
147.84,74.53
147.88,73.97
147.92,74.71
147.96,74.86
148.00,74.16
148.04,76.53
148.08,75.44
148.12,74.70
148.16,78.61
148.20,76.39
148.24,75.83
148.28,77.29
148.32,77.03
148.36,77.47
148.40,76.63
148.44,76.39
148.48,77.09
148.52,77.40
148.56,77.99
148.60,78.56
148.64,79.77
148.68,77.81
148.72,78.18
148.76,78.90
148.80,77.73
148.84,79.57
148.88,78.28
148.92,78.21
148.96,78.78
149.00,77.68
149.04,77.64
149.08,78.85
149.12,78.94
149.16,77.85
149.20,77.97
149.24,77.68
149.28,77.51
149.32,77.23
149.36,77.96
149.40,78.20
149.44,76.33
149.48,77.32
149.52,79.17
149.56,77.21
149.60,76.67
149.64,78.28
149.68,76.04
149.72,77.76
149.76,76.34
149.80,73.96
149.84,74.53
149.88,76.99
149.92,74.80
149.96,75.05
150.00,76.00
150.04,74.98
150.08,75.35
150.12,75.14
150.16,74.21
150.20,74.18
150.24,74.29
150.28,74.10
150.32,75.01
150.36,73.39
150.40,71.77
150.44,74.80
150.48,73.81
150.52,73.71
150.56,74.99
150.60,74.69
150.64,73.66
150.68,72.84
150.72,74.21
150.76,73.25
150.80,73.95
150.84,71.30
150.88,73.45
150.92,74.18
150.96,71.89
151.00,71.64
151.04,72.80
151.08,72.64
151.12,73.21
151.16,70.02
151.20,70.17
151.24,71.90
151.28,68.70
151.32,70.45
151.36,68.67
151.40,69.91
151.44,68.98
151.48,69.89
151.52,69.02
151.56,68.93
151.60,67.17
151.64,69.43
151.68,69.20
151.72,68.89
151.76,70.00
151.80,68.65
151.84,71.17
151.88,68.72
151.92,68.97
151.96,72.60
152.00,72.80
152.04,73.31
152.08,72.55
152.12,72.61
152.16,76.61
152.20,78.35
152.24,80.87
152.28,81.67
152.32,83.37
152.36,83.18
152.40,83.90
152.44,86.75
152.48,86.93
152.52,88.82
152.56,89.96
152.60,89.69
152.64,90.89
152.68,92.63
152.72,92.83
152.76,92.55
152.80,93.87
152.84,94.86
152.88,95.09
152.92,95.44
152.96,95.46
153.00,95.96
153.04,95.51
153.08,99.52
153.12,94.27
153.16,97.07
153.20,98.17
153.24,96.76
153.28,95.49
153.32,96.80
153.36,96.86
153.40,98.86
153.44,97.42
153.48,98.83
153.52,97.23
153.56,98.83
153.60,96.79
153.64,97.20
153.68,97.09
153.72,96.01
153.76,97.28
153.80,97.53
153.84,96.50
153.88,97.20
153.92,97.20
153.96,96.81
154.00,96.09
154.04,95.98
154.08,95.66
154.12,94.31
154.16,95.48
154.20,93.93
154.24,96.35
154.28,93.89
154.32,96.04
154.36,93.95
154.40,92.74
154.44,92.99
154.48,92.80
154.52,93.96
154.56,92.06
154.60,93.54
154.64,91.86
154.68,90.87
154.72,91.25
154.76,91.45
154.80,91.21
154.84,90.05
154.88,90.26
154.92,89.16
154.96,91.29
155.00,91.59
155.04,91.34
155.08,92.20
155.12,90.10
155.16,90.15
155.20,91.12
155.24,89.54
155.28,89.90
155.32,90.58
155.36,91.63
155.40,91.70
155.44,89.68
155.48,89.71
155.52,90.47
155.56,90.17
155.60,90.49
155.64,90.86
155.68,90.50
155.72,89.87
155.76,91.09
155.80,90.66
155.84,91.30
155.88,90.52
155.92,91.65
155.96,91.07
156.00,90.72
156.04,92.18
156.08,91.55
156.12,93.53
156.16,92.40
156.20,91.75
156.24,91.47
156.28,93.42
156.32,92.55
156.36,92.51
156.40,92.84
156.44,92.22
156.48,93.92
156.52,92.97
156.56,93.31
156.60,94.01
156.64,93.20
156.68,94.17
156.72,94.16
156.76,92.10
156.80,92.33
156.84,92.66
156.88,92.94
156.92,93.42
156.96,91.58
157.00,92.67
157.04,93.81
157.08,90.94
157.12,91.91
157.16,91.79
157.20,92.50
157.24,91.00
157.28,90.87
157.32,91.83
157.36,90.66
157.40,89.78
157.44,90.19
157.48,89.13
157.52,90.00
157.56,87.81
157.60,88.93
157.64,89.91
157.68,89.81
157.72,89.20
157.76,88.69
157.80,87.97
157.84,87.72
157.88,87.89
157.92,87.93
157.96,88.20
158.00,86.63
158.04,86.99
158.08,85.23
158.12,86.64
158.16,88.34
158.20,87.09
158.24,85.60
158.28,85.82
158.32,84.95
158.36,85.77
158.40,85.83
158.44,84.86
158.48,84.37
158.52,83.59
158.56,82.95
158.60,84.28
158.64,83.43
158.68,83.66
158.72,83.26
158.76,83.34
158.80,82.33
158.84,83.48
158.88,83.66
158.92,82.95
158.96,83.81
159.00,81.78
159.04,82.58
159.08,81.77
159.12,81.78
159.16,82.00
159.20,84.28
159.24,82.71
159.28,81.49
159.32,83.99
159.36,83.96
159.40,83.82
159.44,82.31
159.48,81.91
159.52,83.12
159.56,82.50
159.60,83.15
159.64,83.42
159.68,82.96
159.72,83.84
159.76,83.55
159.80,83.98
159.84,83.10
159.88,83.46
159.92,83.89
159.96,83.41
160.00,84.05
160.04,85.19
160.08,84.30
160.12,84.53
160.16,86.14
160.20,86.75
160.24,85.84
160.28,86.53
160.32,85.02
160.36,86.28
160.40,87.76
160.44,86.61
160.48,86.25
160.52,86.96
160.56,84.92
160.60,87.44
160.64,87.32
160.68,85.27
160.72,87.23
160.76,88.33
160.80,87.87
160.84,85.76
160.88,87.27
160.92,86.66
160.96,87.69
161.00,86.20
161.04,86.90
161.08,87.38
161.12,86.62
161.16,86.44
161.20,87.04
161.24,87.09
161.28,85.17
161.32,84.84
161.36,84.75
161.40,85.61
161.44,84.95
161.48,85.20
161.52,82.60
161.56,86.45
161.60,85.57
161.64,85.40
161.68,83.13
161.72,84.11
161.76,84.96
161.80,84.36
161.84,83.96
161.88,81.47
161.92,82.41
161.96,82.81
162.00,83.44
162.04,82.63
162.08,82.64
162.12,83.65
162.16,81.20
162.20,79.55
162.24,81.72
162.28,82.45
162.32,81.82
162.36,80.14
162.40,80.24
162.44,81.38
162.48,79.82
162.52,80.28
162.56,80.57
162.60,80.75
162.64,81.31
162.68,80.84
162.72,81.47
162.76,80.09
162.80,81.84
162.84,79.59
162.88,79.89
162.92,79.35
162.96,77.62
163.00,80.22
163.04,81.85
163.08,78.85
163.12,77.71
163.16,80.01
163.20,78.35
163.24,78.79
163.28,79.90
163.32,80.49
163.36,78.98
163.40,78.12
163.44,81.10
163.48,78.35
163.52,80.97
163.56,80.14
163.60,82.02
163.64,81.44
163.68,79.96
163.72,80.76
163.76,81.69
163.80,82.79
163.84,81.50
163.88,81.29
163.92,83.64
163.96,81.80
164.00,80.95
164.04,84.73
164.08,82.09
164.12,82.91
164.16,81.43
164.20,82.76
164.24,83.16
164.28,83.30
164.32,84.04
164.36,83.52
164.40,82.51
164.44,85.55
164.48,84.74
164.52,84.05
164.56,85.60
164.60,82.90
164.64,83.21
164.68,86.68
164.72,83.25
164.76,84.24
164.80,85.11
164.84,84.76
164.88,84.82
164.92,84.68
164.96,84.28
165.00,84.01
165.04,85.53
165.08,82.78
165.12,83.45
165.16,85.15
165.20,82.99
165.24,83.76
165.28,83.25
165.32,85.23
165.36,85.07
165.40,84.23
165.44,83.93
165.48,84.35
165.52,82.99
165.56,81.99
165.60,84.21
165.64,82.23
165.68,83.29
165.72,82.22
165.76,83.64
165.80,81.78
165.84,81.21
165.88,81.94
165.92,81.72
165.96,81.09
166.00,82.25
166.04,81.70
166.08,81.66
166.12,81.82
166.16,79.45
166.20,78.93
166.24,81.27
166.28,80.97
166.32,79.16
166.36,79.91
166.40,79.30
166.44,79.95
166.48,80.12
166.52,79.66
166.56,79.06
166.60,79.62
166.64,80.04
166.68,80.74
166.72,78.71
166.76,78.14
166.80,77.03
166.84,77.35
166.88,77.41
166.92,77.96
166.96,77.90
167.00,77.69
167.04,76.86
167.08,77.79
167.12,78.68
167.16,80.26
167.20,78.58
167.24,76.71
167.28,78.10
167.32,79.03
167.36,79.16
167.40,78.50
167.44,78.74
167.48,79.14
167.52,80.57
167.56,80.29
167.60,79.53
167.64,79.97
167.68,79.78
167.72,79.10
167.76,78.27
167.80,80.34
167.84,79.98
167.88,80.26
167.92,79.11
167.96,81.60
168.00,79.50
168.04,81.81
168.08,80.98
168.12,81.00
168.16,81.52
168.20,82.13
168.24,81.76
168.28,83.27
168.32,82.15
168.36,80.95
168.40,81.41
168.44,82.90
168.48,84.73
168.52,83.10
168.56,83.90
168.60,82.23
168.64,82.04
168.68,82.09
168.72,83.46
168.76,84.28
168.80,84.83
168.84,83.99
168.88,82.17
168.92,84.18
168.96,82.73
169.00,85.87
169.04,83.75
169.08,82.81
169.12,85.94
169.16,83.40
169.20,83.17
169.24,84.94
169.28,84.16
169.32,83.17
169.36,83.66
169.40,82.67
169.44,82.92
169.48,82.79
169.52,83.90
169.56,80.65
169.60,80.98
169.64,81.33
169.68,80.73
169.72,81.37
169.76,82.59
169.80,81.05
169.84,81.72
169.88,80.42
169.92,81.56
169.96,79.93
170.00,80.78
170.04,81.09
170.08,79.96
170.12,81.22
170.16,79.11
170.20,79.83
170.24,78.30
170.28,78.85
170.32,78.14
170.36,79.49
170.40,78.57
170.44,78.41
170.48,79.76
170.52,77.65
170.56,76.55
170.60,79.99
170.64,75.96
170.68,76.96
170.72,76.97
170.76,79.05
170.80,77.47
170.84,77.81
170.88,77.21
170.92,77.50
170.96,78.07
171.00,76.11
171.04,77.95
171.08,78.35
171.12,78.45
171.16,78.74
171.20,77.04
171.24,78.83
171.28,77.00
171.32,77.44
171.36,77.59
171.40,76.84
171.44,77.89
171.48,78.35
171.52,77.10
171.56,80.49
171.60,78.41
171.64,78.36
171.68,79.28
171.72,79.42
171.76,78.91
171.80,81.17
171.84,79.09
171.88,78.98
171.92,80.17
171.96,78.56
172.00,80.44
172.04,80.43
172.08,80.74
172.12,83.17
172.16,81.92
172.20,81.18
172.24,80.55
172.28,82.23
172.32,83.27
172.36,81.60
172.40,81.87
172.44,81.31
172.48,81.74
172.52,82.79
172.56,82.72
172.60,83.23
172.64,80.93
172.68,82.35
172.72,82.66
172.76,82.52
172.80,83.00
172.84,82.12
172.88,82.49
172.92,83.35
172.96,83.65
173.00,83.38
173.04,83.24
173.08,82.71
173.12,82.86
173.16,83.35
173.20,81.85
173.24,82.92
173.28,82.79
173.32,81.60
173.36,82.48
173.40,81.00
173.44,81.96
173.48,82.68
173.52,80.90
173.56,82.62
173.60,82.07
173.64,82.71
173.68,81.69
173.72,80.96
173.76,81.73
173.80,79.89
173.84,79.32
173.88,79.91
173.92,79.69
173.96,78.31
174.00,80.16
174.04,80.51
174.08,79.21
174.12,78.32
174.16,77.97
174.20,79.17
174.24,78.62
174.28,78.44
174.32,79.88
174.36,75.80
174.40,76.43
174.44,77.68
174.48,77.68
174.52,79.58
174.56,77.41
174.60,77.39
174.64,76.22
174.68,77.61
174.72,77.16
174.76,75.47
174.80,76.83
174.84,76.05
174.88,77.59
174.92,76.35
174.96,75.19
175.00,76.42
175.04,76.57
175.08,76.13
175.12,76.73
175.16,77.71
175.20,76.02
175.24,75.64
175.28,76.45
175.32,75.41
175.36,76.42
175.40,76.77
175.44,76.71
175.48,77.74
175.52,75.63
175.56,77.37
175.60,76.16
175.64,78.89
175.68,77.65
175.72,77.27
175.76,79.01
175.80,77.49
175.84,78.74
175.88,77.98
175.92,78.18
175.96,79.19
176.00,79.73
176.04,79.76
176.08,80.00
176.12,79.61
176.16,79.63
176.20,79.77
176.24,81.28
176.28,78.96
176.32,81.16
176.36,82.16
176.40,82.59
176.44,80.63
176.48,80.67
176.52,82.68
176.56,79.99
176.60,81.74
176.64,81.66
176.68,81.38
176.72,80.72
176.76,82.08
176.80,81.14
176.84,82.43
176.88,81.86
176.92,80.80
176.96,81.66
177.00,82.21
177.04,82.25
177.08,82.01
177.12,80.88
177.16,82.75
177.20,80.15
177.24,82.52
177.28,80.40
177.32,79.29
177.36,81.50
177.40,80.45
177.44,80.59
177.48,80.99
177.52,80.35
177.56,78.09
177.60,81.90
177.64,79.00
177.68,80.22
177.72,79.60
177.76,78.30
177.80,80.00
177.84,80.42
177.88,76.92
177.92,78.68
177.96,78.17
178.00,79.43
178.04,77.12
178.08,79.42
178.12,78.21
178.16,78.69
178.20,78.08
178.24,79.00
178.28,75.97
178.32,77.27
178.36,76.93
178.40,75.99
178.44,76.00
178.48,76.69
178.52,77.26
178.56,74.51
178.60,75.40
178.64,76.64
178.68,74.67
178.72,75.09
178.76,75.71
178.80,76.04
178.84,73.98
178.88,75.08
178.92,74.48
178.96,74.30
179.00,76.93
179.04,75.13
179.08,74.42
179.12,75.70
179.16,74.62
179.20,75.64
179.24,74.68
179.28,75.39
179.32,74.49
179.36,75.42
179.40,75.21
179.44,75.06
179.48,74.99
179.52,74.98
179.56,77.52
179.60,74.85
179.64,76.55
179.68,72.78
179.72,73.77
179.76,74.09
179.80,73.24
179.84,74.15
179.88,73.87
179.92,73.91
179.96,75.07
180.00,74.72
180.04,75.44
180.08,74.20
180.12,75.04
180.16,74.55
180.20,73.60
180.24,73.53
180.28,75.22
180.32,76.84
180.36,75.61
180.40,76.22
180.44,74.65
180.48,76.70
180.52,76.38
180.56,74.49
180.60,75.22
180.64,78.38
180.68,80.36
180.72,80.39
180.76,82.24
180.80,82.63
180.84,83.91
180.88,85.71
180.92,85.85
180.96,85.97
181.00,88.25
181.04,87.62
181.08,91.37
181.12,87.67
181.16,90.55
181.20,90.45
181.24,91.55
181.28,90.30
181.32,91.93
181.36,91.73
181.40,89.83
181.44,91.94
181.48,93.80
181.52,93.69
181.56,92.60
181.60,91.82
181.64,92.61
181.68,93.55
181.72,92.78
181.76,92.84
181.80,91.11
181.84,92.22
181.88,92.65
181.92,92.93
181.96,91.90
182.00,93.08
182.04,93.73
182.08,91.91
182.12,91.43
182.16,91.42
182.20,91.86
182.24,91.30
182.28,90.38
182.32,91.80
182.36,88.78
182.40,89.92
182.44,90.23
182.48,91.23
182.52,89.02
182.56,90.88
182.60,87.73
182.64,88.62
182.68,89.03
182.72,90.15
182.76,88.64
182.80,87.36
182.84,88.75
182.88,88.53
182.92,88.52
182.96,90.18
183.00,89.87
183.04,87.40
183.08,86.51
183.12,87.93
183.16,87.56
183.20,87.56
183.24,87.59
183.28,86.33
183.32,86.29
183.36,89.61
183.40,89.31
183.44,88.22
183.48,89.46
183.52,88.38
183.56,87.31
183.60,87.97
183.64,88.07
183.68,88.41
183.72,88.13
183.76,87.98
183.80,87.22
183.84,88.28
183.88,87.65
183.92,86.81
183.96,90.26
184.00,89.73
184.04,90.13
184.08,88.82
184.12,89.54
184.16,89.57
184.20,89.57
184.24,88.85
184.28,91.81
184.32,88.80
184.36,89.04
184.40,90.64
184.44,88.30
184.48,89.97
184.52,87.07
184.56,90.34
184.60,90.31
184.64,90.14
184.68,90.05
184.72,91.45
184.76,89.54
184.80,89.38
184.84,89.66
184.88,90.37
184.92,91.17
184.96,88.82
185.00,90.82
185.04,91.60
185.08,90.64
185.12,88.38
185.16,88.26
185.20,89.60
185.24,89.21
185.28,88.59
185.32,88.66
185.36,88.53
185.40,88.00
185.44,88.21
185.48,87.81
185.52,87.52
185.56,86.60
185.60,86.19
185.64,85.02
185.68,85.51
185.72,86.90
185.76,84.85
185.80,84.31
185.84,85.16
185.88,85.38
185.92,84.75
185.96,86.53
186.00,82.04
186.04,85.65
186.08,84.50
186.12,83.62
186.16,84.35
186.20,83.06
186.24,81.21
186.28,83.19
186.32,82.64
186.36,82.25
186.40,82.18
186.44,82.16
186.48,81.71
186.52,80.59
186.56,79.61
186.60,81.58
186.64,80.29
186.68,81.28
186.72,79.04
186.76,80.54
186.80,81.22
186.84,78.72
186.88,78.72
186.92,79.94
186.96,79.81
187.00,79.80
187.04,80.08
187.08,78.85
187.12,78.29
187.16,78.20
187.20,77.49
187.24,79.23
187.28,78.95
187.32,78.00
187.36,78.20
187.40,79.39
187.44,78.79
187.48,78.71
187.52,79.34
187.56,79.96
187.60,78.22
187.64,80.74
187.68,79.34
187.72,80.19
187.76,77.86
187.80,80.99
187.84,78.49
187.88,79.58
187.92,80.58
187.96,80.88
188.00,79.65
188.04,80.56
188.08,80.43
188.12,80.75
188.16,79.83
188.20,80.23
188.24,82.61
188.28,81.68
188.32,79.98
188.36,82.21
188.40,82.31
188.44,81.18
188.48,81.29
188.52,84.55
188.56,81.23
188.60,81.15
188.64,82.09
188.68,82.55
188.72,82.66
188.76,81.54
188.80,83.45
188.84,82.15
188.88,82.63
188.92,83.20
188.96,81.57
189.00,81.75
189.04,81.42
189.08,82.69
189.12,83.11
189.16,81.77
189.20,81.75
189.24,83.61
189.28,81.32
189.32,81.35
189.36,79.91
189.40,82.29
189.44,78.89
189.48,81.40
189.52,80.38
189.56,81.05
189.60,80.15
189.64,80.97
189.68,79.57
189.72,79.99
189.76,80.13
189.80,78.95
189.84,77.84
189.88,80.08
189.92,77.72
189.96,78.36
190.00,77.47
190.04,76.91
190.08,77.54
190.12,76.99
190.16,75.53
190.20,75.96
190.24,76.57
190.28,74.65
190.32,75.45
190.36,76.64
190.40,75.25
190.44,75.72
190.48,76.25
190.52,74.13
190.56,76.35
190.60,74.60
190.64,75.21
190.68,73.80
190.72,75.77
190.76,73.55
190.80,75.82
190.84,75.70
190.88,72.18
190.92,73.20
190.96,76.19
191.00,73.92
191.04,74.16
191.08,72.77
191.12,72.81
191.16,70.93
191.20,73.77
191.24,72.75
191.28,73.86
191.32,73.91
191.36,74.15
191.40,73.66
191.44,73.65
191.48,73.03
191.52,73.86
191.56,73.52
191.60,73.85
191.64,74.77
191.68,75.15
191.72,74.00
191.76,74.68
191.80,75.23
191.84,75.68
191.88,77.03
191.92,75.98
191.96,76.77
192.00,77.36
192.04,77.99
192.08,77.08
192.12,76.01
192.16,76.77
192.20,76.91
192.24,77.18
192.28,78.92
192.32,77.02
192.36,77.80
192.40,78.19
192.44,79.64
192.48,77.77
192.52,77.15
192.56,78.30
192.60,76.98
192.64,78.43
192.68,78.92
192.72,79.00
192.76,77.76
192.80,78.20
192.84,78.51
192.88,79.06
192.92,77.74
192.96,80.37
193.00,77.71
193.04,78.01
193.08,78.92
193.12,77.94
193.16,77.64
193.20,78.24
193.24,78.26
193.28,78.86
193.32,76.77
193.36,78.94
193.40,76.90
193.44,76.04
193.48,77.61
193.52,76.24
193.56,75.88
193.60,76.94
193.64,76.30
193.68,77.01
193.72,75.51
193.76,75.69
193.80,77.07
193.84,76.38
193.88,76.36
193.92,76.33
193.96,74.80
194.00,75.04
194.04,74.63
194.08,77.03
194.12,75.67
194.16,74.77
194.20,74.38
194.24,73.38
194.28,73.64
194.32,72.99
194.36,73.54
194.40,73.41
194.44,73.37
194.48,73.61
194.52,74.48
194.56,72.51
194.60,71.93
194.64,71.90
194.68,72.65
194.72,72.03
194.76,72.54
194.80,72.72
194.84,72.06
194.88,71.18
194.92,72.21
194.96,72.95
195.00,70.54
195.04,71.15
195.08,73.54
195.12,71.66
195.16,73.09
195.20,72.04
195.24,72.34
195.28,70.99
195.32,72.80
195.36,72.23
195.40,72.80
195.44,73.76
195.48,72.55
195.52,72.84
195.56,71.26
195.60,72.87
195.64,72.91
195.68,74.79
195.72,73.87
195.76,74.35
195.80,72.31
195.84,75.30
195.88,74.05
195.92,71.72
195.96,74.20
196.00,75.41
196.04,75.07
196.08,76.70
196.12,75.05
196.16,74.71
196.20,75.61
196.24,75.46
196.28,76.44
196.32,76.96
196.36,75.96
196.40,74.86
196.44,76.17
196.48,76.85
196.52,75.91
196.56,75.67
196.60,76.73
196.64,76.48
196.68,76.35
196.72,78.25
196.76,78.57
196.80,77.17
196.84,77.40
196.88,75.69
196.92,77.38
196.96,77.60
197.00,76.54
197.04,76.53
197.08,77.76
197.12,78.98
197.16,79.20
197.20,78.16
197.24,78.12
197.28,77.66
197.32,77.06
197.36,76.25
197.40,75.73
197.44,76.64
197.48,75.43
197.52,76.37
197.56,76.63
197.60,75.97
197.64,77.41
197.68,76.50
197.72,74.96
197.76,76.62
197.80,75.60
197.84,73.41
197.88,75.37
197.92,75.84
197.96,75.06
198.00,75.03
198.04,74.68
198.08,74.92
198.12,76.07
198.16,74.41
198.20,73.61
198.24,75.20
198.28,73.66
198.32,72.93
198.36,74.72
198.40,73.70
198.44,73.04
198.48,71.66
198.52,72.69
198.56,72.66
198.60,73.62
198.64,72.15
198.68,70.74
198.72,73.20
198.76,70.89
198.80,71.56
198.84,72.77
198.88,71.90
198.92,72.99
198.96,73.17
199.00,72.54
199.04,71.01
199.08,71.65
199.12,70.44
199.16,71.93
199.20,72.25
199.24,71.01
199.28,72.01
199.32,72.66
199.36,72.83
199.40,71.12
199.44,74.04
199.48,72.47
199.52,73.08
199.56,72.77
199.60,71.45
199.64,73.70
199.68,72.45
199.72,74.09
199.76,74.37
199.80,74.25
199.84,74.92
199.88,74.46
199.92,74.97
199.96,75.48
200.00,74.05
200.04,75.23
200.08,75.53
200.12,75.49
200.16,75.93
200.20,76.73
200.24,75.15
200.28,76.65
200.32,77.83
200.36,77.15
200.40,78.00
200.44,76.05
200.48,77.30
200.52,76.92
200.56,77.16
200.60,77.08
200.64,78.44
200.68,78.17
200.72,77.00
200.76,78.71
200.80,77.45
200.84,78.12
200.88,79.51
200.92,79.33
200.96,77.94
201.00,79.62
201.04,79.29
201.08,79.30
201.12,79.21
201.16,78.53
201.20,77.52
201.24,78.51
201.28,78.65
201.32,77.15
201.36,77.60
201.40,77.60
201.44,77.23
201.48,77.12
201.52,76.40
201.56,76.28
201.60,77.61
201.64,76.72
201.68,75.23
201.72,75.75
201.76,77.82
201.80,75.87
201.84,78.17
201.88,76.30
201.92,76.36
201.96,74.86
202.00,78.01
202.04,74.59
202.08,74.44
202.12,75.09
202.16,75.17
202.20,75.13
202.24,75.27
202.28,74.29
202.32,75.23
202.36,74.18
202.40,72.38
202.44,73.39
202.48,73.60
202.52,73.12
202.56,72.81
202.60,74.82
202.64,72.27
202.68,72.89
202.72,74.64
202.76,73.24
202.80,73.61
202.84,71.93
202.88,71.99
202.92,72.85
202.96,70.82
203.00,72.99
203.04,74.18
203.08,72.79
203.12,73.40
203.16,74.46
203.20,72.23
203.24,73.50
203.28,74.03
203.32,72.84
203.36,74.06
203.40,74.24
203.44,73.05
203.48,73.43
203.52,73.55
203.56,74.83
203.60,75.22
203.64,77.15
203.68,74.92
203.72,73.42
203.76,76.78
203.80,76.26
203.84,74.93
203.88,74.51
203.92,77.16
203.96,75.43
204.00,75.70
204.04,74.75
204.08,76.35
204.12,75.98
204.16,76.32
204.20,78.37
204.24,77.11
204.28,78.14
204.32,77.48
204.36,76.81
204.40,77.81
204.44,81.05
204.48,78.92
204.52,77.90
204.56,79.15
204.60,79.34
204.64,78.37
204.68,78.44
204.72,80.55
204.76,77.97
204.80,78.09
204.84,79.10
204.88,79.09
204.92,80.76
204.96,79.75
205.00,79.09
205.04,80.09
205.08,78.66
205.12,78.80
205.16,79.67
205.20,78.85
205.24,79.75
205.28,77.88
205.32,79.45
205.36,78.93
205.40,79.21
205.44,79.28
205.48,78.29
205.52,77.68
205.56,79.78
205.60,77.97
205.64,78.92
205.68,77.91
205.72,77.85
205.76,77.11
205.80,78.41
205.84,78.52
205.88,77.57
205.92,75.23
205.96,74.44
206.00,76.96
206.04,77.18
206.08,75.61
206.12,74.45
206.16,74.95
206.20,76.00
206.24,76.28
206.28,75.67
206.32,76.04
206.36,75.68
206.40,71.81
206.44,74.87
206.48,73.30
206.52,74.95
206.56,74.26
206.60,75.03
206.64,75.35
206.68,73.97
206.72,74.46
206.76,73.90
206.80,73.73
206.84,75.00
206.88,73.48
206.92,74.68
206.96,73.35
207.00,74.76
207.04,74.72
207.08,74.57
207.12,73.25
207.16,74.77
207.20,74.04
207.24,74.09
207.28,74.27
207.32,74.57
207.36,75.25
207.40,76.26
207.44,74.51
207.48,74.34
207.52,75.72
207.56,73.63
207.60,75.53
207.64,75.78
207.68,75.27
207.72,75.09
207.76,75.97
207.80,76.29
207.84,76.86
207.88,76.10
207.92,77.16
207.96,77.75
208.00,78.29
208.04,77.54
208.08,77.03
208.12,77.32
208.16,76.39
208.20,77.13
208.24,76.57
208.28,77.76
208.32,77.46
208.36,78.99
208.40,80.81
208.44,79.19
208.48,79.61
208.52,80.73
208.56,80.63
208.60,78.92
208.64,79.56
208.68,79.54
208.72,78.30
208.76,79.28
208.80,81.62
208.84,80.58
208.88,80.79
208.92,80.99
208.96,80.30
209.00,79.98
209.04,80.67
209.08,80.67
209.12,79.24
209.16,79.24
209.20,79.19
209.24,80.58
209.28,80.07
209.32,80.33
209.36,80.62
209.40,81.30
209.44,81.63
209.48,80.90
209.52,80.53
209.56,80.50
209.60,80.06
209.64,76.46
209.68,76.93
209.72,75.34
209.76,77.32
209.80,77.67
209.84,77.15
209.88,74.22
209.92,76.84
209.96,76.56
210.00,74.27
210.04,73.37
210.08,72.35
210.12,72.01
210.16,73.01
210.20,74.19
210.24,71.46
210.28,73.23
210.32,73.83
210.36,71.87
210.40,71.50
210.44,73.26
210.48,72.50
210.52,72.82
210.56,73.56
210.60,72.58
210.64,75.47
210.68,76.06
210.72,76.03
210.76,78.39
210.80,77.08
210.84,79.34
210.88,79.04
210.92,80.66
210.96,81.06
211.00,81.86
211.04,80.49
211.08,82.33
211.12,82.95
211.16,82.20
211.20,83.77
211.24,83.15
211.28,86.25
211.32,85.25
211.36,84.64
211.40,84.77
211.44,86.35
211.48,86.45
211.52,86.14
211.56,86.48
211.60,87.07
211.64,87.33
211.68,88.45
211.72,87.10
211.76,88.51
211.80,89.19
211.84,89.61
211.88,90.36
211.92,88.21
211.96,90.08
212.00,92.17
212.04,91.78
212.08,89.38
212.12,91.76
212.16,90.63
212.20,90.80
212.24,92.11
212.28,92.68
212.32,90.42
212.36,90.68
212.40,92.83
212.44,92.11
212.48,92.29
212.52,92.36
212.56,92.23
212.60,93.53
212.64,93.33
212.68,92.76
212.72,94.56
212.76,93.65
212.80,93.16
212.84,92.30
212.88,92.21
212.92,92.37
212.96,92.72
213.00,93.97
213.04,92.98
213.08,93.46
213.12,91.63
213.16,92.26
213.20,95.41
213.24,93.06
213.28,91.66
213.32,93.22
213.36,91.70
213.40,91.24
213.44,91.02
213.48,91.40
213.52,91.62
213.56,89.73
213.60,89.78
213.64,89.65
213.68,87.91
213.72,88.83
213.76,90.13
213.80,89.78
213.84,90.07
213.88,87.02
213.92,86.99
213.96,88.50
214.00,86.91
214.04,87.19
214.08,87.12
214.12,86.88
214.16,87.30
214.20,86.95
214.24,85.40
214.28,85.59
214.32,84.69
214.36,84.81
214.40,84.60
214.44,85.46
214.48,86.05
214.52,85.51
214.56,85.39
214.60,84.08
214.64,84.46
214.68,83.71
214.72,84.34
214.76,82.41
214.80,83.27
214.84,80.80
214.88,82.33
214.92,83.06
214.96,83.18
215.00,81.91
215.04,81.83
215.08,81.74
215.12,82.31
215.16,83.71
215.20,82.38
215.24,84.37
215.28,81.21
215.32,81.92
215.36,82.49
215.40,83.76
215.44,83.35
215.48,83.92
215.52,84.57
215.56,82.18
215.60,82.75
215.64,82.25
215.68,84.26
215.72,84.81
215.76,83.65
215.80,81.19
215.84,83.09
215.88,84.46
215.92,84.61
215.96,82.97
216.00,84.12
216.04,83.29
216.08,83.44
216.12,83.70
216.16,84.50
216.20,85.16
216.24,83.98
216.28,84.90
216.32,84.87
216.36,84.14
216.40,85.20
216.44,83.41
216.48,85.11
216.52,86.36
216.56,84.50
216.60,85.63
216.64,85.20
216.68,85.95
216.72,83.84
216.76,85.34
216.80,84.43
216.84,86.03
216.88,84.73
216.92,85.35
216.96,86.59
217.00,84.55
217.04,85.63
217.08,86.75
217.12,83.53
217.16,84.01
217.20,85.63
217.24,84.43
217.28,85.32
217.32,83.73
217.36,83.37
217.40,84.23
217.44,83.83
217.48,83.05
217.52,82.74
217.56,83.27
217.60,82.79
217.64,82.53
217.68,82.55
217.72,81.62
217.76,81.42
217.80,81.31
217.84,82.32
217.88,80.74
217.92,80.12
217.96,81.12
218.00,81.09
218.04,79.14
218.08,78.71
218.12,80.14
218.16,79.87
218.20,78.61
218.24,77.82
218.28,78.26
218.32,77.63
218.36,77.90
218.40,79.32
218.44,77.34
218.48,76.48
218.52,77.27
218.56,78.44
218.60,78.27
218.64,77.92
218.68,76.93
218.72,76.41
218.76,76.51
218.80,79.23
218.84,76.85
218.88,74.47
218.92,76.99
218.96,75.31
219.00,76.69
219.04,75.97
219.08,75.72
219.12,76.52
219.16,76.27
219.20,76.13
219.24,76.46
219.28,75.70
219.32,76.39
219.36,76.04
219.40,77.63
219.44,75.86
219.48,77.82
219.52,77.39
219.56,75.60
219.60,77.08
219.64,76.33
219.68,75.28
219.72,78.04
219.76,77.64
219.80,78.32
219.84,76.57
219.88,78.21
219.92,78.14
219.96,76.65
220.00,77.80
220.04,79.47
220.08,76.32
220.12,77.93
220.16,80.56
220.20,79.10
220.24,78.45
220.28,77.51
220.32,77.91
220.36,80.28
220.40,78.97
220.44,78.96
220.48,80.84
220.52,80.20
220.56,79.66
220.60,79.78
220.64,79.15
220.68,79.83
220.72,79.81
220.76,80.49
220.80,80.58
220.84,81.05
220.88,80.02
220.92,81.02
220.96,79.77
221.00,80.48
221.04,79.85
221.08,78.91
221.12,78.66
221.16,78.71
221.20,80.34
221.24,79.59
221.28,79.59
221.32,77.10
221.36,80.50
221.40,78.70
221.44,79.78
221.48,79.32
221.52,77.70
221.56,79.19
221.60,78.30
221.64,76.94
221.68,78.04
221.72,76.47
221.76,78.12
221.80,79.72
221.84,77.96
221.88,75.08
221.92,76.09
221.96,77.66
222.00,76.49
222.04,75.12
222.08,75.11
222.12,76.89
222.16,74.78
222.20,75.47
222.24,74.15
222.28,73.10
222.32,75.59
222.36,74.81
222.40,73.52
222.44,74.38
222.48,72.34
222.52,73.69
222.56,71.50
222.60,73.74
222.64,71.67
222.68,72.79
222.72,71.32
222.76,72.15
222.80,74.27
222.84,72.44
222.88,73.17
222.92,70.85
222.96,72.08
223.00,72.00
223.04,71.79
223.08,71.81
223.12,72.78
223.16,72.69
223.20,72.37
223.24,72.77
223.28,71.45
223.32,72.18
223.36,73.12
223.40,72.66
223.44,71.56
223.48,71.28
223.52,72.78
223.56,72.39
223.60,73.90
223.64,74.21
223.68,74.26
223.72,74.25
223.76,72.69
223.80,73.08
223.84,72.75
223.88,74.61
223.92,75.05
223.96,73.98
224.00,74.61
224.04,73.60
224.08,76.68
224.12,75.77
224.16,74.75
224.20,76.82
224.24,74.48
224.28,74.78
224.32,75.39
224.36,74.92
224.40,75.97
224.44,75.52
224.48,75.57
224.52,77.61
224.56,76.14
224.60,76.46
224.64,74.79
224.68,74.41
224.72,75.81
224.76,76.76
224.80,74.73
224.84,76.55
224.88,75.87
224.92,76.75
224.96,75.06
225.00,76.50
225.04,76.96
225.08,75.27
225.12,75.92
225.16,76.75
225.20,77.25
225.24,76.10
225.28,76.13
225.32,75.26
225.36,77.16
225.40,74.98
225.44,75.98
225.48,76.04
225.52,74.84
225.56,74.91
225.60,75.66
225.64,76.08
225.68,73.58
225.72,73.92
225.76,72.74
225.80,73.62
225.84,73.67
225.88,74.15
225.92,74.74
225.96,75.28
226.00,73.32
226.04,72.28
226.08,72.65
226.12,73.35
226.16,72.82
226.20,71.74
226.24,71.00
226.28,72.42
226.32,69.94
226.36,70.83
226.40,71.33
226.44,71.37
226.48,68.80
226.52,71.67
226.56,71.02
226.60,70.41
226.64,70.92
226.68,68.78
226.72,71.37
226.76,68.56
226.80,71.04
226.84,69.38
226.88,69.20
226.92,68.92
226.96,68.95
227.00,69.88
227.04,69.20
227.08,69.10
227.12,69.12
227.16,68.76
227.20,71.42
227.24,69.15
227.28,70.95
227.32,68.42
227.36,69.61
227.40,70.04
227.44,70.45
227.48,69.28
227.52,70.35
227.56,70.23
227.60,71.24
227.64,69.84
227.68,70.85
227.72,70.87
227.76,71.28
227.80,71.27
227.84,70.87
227.88,73.08
227.92,73.51
227.96,71.43
228.00,72.37
228.04,72.61
228.08,71.66
228.12,72.55
228.16,71.99
228.20,74.18
228.24,73.66
228.28,74.43
228.32,74.12
228.36,74.23
228.40,72.98
228.44,72.86
228.48,73.80
228.52,73.71
228.56,73.66
228.60,74.27
228.64,74.65
228.68,74.37
228.72,75.55
228.76,74.83
228.80,72.71
228.84,75.72
228.88,74.92
228.92,74.26
228.96,74.85
229.00,74.60
229.04,75.27
229.08,76.48
229.12,74.18
229.16,75.45
229.20,75.69
229.24,73.94
229.28,74.33
229.32,73.87
229.36,72.77
229.40,75.15
229.44,74.35
229.48,72.09
229.52,73.19
229.56,72.75
229.60,71.81
229.64,74.10
229.68,73.32
229.72,73.65
229.76,71.08
229.80,72.37
229.84,71.37
229.88,72.59
229.92,72.83
229.96,71.25
230.00,71.31
230.04,71.16
230.08,72.07
230.12,71.23
230.16,71.18
230.20,70.05
230.24,68.69
230.28,70.63
230.32,70.52
230.36,70.00
230.40,70.39
230.44,70.40
230.48,70.55
230.52,68.39
230.56,68.19
230.60,68.97
230.64,69.90
230.68,68.74
230.72,68.96
230.76,67.90
230.80,67.81
230.84,69.02
230.88,69.99
230.92,67.95
230.96,68.97
231.00,68.87
231.04,68.81
231.08,68.53
231.12,69.99
231.16,68.74
231.20,67.73
231.24,68.23
231.28,69.52
231.32,68.89
231.36,68.21
231.40,67.85
231.44,69.70
231.48,69.54
231.52,69.05
231.56,69.83
231.60,70.37
231.64,68.79
231.68,69.75
231.72,70.35
231.76,69.02
231.80,70.19
231.84,69.84
231.88,69.49
231.92,71.20
231.96,68.94
232.00,71.61
232.04,70.98
232.08,73.63
232.12,70.62
232.16,72.15
232.20,72.08
232.24,72.85
232.28,73.39
232.32,73.12
232.36,74.11
232.40,72.60
232.44,74.17
232.48,72.82
232.52,73.48
232.56,75.19
232.60,73.41
232.64,73.10
232.68,75.00
232.72,73.41
232.76,74.58
232.80,73.93
232.84,73.47
232.88,73.80
232.92,76.08
232.96,74.27
233.00,75.85
233.04,73.47
233.08,73.78
233.12,74.85
233.16,75.04
233.20,76.54
233.24,74.60
233.28,75.80
233.32,74.83
233.36,74.11
233.40,75.89
233.44,72.62
233.48,75.04
233.52,73.30
233.56,74.92
233.60,71.38
233.64,73.43
233.68,74.74
233.72,73.29
233.76,71.05
233.80,71.59
233.84,73.42
233.88,71.91
233.92,71.99
233.96,72.84
234.00,71.57
234.04,69.89
234.08,69.65
234.12,69.15
234.16,69.98
234.20,70.64
234.24,70.88
234.28,69.32
234.32,71.84
234.36,68.96
234.40,69.32
234.44,69.85
234.48,66.99
234.52,68.94
234.56,69.02
234.60,69.34
234.64,68.54
234.68,69.86
234.72,67.25
234.76,69.28
234.80,69.63
234.84,70.02
234.88,69.12
234.92,69.39
234.96,69.28
235.00,68.36
235.04,68.45
235.08,70.00
235.12,69.04
235.16,68.67
235.20,67.60
235.24,69.31
235.28,68.80
235.32,69.36
235.36,69.60
235.40,68.97
235.44,70.97
235.48,69.77
235.52,69.85
235.56,69.17
235.60,71.12
235.64,70.14
235.68,70.30
235.72,69.94
235.76,70.84
235.80,69.40
235.84,70.93
235.88,71.57
235.92,72.54
235.96,70.87
236.00,72.26
236.04,70.90
236.08,72.80
236.12,71.66
236.16,73.54
236.20,72.22
236.24,72.49
236.28,72.06
236.32,73.94
236.36,74.71
236.40,74.51
236.44,74.51
236.48,73.71
236.52,74.85
236.56,75.42
236.60,72.27
236.64,74.74
236.68,74.45
236.72,74.41
236.76,74.39
236.80,75.58
236.84,75.40
236.88,76.52
236.92,76.83
236.96,74.71
237.00,74.00
237.04,75.45
237.08,75.98
237.12,74.70
237.16,76.21
237.20,74.87
237.24,74.91
237.28,76.06
237.32,75.18
237.36,73.32
237.40,75.09
237.44,72.92
237.48,73.90
237.52,73.73
237.56,72.43
237.60,74.36
237.64,73.75
237.68,75.47
237.72,72.46
237.76,73.39
237.80,73.73
237.84,71.53
237.88,72.34
237.92,71.41
237.96,72.73
238.00,71.12
238.04,72.08
238.08,72.77
238.12,71.63
238.16,72.14
238.20,71.60
238.24,71.30
238.28,70.87
238.32,70.11
238.36,72.13
238.40,72.01
238.44,70.83
238.48,71.28
238.52,72.11
238.56,73.41
238.60,71.90
238.64,70.23
238.68,71.81
238.72,68.99
238.76,68.68
238.80,68.64
238.84,70.62
238.88,69.64
238.92,68.81
238.96,70.36
239.00,70.46
239.04,71.45
239.08,71.17
239.12,70.59
239.16,70.13
239.20,68.86
239.24,70.75
239.28,70.46
239.32,70.29
239.36,69.88
239.40,69.75
239.44,70.71
239.48,70.47
239.52,70.28
239.56,70.71
239.60,70.93
239.64,71.14
239.68,71.71
239.72,73.79
239.76,72.11
239.80,71.04
239.84,72.06
239.88,73.87
239.92,72.61
239.96,72.55
240.00,73.10
240.04,73.29
240.08,74.80
240.12,74.18
240.16,73.30
240.20,73.15
240.24,73.89
240.28,74.34
240.32,74.36
240.36,75.66
240.40,76.73
240.44,74.71
240.48,76.80
240.52,77.12
240.56,75.88
240.60,75.56
240.64,74.81
240.68,76.97
240.72,76.02
240.76,75.55
240.80,77.54
240.84,76.13
240.88,76.63
240.92,77.48
240.96,76.92
241.00,76.00
241.04,76.57
241.08,76.78
241.12,77.32
241.16,76.42
241.20,77.36
241.24,76.49
241.28,76.57
241.32,76.63
241.36,76.08
241.40,75.82
241.44,76.34
241.48,77.40
241.52,76.02
241.56,73.90
241.60,73.91
241.64,75.46
241.68,75.91
241.72,76.46
241.76,75.14
241.80,75.08
241.84,75.04
241.88,73.68
241.92,74.37
241.96,75.52
242.00,74.53
242.04,73.73
242.08,76.26
242.12,75.24
242.16,73.45
242.20,75.27
242.24,73.43
242.28,72.61
242.32,72.96
242.36,72.46
242.40,71.96
242.44,72.15
242.48,72.03
242.52,73.59
242.56,72.86
242.60,72.68
242.64,72.35
242.68,72.45
242.72,73.08
242.76,72.11
242.80,73.70
242.84,71.84
242.88,72.98
242.92,72.52
242.96,71.86
243.00,71.60
243.04,71.24
243.08,71.72
243.12,74.40
243.16,70.87
243.20,72.11
243.24,74.60
243.28,72.90
243.32,72.95
243.36,71.89
243.40,72.72
243.44,74.29
243.48,73.47
243.52,74.24
243.56,70.49
243.60,73.67
243.64,73.77
243.68,72.92
243.72,74.24
243.76,73.65
243.80,74.92
243.84,74.77
243.88,74.07
243.92,75.49
243.96,75.06
244.00,76.52
244.04,76.05
244.08,75.38
244.12,76.04
244.16,77.37
244.20,76.88
244.24,76.90
244.28,77.40
244.32,77.73
244.36,78.52
244.40,77.77
244.44,77.83
244.48,78.41
244.52,78.54
244.56,77.94
244.60,77.70
244.64,78.93
244.68,77.36
244.72,80.32
244.76,79.10
244.80,79.44
244.84,78.57
244.88,78.34
244.92,79.18
244.96,79.17
245.00,79.76
245.04,77.17
245.08,77.24
245.12,79.78
245.16,80.64
245.20,78.60
245.24,80.02
245.28,79.50
245.32,77.88
245.36,78.92
245.40,78.67
245.44,77.79
245.48,77.82
245.52,79.75
245.56,77.94
245.60,78.04
245.64,77.98
245.68,77.34
245.72,78.52
245.76,77.59
245.80,77.52
245.84,77.35
245.88,78.30
245.92,77.47
245.96,75.19
246.00,79.41
246.04,78.15
246.08,77.07
246.12,74.89
246.16,75.11
246.20,73.63
246.24,74.95
246.28,74.14
246.32,72.28
246.36,72.67
246.40,71.78
246.44,72.18
246.48,72.57
246.52,72.15
246.56,73.19
246.60,70.91
246.64,69.65
246.68,70.92
246.72,71.18
246.76,70.31
246.80,71.80
246.84,71.63
246.88,72.25
246.92,72.56
246.96,72.00
247.00,73.07
247.04,72.62
247.08,72.74
247.12,71.73
247.16,71.10
247.20,74.07
247.24,73.24
247.28,75.94
247.32,77.54
247.36,77.46
247.40,78.60
247.44,78.20
247.48,78.04
247.52,79.74
247.56,80.95
247.60,82.05
247.64,82.09
247.68,82.63
247.72,82.61
247.76,84.32
247.80,84.52
247.84,85.60
247.88,83.59
247.92,84.02
247.96,85.74
248.00,84.67
248.04,85.48
248.08,87.47
248.12,86.41
248.16,87.77
248.20,88.34
248.24,87.62
248.28,89.10
248.32,89.07
248.36,91.52
248.40,89.04
248.44,90.76
248.48,89.59
248.52,88.61
248.56,89.91
248.60,89.76
248.64,89.74
248.68,90.12
248.72,92.22
248.76,90.89
248.80,91.14
248.84,88.85
248.88,90.66
248.92,90.88
248.96,89.27
249.00,91.68
249.04,89.76
249.08,90.38
249.12,91.42
249.16,90.02
249.20,91.38
249.24,90.91
249.28,89.21
249.32,90.90
249.36,89.77
249.40,91.28
249.44,90.86
249.48,89.17
249.52,88.90
249.56,87.93
249.60,89.24
249.64,88.03
249.68,89.42
249.72,88.51
249.76,89.46
249.80,88.51
249.84,88.75
249.88,86.97
249.92,86.26
249.96,89.33
250.00,88.32
250.04,87.00
250.08,85.64
250.12,86.29
250.16,84.03
250.20,87.77
250.24,86.11
250.28,86.43
250.32,84.02
250.36,84.89
250.40,84.04
250.44,85.54
250.48,85.30
250.52,84.09
250.56,84.67
250.60,83.42
250.64,83.61
250.68,84.13
250.72,84.56
250.76,83.79
250.80,83.33
250.84,82.98
250.88,83.28
250.92,82.53
250.96,82.82
251.00,83.93
251.04,82.40
251.08,84.61
251.12,80.91
251.16,84.04
251.20,82.94
251.24,80.60
251.28,83.00
251.32,82.72
251.36,81.83
251.40,82.49
251.44,82.57
251.48,84.32
251.52,84.98
251.56,80.86
251.60,83.62
251.64,81.80
251.68,81.77
251.72,82.88
251.76,84.16
251.80,84.54
251.84,84.27
251.88,85.84
251.92,83.78
251.96,85.05
252.00,84.62
252.04,85.09
252.08,84.57
252.12,85.22
252.16,83.98
252.20,86.18
252.24,83.98
252.28,86.50
252.32,86.00
252.36,84.93
252.40,86.48
252.44,85.90
252.48,86.05
252.52,85.83
252.56,85.91
252.60,84.94
252.64,85.71
252.68,86.09
252.72,86.97
252.76,85.93
252.80,87.93
252.84,85.58
252.88,86.08
252.92,85.97
252.96,87.68
253.00,85.02
253.04,87.53
253.08,86.10
253.12,87.03
253.16,85.27
253.20,85.44
253.24,84.80
253.28,86.20
253.32,84.65
253.36,85.19
253.40,85.99
253.44,84.82
253.48,83.90
253.52,87.39
253.56,85.85
253.60,85.22
253.64,83.97
253.68,84.03
253.72,84.17
253.76,83.69
253.80,83.50
253.84,82.73
253.88,83.00
253.92,81.82
253.96,81.38
254.00,82.48
254.04,81.09
254.08,82.20
254.12,80.48
254.16,82.53
254.20,80.94
254.24,80.95
254.28,79.22
254.32,80.78
254.36,80.87
254.40,80.29
254.44,80.12
254.48,78.41
254.52,79.65
254.56,76.75
254.60,80.63
254.64,78.61
254.68,77.98
254.72,80.35
254.76,78.80
254.80,79.57
254.84,78.58
254.88,79.12
254.92,77.89
254.96,79.62
255.00,80.14
255.04,79.02
255.08,78.11
255.12,77.70
255.16,79.24
255.20,77.78
255.24,78.54
255.28,78.90
255.32,79.16
255.36,77.71
255.40,79.63
255.44,78.56
255.48,78.23
255.52,77.87
255.56,79.20
255.60,78.33
255.64,80.58
255.68,79.89
255.72,79.54
255.76,78.08
255.80,78.20
255.84,79.56
255.88,81.11
255.92,81.29
255.96,80.31
256.00,81.79
256.04,80.46
256.08,80.31
256.12,81.25
256.16,81.11
256.20,80.36
256.24,81.20
256.28,81.56
256.32,80.76
256.36,80.42
256.40,82.02
256.44,82.48
256.48,81.69
256.52,82.90
256.56,81.88
256.60,81.34
256.64,82.56
256.68,81.80
256.72,84.07
256.76,82.90
256.80,83.25
256.84,82.42
256.88,84.00
256.92,81.47
256.96,82.13
257.00,82.43
257.04,81.11
257.08,83.10
257.12,80.27
257.16,82.45
257.20,83.30
257.24,82.16
257.28,82.91
257.32,82.99
257.36,82.53
257.40,83.01
257.44,81.40
257.48,80.49
257.52,82.24
257.56,82.94
257.60,81.10
257.64,80.22
257.68,79.38
257.72,80.31
257.76,78.48
257.80,79.68
257.84,78.47
257.88,79.35
257.92,77.46
257.96,79.62
258.00,77.88
258.04,77.45
258.08,78.60
258.12,79.05
258.16,77.75
258.20,77.77
258.24,77.04
258.28,77.12
258.32,77.85
258.36,76.86
258.40,76.17
258.44,76.29
258.48,76.46
258.52,76.22
258.56,75.05
258.60,76.66
258.64,76.34
258.68,75.47
258.72,75.37
258.76,74.32
258.80,74.99
258.84,74.89
258.88,75.47
258.92,75.09
258.96,75.30
259.00,76.00
259.04,74.95
259.08,74.02
259.12,74.63
259.16,76.21
259.20,75.18
259.24,75.29
259.28,74.26
259.32,75.10
259.36,75.75
259.40,74.15
259.44,76.00
259.48,74.09
259.52,74.65
259.56,75.76
259.60,75.99
259.64,75.14
259.68,76.42
259.72,77.29
259.76,76.05
259.80,76.35
259.84,75.96
259.88,77.51
259.92,77.43
259.96,77.69
260.00,78.47
260.04,76.56
260.08,78.50
260.12,76.79
260.16,80.07
260.20,77.42
260.24,76.14
260.28,78.37
260.32,79.11
260.36,78.28
260.40,78.30
260.44,78.64
260.48,78.41
260.52,80.10
260.56,79.64
260.60,79.93
260.64,78.38
260.68,79.97
260.72,79.69
260.76,79.79
260.80,79.70
260.84,79.88
260.88,80.01
260.92,80.69
260.96,79.49
261.00,79.91
261.04,80.92
261.08,79.46
261.12,79.29
261.16,80.15
261.20,79.92
261.24,79.97
261.28,79.19
261.32,79.02
261.36,78.54
261.40,79.31
261.44,79.43
261.48,79.50
261.52,78.31
261.56,78.55
261.60,78.00
261.64,79.15
261.68,76.54
261.72,77.59
261.76,76.79
261.80,76.62
261.84,76.40
261.88,77.27
261.92,76.87
261.96,76.66
262.00,76.62
262.04,77.73
262.08,76.52
262.12,75.58
262.16,74.91
262.20,75.30
262.24,74.27
262.28,74.99
262.32,75.15
262.36,74.20
262.40,75.28
262.44,73.42
262.48,72.50
262.52,73.18
262.56,74.36
262.60,74.33
262.64,71.92
262.68,73.21
262.72,72.38
262.76,72.56
262.80,72.73
262.84,72.86
262.88,72.77
262.92,72.45
262.96,72.72
263.00,72.21
263.04,73.50
263.08,71.46
263.12,71.67
263.16,70.09
263.20,71.35
263.24,73.66
263.28,72.94
263.32,72.71
263.36,71.95
263.40,73.55
263.44,74.41
263.48,73.54
263.52,72.96
263.56,73.07
263.60,73.16
263.64,73.70
263.68,73.43
263.72,73.20
263.76,74.12
263.80,75.73
263.84,74.18
263.88,72.66
263.92,72.85
263.96,73.87
264.00,75.73
264.04,76.16
264.08,75.60
264.12,75.57
264.16,77.65
264.20,75.45
264.24,75.47
264.28,76.60
264.32,75.16
264.36,76.08
264.40,77.97
264.44,76.31
264.48,76.53
264.52,75.98
264.56,76.43
264.60,77.63
264.64,76.27
264.68,77.61
264.72,76.86
264.76,77.76
264.80,77.17
264.84,77.25
264.88,77.93
264.92,76.45
264.96,76.92
265.00,78.30
265.04,76.89
265.08,76.74
265.12,77.02
265.16,78.42
265.20,76.99
265.24,77.31
265.28,77.97
265.32,75.62
265.36,77.33
265.40,75.81
265.44,75.80
265.48,75.49
265.52,76.84
265.56,76.13
265.60,76.02
265.64,74.79
265.68,76.05
265.72,74.87
265.76,76.68
265.80,73.96
265.84,73.71
265.88,75.02
265.92,76.18
265.96,75.20
266.00,73.84
266.04,72.97
266.08,73.88
266.12,74.43
266.16,73.35
266.20,73.32
266.24,73.49
266.28,71.60
266.32,72.52
266.36,72.11
266.40,73.24
266.44,73.34
266.48,72.76
266.52,70.38
266.56,72.06
266.60,71.15
266.64,70.28
266.68,71.57
266.72,71.66
266.76,70.09
266.80,72.02
266.84,70.11
266.88,72.08
266.92,70.59
266.96,71.29
267.00,70.71
267.04,71.01
267.08,70.73
267.12,71.42
267.16,71.79
267.20,71.00
267.24,70.70
267.28,70.29
267.32,70.52
267.36,70.91
267.40,70.75
267.44,71.02
267.48,71.29
267.52,71.52
267.56,71.88
267.60,71.95
267.64,72.74
267.68,71.54
267.72,73.30
267.76,72.08
267.80,72.37
267.84,72.70
267.88,72.51
267.92,73.74
267.96,73.81
268.00,74.39
268.04,73.94
268.08,75.14
268.12,73.38
268.16,74.03
268.20,75.10
268.24,73.70
268.28,74.33
268.32,75.85
268.36,73.09
268.40,76.16
268.44,74.00
268.48,74.10
268.52,77.04
268.56,77.70
268.60,78.11
268.64,76.43
268.68,77.02
268.72,75.27
268.76,76.28
268.80,77.17
268.84,76.83
268.88,76.47
268.92,76.19
268.96,76.69
269.00,76.57
269.04,76.86
269.08,77.21
269.12,76.52
269.16,75.38
269.20,76.63
269.24,76.76
269.28,77.14
269.32,76.85
269.36,75.16
269.40,76.75
269.44,74.51
269.48,76.68
269.52,77.12
269.56,74.72
269.60,76.08
269.64,75.31
269.68,73.97
269.72,75.57
269.76,72.07
269.80,75.67
269.84,73.71
269.88,73.53
269.92,72.29
269.96,74.02
270.00,73.25
270.04,73.18
270.08,71.71
270.12,74.35
270.16,73.75
270.20,71.59
270.24,72.72
270.28,72.41
270.32,72.18
270.36,72.65
270.40,72.68
270.44,71.86
270.48,71.29
270.52,70.85
270.56,71.01
270.60,71.92
270.64,72.07
270.68,69.67
270.72,70.72
270.76,70.50
270.80,71.32
270.84,70.90
270.88,72.05
270.92,69.73
270.96,72.54
271.00,70.82
271.04,69.83
271.08,70.66
271.12,69.74
271.16,71.80
271.20,70.08
271.24,69.57
271.28,71.40
271.32,72.00
271.36,69.44
271.40,70.76
271.44,71.50
271.48,71.77
271.52,70.16
271.56,70.81
271.60,71.79
271.64,71.99
271.68,71.18
271.72,71.51
271.76,72.40
271.80,72.26
271.84,73.77
271.88,72.61
271.92,74.69
271.96,72.68
272.00,73.03
272.04,74.34
272.08,74.89
272.12,74.67
272.16,73.40
272.20,73.49
272.24,73.88
272.28,74.73
272.32,75.36
272.36,74.10
272.40,75.08
272.44,77.03
272.48,76.24
272.52,76.70
272.56,77.49
272.60,74.99
272.64,76.91
272.68,76.58
272.72,76.53
272.76,76.72
272.80,75.78
272.84,78.19
272.88,76.55
272.92,75.80
272.96,76.59
273.00,75.67
273.04,76.74
273.08,76.37
273.12,76.85
273.16,76.34
273.20,75.78
273.24,76.89
273.28,75.65
273.32,73.53
273.36,76.64
273.40,75.80
273.44,75.24
273.48,74.66
273.52,75.18
273.56,74.61
273.60,74.88
273.64,75.19
273.68,74.94
273.72,75.46
273.76,74.74
273.80,75.51
273.84,75.10
273.88,75.33
273.92,74.25
273.96,73.24
274.00,73.13
274.04,74.16
274.08,73.99
274.12,73.39
274.16,73.12
274.20,73.07
274.24,73.68
274.28,72.08
274.32,70.42
274.36,71.96
274.40,72.59
274.44,72.20
274.48,71.56
274.52,71.54
274.56,71.21
274.60,71.75
274.64,72.61
274.68,72.30
274.72,71.35
274.76,71.89
274.80,70.59
274.84,68.91
274.88,72.20
274.92,71.57
274.96,70.72
275.00,69.38
275.04,71.66
275.08,71.73
275.12,71.46
275.16,72.60
275.20,71.88
275.24,71.88
275.28,69.87
275.32,72.28
275.36,70.35
275.40,72.60
275.44,68.93
275.48,72.98
275.52,72.79
275.56,73.54
275.60,71.77
275.64,70.95
275.68,71.82
275.72,73.83
275.76,72.99
275.80,71.67
275.84,73.35
275.88,72.58
275.92,73.60
275.96,72.97
276.00,72.50
276.04,75.23
276.08,75.08
276.12,73.98
276.16,76.89
276.20,75.18
276.24,74.32
276.28,76.37
276.32,76.14
276.36,76.12
276.40,74.08
276.44,74.41
276.48,75.74
276.52,77.27
276.56,76.67
276.60,76.56
276.64,77.23
276.68,76.84
276.72,77.36
276.76,76.57
276.80,77.11
276.84,78.06
276.88,77.80
276.92,77.33
276.96,78.98
277.00,78.10
277.04,77.08
277.08,76.94
277.12,76.51
277.16,76.41
277.20,76.47
277.24,76.35
277.28,76.49
277.32,77.01
277.36,76.78
277.40,77.62
277.44,78.38
277.48,76.36
277.52,76.59
277.56,77.35
277.60,77.06
277.64,76.90
277.68,76.55
277.72,76.34
277.76,75.61
277.80,77.66
277.84,76.72
277.88,77.45
277.92,75.21
277.96,73.80
278.00,76.10
278.04,75.53
278.08,72.96
278.12,74.83
278.16,75.18
278.20,72.73
278.24,73.31
278.28,73.39
278.32,73.81
278.36,73.00
278.40,72.73
278.44,72.22
278.48,72.66
278.52,74.33
278.56,72.51
278.60,72.76
278.64,72.80
278.68,72.98
278.72,73.71
278.76,72.49
278.80,72.45
278.84,71.79
278.88,73.67
278.92,71.70
278.96,72.30
279.00,73.28
279.04,72.66
279.08,72.92
279.12,73.19
279.16,73.36
279.20,72.43
279.24,71.72
279.28,72.52
279.32,73.35
279.36,73.97
279.40,73.50
279.44,73.11
279.48,74.12
279.52,73.07
279.56,72.91
279.60,74.76
279.64,75.97
279.68,73.87
279.72,74.25
279.76,76.04
279.80,76.15
279.84,75.51
279.88,75.06
279.92,75.66
279.96,76.32
280.00,73.88
280.04,75.84
280.08,76.04
280.12,76.18
280.16,77.67
280.20,76.99
280.24,78.04
280.28,77.11
280.32,77.39
280.36,77.27
280.40,78.14
280.44,78.79
280.48,78.39
280.52,76.89
280.56,77.39
280.60,80.00
280.64,79.65
280.68,77.89
280.72,80.39
280.76,79.36
280.80,79.23
280.84,78.48
280.88,79.16
280.92,79.98
280.96,79.02
281.00,81.10
281.04,79.97
281.08,78.96
281.12,79.34
281.16,80.51
281.20,79.66
281.24,80.01
281.28,78.47
281.32,79.11
281.36,79.18
281.40,79.96
281.44,78.32
281.48,78.48
281.52,77.69
281.56,79.00
281.60,77.39
281.64,79.36
281.68,78.78
281.72,78.29
281.76,76.38
281.80,77.88
281.84,77.43
281.88,77.55
281.92,77.71
281.96,76.64
282.00,76.94
282.04,75.48
282.08,76.10
282.12,74.66
282.16,75.60
282.20,74.85
282.24,76.40
282.28,76.38
282.32,74.83
282.36,75.24
282.40,74.42
282.44,74.06
282.48,75.29
282.52,74.18
282.56,73.25
282.60,75.69
282.64,75.02
282.68,74.76
282.72,74.45
282.76,74.51
282.80,75.97
282.84,74.07
282.88,74.94
282.92,74.81
282.96,73.16
283.00,72.41
283.04,75.00
283.08,74.45
283.12,75.19
283.16,74.49
283.20,73.28
283.24,72.59
283.28,73.69
283.32,73.53
283.36,74.64
283.40,75.46
283.44,73.26
283.48,77.14
283.52,76.84
283.56,75.54
283.60,75.38
283.64,76.22
283.68,75.07
283.72,75.08
283.76,77.49
283.80,76.78
283.84,76.42
283.88,76.49
283.92,77.88
283.96,77.58
284.00,77.70
284.04,78.49
284.08,77.19
284.12,77.68
284.16,77.58
284.20,77.75
284.24,78.93
284.28,78.41
284.32,79.11
284.36,80.33
284.40,79.12
284.44,77.34
284.48,81.33
284.52,79.36
284.56,79.43
284.60,79.35
284.64,80.78
284.68,80.25
284.72,79.56
284.76,82.30
284.80,81.80
284.84,80.73
284.88,81.68
284.92,81.64
284.96,79.96
285.00,80.73
285.04,81.50
285.08,82.01
285.12,81.17
285.16,82.62
285.20,83.31
285.24,80.50
285.28,81.22
285.32,79.78
285.36,81.75
285.40,80.92
285.44,80.19
285.48,79.70
285.52,79.19
285.56,78.95
285.60,80.88
285.64,80.24
285.68,77.89
285.72,80.68
285.76,80.01
285.80,79.88
285.84,81.26
285.88,79.40
285.92,77.85
285.96,78.34
286.00,77.65
286.04,77.65
286.08,78.91
286.12,78.84
286.16,76.05
286.20,77.09
286.24,77.98
286.28,77.55
286.32,76.43
286.36,76.12
286.40,77.56
286.44,76.73
286.48,74.88
286.52,76.08
286.56,77.65
286.60,74.94
286.64,78.16
286.68,75.91
286.72,74.92
286.76,76.55
286.80,76.17
286.84,75.57
286.88,74.03
286.92,74.47
286.96,76.99
287.00,77.57
287.04,76.82
287.08,77.34
287.12,74.41
287.16,76.18
287.20,77.21
287.24,76.18
287.28,74.65
287.32,75.99
287.36,75.22
287.40,75.04
287.44,74.40
287.48,75.23
287.52,76.25
287.56,76.92
287.60,78.25
287.64,76.89
287.68,77.92
287.72,77.79
287.76,78.24
287.80,76.89
287.84,77.28
287.88,78.82
287.92,77.63
287.96,81.07
288.00,78.48
288.04,78.21
288.08,79.35
288.12,80.10
288.16,78.64
288.20,79.81
288.24,80.68
288.28,79.07
288.32,80.59
288.36,79.51
288.40,80.62
288.44,81.41
288.48,81.95
288.52,80.27
288.56,81.70
288.60,83.24
288.64,80.56
288.68,81.84
288.72,82.68
288.76,81.79
288.80,81.67
288.84,80.84
288.88,82.34
288.92,83.38
288.96,81.09
289.00,82.71
289.04,83.52
289.08,82.29
289.12,82.60
289.16,81.66
289.20,80.38
289.24,82.22
289.28,82.03
289.32,83.00
289.36,83.04
289.40,83.27
289.44,82.00
289.48,81.45
289.52,82.14
289.56,79.77
289.60,80.51
289.64,81.61
289.68,81.04
289.72,80.81
289.76,80.23
289.80,79.76
289.84,80.99
289.88,81.29
289.92,80.08
289.96,79.97
290.00,78.84
290.04,80.45
290.08,79.54
290.12,78.67
290.16,79.25
290.20,77.61
290.24,78.25
290.28,77.28
290.32,76.56
290.36,76.58
290.40,77.21
290.44,77.92
290.48,76.86
290.52,78.80
290.56,76.77
290.60,76.94
290.64,77.90
290.68,77.42
290.72,76.31
290.76,77.36
290.80,75.72
290.84,76.75
290.88,76.86
290.92,74.70
290.96,76.05
291.00,75.99
291.04,78.04
291.08,77.45
291.12,77.61
291.16,76.58
291.20,75.46
291.24,76.08
291.28,76.64
291.32,76.84
291.36,77.78
291.40,77.48
291.44,76.52
291.48,75.34
291.52,77.97
291.56,75.31
291.60,77.15
291.64,78.51
291.68,78.45
291.72,77.74
291.76,78.31
291.80,78.62
291.84,80.52
291.88,77.94
291.92,79.58
291.96,80.41
292.00,79.24
292.04,79.69
292.08,81.14
292.12,79.47
292.16,80.61
292.20,80.76
292.24,80.00
292.28,81.21
292.32,82.14
292.36,82.91
292.40,81.45
292.44,79.41
292.48,79.96
292.52,83.71
292.56,81.01
292.60,80.94
292.64,82.83
292.68,81.94
292.72,80.32
292.76,82.87
292.80,81.71
292.84,84.23
292.88,83.51
292.92,82.75
292.96,83.55
293.00,83.27
293.04,81.69
293.08,83.40
293.12,82.65
293.16,80.31
293.20,81.24
293.24,82.67
293.28,80.87
293.32,80.97
293.36,81.81
293.40,83.09
293.44,82.99
293.48,81.43
293.52,81.82
293.56,80.80
293.60,79.70
293.64,80.12
293.68,83.01
293.72,78.46
293.76,80.91
293.80,82.43
293.84,79.52
293.88,79.21
293.92,80.63
293.96,77.68
294.00,78.18
294.04,80.01
294.08,79.38
294.12,78.52
294.16,78.05
294.20,79.73
294.24,79.46
294.28,77.21
294.32,77.05
294.36,77.12
294.40,77.10
294.44,76.28
294.48,77.08
294.52,78.33
294.56,76.35
294.60,76.57
294.64,76.13
294.68,76.07
294.72,78.40
294.76,75.66
294.80,76.65
294.84,75.83
294.88,76.17
294.92,75.59
294.96,76.63
295.00,75.64
295.04,75.55
295.08,75.87
295.12,76.29
295.16,76.48
295.20,76.41
295.24,78.62
295.28,75.99
295.32,75.94
295.36,76.03
295.40,76.45
295.44,75.37
295.48,77.97
295.52,77.37
295.56,79.48
295.60,76.03
295.64,77.36
295.68,77.19
295.72,77.53
295.76,77.85
295.80,77.52
295.84,78.49
295.88,78.65
295.92,78.02
295.96,79.69
296.00,77.02
296.04,79.63
296.08,79.14
296.12,80.18
296.16,79.39
296.20,80.54
296.24,81.48
296.28,79.40
296.32,80.29
296.36,80.70
296.40,81.02
296.44,80.12
296.48,79.75
296.52,80.32
296.56,82.67
296.60,81.10
296.64,81.83
296.68,81.52
296.72,81.17
296.76,82.74
296.80,80.98
296.84,82.56
296.88,80.55
296.92,81.32
296.96,83.14
297.00,81.26
297.04,82.04
297.08,82.31
297.12,81.26
297.16,80.42
297.20,81.66
297.24,82.29
297.28,80.65
297.32,80.11
297.36,81.60
297.40,79.84
297.44,79.85
297.48,81.94
297.52,80.48
297.56,80.28
297.60,78.95
297.64,80.37
297.68,81.16
297.72,78.61
297.76,81.11
297.80,78.88
297.84,80.20
297.88,78.75
297.92,78.31
297.96,79.64
298.00,79.76
298.04,79.49
298.08,76.97
298.12,77.66
298.16,78.38
298.20,78.26
298.24,77.39
298.28,77.47
298.32,78.77
298.36,78.86
298.40,76.40
298.44,77.16
298.48,75.24
298.52,76.66
298.56,77.61
298.60,75.51
298.64,75.77
298.68,76.80
298.72,75.52
298.76,77.10
298.80,75.21
298.84,75.10
298.88,74.03
298.92,74.94
298.96,74.73
299.00,74.70
299.04,73.82
299.08,74.66
299.12,75.59
299.16,75.19
299.20,75.64
299.24,76.19
299.28,74.23
299.32,74.96
299.36,77.55
299.40,74.38
299.44,76.77
299.48,77.27
299.52,76.18
299.56,76.56
299.60,78.19
299.64,75.74
299.68,76.87
299.72,76.70
299.76,77.57
299.80,75.84
299.84,77.03
299.88,77.14
299.92,79.66
299.96,77.52
