# SIMULARE — semnal generat de genereaza_simulare.py, nu inregistrat. Rol: control pozitiv pentru validarea lantului de analiza.
t_s,bpm
0.00,68.15
0.04,68.76
0.08,69.27
0.12,67.42
0.16,69.96
0.20,70.33
0.24,68.96
0.28,69.06
0.32,70.81
0.36,69.03
0.40,72.10
0.44,71.62
0.48,69.66
0.52,71.04
0.56,70.99
0.60,72.06
0.64,71.22
0.68,73.61
0.72,72.35
0.76,69.94
0.80,72.43
0.84,72.01
0.88,70.72
0.92,71.46
0.96,72.12
1.00,70.74
1.04,72.03
1.08,70.68
1.12,69.45
1.16,71.18
1.20,72.28
1.24,72.07
1.28,72.53
1.32,70.62
1.36,70.77
1.40,70.73
1.44,72.11
1.48,72.23
1.52,71.07
1.56,72.26
1.60,71.38
1.64,70.85
1.68,70.30
1.72,70.69
1.76,70.18
1.80,69.23
1.84,69.84
1.88,69.27
1.92,68.63
1.96,70.24
2.00,69.11
2.04,68.62
2.08,68.00
2.12,68.45
2.16,68.32
2.20,67.19
2.24,68.82
2.28,67.59
2.32,70.01
2.36,68.58
2.40,69.50
2.44,67.64
2.48,67.91
2.52,67.99
2.56,67.13
2.60,67.32
2.64,66.20
2.68,68.36
2.72,67.28
2.76,65.03
2.80,65.18
2.84,66.27
2.88,65.84
2.92,66.16
2.96,66.90
3.00,65.99
3.04,66.73
3.08,66.01
3.12,66.52
3.16,67.92
3.20,66.32
3.24,67.44
3.28,66.71
3.32,68.68
3.36,66.38
3.40,67.69
3.44,66.80
3.48,68.93
3.52,67.06
3.56,67.84
3.60,68.44
3.64,69.22
3.68,68.40
3.72,67.51
3.76,69.45
3.80,70.23
3.84,67.78
3.88,69.17
3.92,70.20
3.96,70.60
4.00,71.21
4.04,72.17
4.08,72.01
4.12,70.63
4.16,71.18
4.20,70.41
4.24,72.45
4.28,71.16
4.32,69.20
4.36,72.75
4.40,70.02
4.44,74.48
4.48,72.07
4.52,72.32
4.56,74.83
4.60,73.60
4.64,72.02
4.68,71.76
4.72,71.40
4.76,73.03
4.80,73.98
4.84,73.75
4.88,73.93
4.92,75.05
4.96,72.34
5.00,73.46
5.04,73.44
5.08,71.57
5.12,71.64
5.16,72.84
5.20,72.81
5.24,72.54
5.28,73.33
5.32,72.01
5.36,73.49
5.40,72.30
5.44,73.32
5.48,72.75
5.52,73.65
5.56,71.29
5.60,72.20
5.64,70.94
5.68,72.07
5.72,72.59
5.76,73.19
5.80,70.98
5.84,70.41
5.88,70.89
5.92,70.74
5.96,70.71
6.00,70.66
6.04,70.26
6.08,70.36
6.12,70.64
6.16,69.98
6.20,69.74
6.24,69.88
6.28,71.23
6.32,68.32
6.36,68.10
6.40,67.66
6.44,69.97
6.48,68.63
6.52,67.62
6.56,68.33
6.60,68.50
6.64,68.64
6.68,69.53
6.72,67.51
6.76,70.23
6.80,68.34
6.84,67.43
6.88,67.06
6.92,69.20
6.96,67.18
7.00,68.52
7.04,68.25
7.08,68.28
7.12,67.22
7.16,68.48
7.20,67.85
7.24,67.63
7.28,69.09
7.32,68.60
7.36,68.98
7.40,68.15
7.44,70.74
7.48,69.99
7.52,68.32
7.56,68.89
7.60,67.37
7.64,67.57
7.68,70.20
7.72,69.35
7.76,70.76
7.80,68.82
7.84,70.51
7.88,70.87
7.92,69.97
7.96,70.19
8.00,70.13
8.04,70.23
8.08,71.70
8.12,73.25
8.16,70.49
8.20,72.19
8.24,71.07
8.28,71.29
8.32,71.06
8.36,71.94
8.40,72.14
8.44,72.42
8.48,74.31
8.52,73.19
8.56,74.31
8.60,72.07
8.64,74.77
8.68,72.72
8.72,73.16
8.76,73.32
8.80,72.84
8.84,73.14
8.88,73.56
8.92,72.98
8.96,75.10
9.00,74.82
9.04,73.31
9.08,74.71
9.12,74.73
9.16,74.24
9.20,73.93
9.24,74.33
9.28,73.34
9.32,73.40
9.36,73.20
9.40,73.74
9.44,74.41
9.48,72.18
9.52,73.64
9.56,73.71
9.60,73.26
9.64,73.53
9.68,74.13
9.72,71.87
9.76,71.46
9.80,72.70
9.84,73.14
9.88,71.84
9.92,71.72
9.96,70.05
10.00,71.60
10.04,71.30
10.08,71.49
10.12,69.64
10.16,71.79
10.20,70.17
10.24,70.26
10.28,70.47
10.32,69.41
10.36,68.88
10.40,70.05
10.44,67.81
10.48,69.19
10.52,69.17
10.56,68.73
10.60,70.19
10.64,68.61
10.68,69.82
10.72,68.76
10.76,68.23
10.80,68.18
10.84,68.76
10.88,67.84
10.92,66.66
10.96,68.44
11.00,68.64
11.04,69.54
11.08,66.49
11.12,68.48
11.16,67.68
11.20,67.15
11.24,69.71
11.28,69.05
11.32,68.64
11.36,69.48
11.40,70.70
11.44,68.38
11.48,68.62
11.52,66.75
11.56,69.42
11.60,70.94
11.64,69.74
11.68,68.76
11.72,69.33
11.76,69.52
11.80,68.58
11.84,71.09
11.88,69.53
11.92,70.48
11.96,71.73
12.00,70.92
12.04,70.96
12.08,70.41
12.12,73.37
12.16,72.04
12.20,71.57
12.24,71.78
12.28,72.12
12.32,74.04
12.36,72.78
12.40,71.50
12.44,74.98
12.48,73.13
12.52,72.90
12.56,74.54
12.60,73.37
12.64,75.35
12.68,73.27
12.72,74.30
12.76,74.79
12.80,73.13
12.84,74.14
12.88,73.12
12.92,73.49
12.96,73.68
13.00,74.93
13.04,73.33
13.08,74.37
13.12,73.07
13.16,73.59
13.20,73.56
13.24,75.06
13.28,74.17
13.32,74.29
13.36,72.99
13.40,72.36
13.44,72.40
13.48,72.81
13.52,72.08
13.56,74.05
13.60,71.40
13.64,73.07
13.68,71.17
13.72,73.26
13.76,72.19
13.80,70.49
13.84,74.24
13.88,70.20
13.92,70.51
13.96,70.23
14.00,68.65
14.04,68.93
14.08,70.37
14.12,70.15
14.16,68.86
14.20,69.63
14.24,69.12
14.28,69.24
14.32,68.14
14.36,69.33
14.40,69.97
14.44,70.67
14.48,69.11
14.52,67.62
14.56,67.82
14.60,68.60
14.64,67.90
14.68,67.02
14.72,68.12
14.76,67.12
14.80,68.44
14.84,68.91
14.88,67.33
14.92,67.74
14.96,68.58
15.00,67.58
15.04,67.18
15.08,67.37
15.12,67.10
15.16,67.49
15.20,68.39
15.24,68.14
15.28,66.85
15.32,68.38
15.36,68.45
15.40,67.37
15.44,68.85
15.48,68.13
15.52,70.20
15.56,68.74
15.60,68.67
15.64,68.26
15.68,69.28
15.72,67.94
15.76,69.39
15.80,68.27
15.84,69.95
15.88,70.55
15.92,68.91
15.96,68.09
16.00,69.97
16.04,70.48
16.08,70.26
16.12,70.60
16.16,71.15
16.20,68.70
16.24,71.37
16.28,71.29
16.32,70.05
16.36,71.23
16.40,70.86
16.44,71.77
16.48,71.69
16.52,72.35
16.56,72.66
16.60,72.66
16.64,70.36
16.68,73.23
16.72,71.98
16.76,72.18
16.80,72.60
16.84,72.91
16.88,73.75
16.92,71.75
16.96,73.11
17.00,72.64
17.04,72.63
17.08,72.39
17.12,72.07
17.16,71.57
17.20,72.58
17.24,72.13
17.28,71.58
17.32,71.77
17.36,72.35
17.40,71.89
17.44,70.29
17.48,71.82
17.52,72.98
17.56,72.72
17.60,70.92
17.64,71.34
17.68,70.55
17.72,69.90
17.76,70.83
17.80,69.04
17.84,69.27
17.88,70.53
17.92,71.26
17.96,69.77
18.00,68.98
18.04,69.57
18.08,69.32
18.12,70.39
18.16,67.60
18.20,68.26
18.24,68.79
18.28,68.04
18.32,68.95
18.36,67.02
18.40,67.29
18.44,67.68
18.48,66.75
18.52,66.88
18.56,67.62
18.60,68.54
18.64,65.38
18.68,66.85
18.72,66.22
18.76,66.14
18.80,66.70
18.84,66.37
18.88,66.11
18.92,64.87
18.96,65.09
19.00,65.76
19.04,66.80
19.08,65.70
19.12,67.02
19.16,66.17
19.20,65.27
19.24,67.15
19.28,66.70
19.32,65.45
19.36,67.13
19.40,66.30
19.44,66.31
19.48,66.76
19.52,68.01
19.56,66.07
19.60,65.92
19.64,66.70
19.68,68.14
19.72,69.11
19.76,66.32
19.80,68.31
19.84,66.88
19.88,67.14
19.92,67.12
19.96,67.16
20.00,69.09
20.04,68.05
20.08,69.56
20.12,71.22
20.16,68.84
20.20,69.60
20.24,68.26
20.28,70.40
20.32,70.10
20.36,69.53
20.40,68.84
20.44,69.71
20.48,69.34
20.52,70.89
20.56,71.15
20.60,70.83
20.64,70.06
20.68,69.70
20.72,71.29
20.76,71.45
20.80,70.38
20.84,69.82
20.88,70.77
20.92,70.45
20.96,72.64
21.00,71.03
21.04,71.77
21.08,71.73
21.12,70.09
21.16,69.78
21.20,70.82
21.24,70.75
21.28,69.97
21.32,71.27
21.36,70.92
21.40,69.08
21.44,70.82
21.48,69.07
21.52,69.25
21.56,68.71
21.60,69.30
21.64,70.08
21.68,70.94
21.72,69.06
21.76,67.94
21.80,68.56
21.84,68.23
21.88,68.28
21.92,67.58
21.96,66.85
22.00,68.16
22.04,66.52
22.08,67.02
22.12,67.46
22.16,67.75
22.20,66.19
22.24,67.89
22.28,67.42
22.32,67.04
22.36,66.55
22.40,66.31
22.44,65.76
22.48,64.73
22.52,65.23
22.56,64.86
22.60,63.67
22.64,64.02
22.68,65.17
22.72,64.40
22.76,61.70
22.80,66.13
22.84,66.35
22.88,64.17
22.92,64.81
22.96,65.09
23.00,64.74
23.04,65.10
23.08,64.21
23.12,63.62
23.16,65.16
23.20,64.68
23.24,63.30
23.28,64.33
23.32,63.43
23.36,64.82
23.40,63.47
23.44,66.00
23.48,64.15
23.52,65.23
23.56,65.28
23.60,65.55
23.64,64.46
23.68,65.21
23.72,65.33
23.76,65.30
23.80,66.22
23.84,65.04
23.88,64.97
23.92,67.95
23.96,67.41
24.00,66.15
24.04,65.64
24.08,69.74
24.12,66.99
24.16,69.39
24.20,67.90
24.24,68.71
24.28,67.77
24.32,67.26
24.36,67.45
24.40,67.39
24.44,68.46
24.48,69.05
24.52,69.70
24.56,69.41
24.60,68.41
24.64,69.49
24.68,68.76
24.72,67.72
24.76,70.07
24.80,68.25
24.84,69.46
24.88,69.70
24.92,69.35
24.96,69.49
25.00,70.29
25.04,68.48
25.08,67.27
25.12,69.93
25.16,68.94
25.20,67.98
25.24,68.63
25.28,69.09
25.32,69.06
25.36,68.04
25.40,68.83
25.44,68.06
25.48,69.26
25.52,67.87
25.56,68.30
25.60,67.45
25.64,65.55
25.68,67.66
25.72,67.75
25.76,65.60
25.80,66.65
25.84,67.87
25.88,67.79
25.92,67.63
25.96,68.01
26.00,65.80
26.04,66.25
26.08,65.82
26.12,66.45
26.16,64.50
26.20,65.72
26.24,64.68
26.28,64.71
26.32,64.83
26.36,66.05
26.40,65.58
26.44,64.68
26.48,65.47
26.52,64.30
26.56,63.72
26.60,63.59
26.64,64.61
26.68,63.37
26.72,62.99
26.76,62.95
26.80,61.11
26.84,63.65
26.88,65.55
26.92,63.27
26.96,64.28
27.00,63.91
27.04,62.93
27.08,63.08
27.12,60.88
27.16,63.21
27.20,63.82
27.24,62.41
27.28,61.64
27.32,61.81
27.36,63.11
27.40,62.23
27.44,63.28
27.48,63.31
27.52,62.57
27.56,63.69
27.60,63.40
27.64,64.12
27.68,65.79
27.72,64.47
27.76,63.44
27.80,65.19
27.84,64.86
27.88,63.91
27.92,65.07
27.96,65.12
28.00,65.51
28.04,67.11
28.08,64.84
28.12,66.86
28.16,66.62
28.20,67.84
28.24,67.13
28.28,67.34
28.32,67.68
28.36,66.97
28.40,66.37
28.44,65.84
28.48,68.47
28.52,66.93
28.56,69.89
28.60,67.30
28.64,69.48
28.68,67.39
28.72,69.38
28.76,68.44
28.80,68.45
28.84,67.81
28.88,69.53
28.92,68.51
28.96,68.21
29.00,68.33
29.04,68.14
29.08,68.10
29.12,68.09
29.16,67.97
29.20,68.20
29.24,69.51
29.28,67.76
29.32,68.90
29.36,69.10
29.40,67.69
29.44,67.49
29.48,67.43
29.52,68.42
29.56,69.37
29.60,66.93
29.64,67.22
29.68,68.22
29.72,67.12
29.76,67.15
29.80,65.34
29.84,67.43
29.88,65.90
29.92,65.84
29.96,65.39
30.00,63.88
30.04,65.77
30.08,64.37
30.12,64.12
30.16,65.80
30.20,63.48
30.24,64.46
30.28,65.04
30.32,63.74
30.36,64.41
30.40,64.39
30.44,64.68
30.48,61.75
30.52,64.45
30.56,63.13
30.60,63.38
30.64,63.99
30.68,63.91
30.72,63.39
30.76,61.42
30.80,63.30
30.84,61.03
30.88,61.46
30.92,63.13
30.96,62.52
31.00,63.77
31.04,60.73
31.08,62.83
31.12,63.91
31.16,63.54
31.20,61.85
31.24,62.50
31.28,61.18
31.32,62.74
31.36,63.89
31.40,61.40
31.44,61.78
31.48,63.26
31.52,63.28
31.56,62.94
31.60,63.40
31.64,65.20
31.68,63.84
31.72,65.08
31.76,64.90
31.80,63.99
31.84,64.27
31.88,63.30
31.92,64.90
31.96,66.63
32.00,65.49
32.04,64.79
32.08,66.34
32.12,66.66
32.16,66.13
32.20,65.87
32.24,66.39
32.28,65.30
32.32,67.12
32.36,66.42
32.40,67.09
32.44,67.38
32.48,68.68
32.52,68.17
32.56,68.37
32.60,66.37
32.64,70.04
32.68,68.46
32.72,69.07
32.76,68.64
32.80,67.19
32.84,67.45
32.88,68.81
32.92,69.00
32.96,69.71
33.00,66.80
33.04,67.60
33.08,68.98
33.12,70.47
33.16,67.90
33.20,66.64
33.24,66.79
33.28,69.34
33.32,68.41
33.36,67.09
33.40,67.22
33.44,67.51
33.48,67.88
33.52,67.66
33.56,66.84
33.60,68.42
33.64,66.43
33.68,68.16
33.72,65.67
33.76,68.27
33.80,66.83
33.84,65.64
33.88,67.45
33.92,64.64
33.96,65.14
34.00,65.01
34.04,66.39
34.08,65.90
34.12,63.53
34.16,65.87
34.20,64.88
34.24,64.42
34.28,65.80
34.32,63.65
34.36,64.87
34.40,63.49
34.44,61.56
34.48,63.39
34.52,62.54
34.56,65.03
34.60,64.14
34.64,62.64
34.68,63.12
34.72,63.47
34.76,64.06
34.80,63.15
34.84,62.90
34.88,65.75
34.92,60.93
34.96,63.12
35.00,63.73
35.04,61.88
35.08,63.52
35.12,63.24
35.16,63.66
35.20,62.03
35.24,62.58
35.28,62.63
35.32,62.79
35.36,63.74
35.40,63.43
35.44,63.37
35.48,63.54
35.52,65.51
35.56,65.08
35.60,63.17
35.64,63.82
35.68,65.56
35.72,65.64
35.76,63.39
35.80,64.48
35.84,64.47
35.88,64.38
35.92,65.82
35.96,64.61
36.00,68.09
36.04,68.11
36.08,65.98
36.12,66.01
36.16,67.44
36.20,67.34
36.24,68.14
36.28,68.13
36.32,68.75
36.36,67.28
36.40,66.43
36.44,66.90
36.48,69.05
36.52,67.20
36.56,68.52
36.60,68.38
36.64,68.36
36.68,67.56
36.72,68.40
36.76,68.58
36.80,69.60
36.84,69.46
36.88,69.25
36.92,69.30
36.96,70.16
37.00,70.98
37.04,68.59
37.08,67.96
37.12,68.26
37.16,68.16
37.20,70.28
37.24,67.52
37.28,69.61
37.32,70.50
37.36,67.73
37.40,67.48
37.44,69.32
37.48,68.61
37.52,70.29
37.56,68.09
37.60,67.18
37.64,69.41
37.68,68.13
37.72,67.65
37.76,68.45
37.80,67.48
37.84,67.93
37.88,66.76
37.92,65.74
37.96,67.59
38.00,67.80
38.04,67.02
38.08,66.74
38.12,65.77
38.16,65.92
38.20,64.89
38.24,66.60
38.28,65.88
38.32,64.84
38.36,63.81
38.40,65.29
38.44,65.84
38.48,65.93
38.52,64.21
38.56,65.46
38.60,63.92
38.64,64.17
38.68,62.61
38.72,63.81
38.76,64.40
38.80,64.15
38.84,64.02
38.88,63.32
38.92,62.26
38.96,63.19
39.00,63.74
39.04,64.05
39.08,65.20
39.12,62.65
39.16,65.54
39.20,63.70
39.24,64.56
39.28,64.21
39.32,65.50
39.36,65.09
39.40,64.78
39.44,64.39
39.48,64.72
39.52,64.13
39.56,64.65
39.60,66.75
39.64,65.57
39.68,64.96
39.72,66.68
39.76,65.77
39.80,66.29
39.84,65.47
39.88,66.55
39.92,67.01
39.96,67.73
40.00,67.50
40.04,67.73
40.08,67.17
40.12,68.52
40.16,66.97
40.20,68.72
40.24,68.90
40.28,68.09
40.32,69.58
40.36,68.72
40.40,69.10
40.44,68.75
40.48,67.71
40.52,69.81
40.56,68.50
40.60,70.95
40.64,71.98
40.68,70.00
40.72,69.18
40.76,69.21
40.80,71.86
40.84,69.89
40.88,70.19
40.92,69.73
40.96,71.87
41.00,70.70
41.04,70.70
41.08,68.88
41.12,70.13
41.16,70.84
41.20,70.36
41.24,69.52
41.28,70.57
41.32,70.27
41.36,70.75
41.40,70.95
41.44,69.22
41.48,69.65
41.52,71.46
41.56,69.50
41.60,69.12
41.64,68.93
41.68,70.66
41.72,68.92
41.76,67.07
41.80,68.40
41.84,70.68
41.88,68.23
41.92,69.21
41.96,69.54
42.00,68.29
42.04,66.93
42.08,67.86
42.12,66.76
42.16,67.08
42.20,66.83
42.24,65.99
42.28,67.98
42.32,66.28
42.36,67.10
42.40,66.27
42.44,66.08
42.48,65.90
42.52,65.27
42.56,64.66
42.60,65.09
42.64,66.34
42.68,64.86
42.72,63.91
42.76,63.84
42.80,64.87
42.84,64.58
42.88,63.61
42.92,65.31
42.96,65.03
43.00,66.00
43.04,64.52
43.08,65.89
43.12,65.53
43.16,65.06
43.20,65.02
43.24,67.45
43.28,65.32
43.32,66.13
43.36,66.03
43.40,67.08
43.44,65.35
43.48,64.70
43.52,65.98
43.56,65.80
43.60,67.65
43.64,68.09
43.68,67.03
43.72,66.60
43.76,67.99
43.80,67.45
43.84,67.05
43.88,68.57
43.92,68.48
43.96,68.29
44.00,69.57
44.04,68.97
44.08,69.40
44.12,67.61
44.16,66.98
44.20,69.23
44.24,69.51
44.28,70.25
44.32,70.17
44.36,71.28
44.40,70.26
44.44,71.32
44.48,70.72
44.52,71.35
44.56,69.81
44.60,69.44
44.64,71.20
44.68,69.48
44.72,71.49
44.76,72.46
44.80,70.61
44.84,71.21
44.88,72.81
44.92,73.13
44.96,70.78
45.00,71.62
45.04,72.26
45.08,71.44
45.12,70.91
45.16,71.80
45.20,72.08
45.24,69.57
45.28,70.58
45.32,72.21
45.36,70.78
45.40,70.59
45.44,70.57
45.48,71.05
45.52,71.11
45.56,70.88
45.60,70.26
45.64,68.33
45.68,69.18
45.72,69.81
45.76,70.50
45.80,68.84
45.84,68.91
45.88,68.75
45.92,68.87
45.96,69.51
46.00,69.24
46.04,69.05
46.08,69.09
46.12,68.96
46.16,67.96
46.20,67.43
46.24,68.54
46.28,67.53
46.32,66.56
46.36,68.24
46.40,66.87
46.44,66.10
46.48,67.87
46.52,68.65
46.56,65.34
46.60,67.62
46.64,66.47
46.68,67.85
46.72,67.33
46.76,67.20
46.80,67.12
46.84,65.41
46.88,66.51
46.92,66.53
46.96,65.34
47.00,66.00
47.04,65.51
47.08,65.28
47.12,66.77
47.16,66.18
47.20,66.53
47.24,66.43
47.28,66.24
47.32,65.07
47.36,67.28
47.40,67.20
47.44,68.92
47.48,67.23
47.52,67.92
47.56,65.95
47.60,67.00
47.64,67.92
47.68,68.26
47.72,68.62
47.76,67.66
47.80,69.51
47.84,67.81
47.88,69.19
47.92,69.67
47.96,68.48
48.00,69.13
48.04,69.48
48.08,70.79
48.12,68.85
48.16,69.53
48.20,70.03
48.24,70.25
48.28,70.34
48.32,72.81
48.36,69.85
48.40,68.92
48.44,70.36
48.48,72.41
48.52,71.41
48.56,72.51
48.60,72.40
48.64,70.24
48.68,69.83
48.72,70.90
48.76,71.34
48.80,71.37
48.84,71.84
48.88,72.20
48.92,73.32
48.96,72.68
49.00,73.41
49.04,72.52
49.08,71.74
49.12,71.47
49.16,71.69
49.20,72.73
49.24,71.76
49.28,72.98
49.32,70.67
49.36,71.30
49.40,72.70
49.44,70.40
49.48,72.38
49.52,71.18
49.56,71.12
49.60,71.53
49.64,70.80
49.68,71.84
49.72,70.38
49.76,69.36
49.80,69.43
49.84,69.85
49.88,70.18
49.92,69.77
49.96,69.43
50.00,69.54
50.04,69.20
50.08,66.60
50.12,69.28
50.16,66.79
50.20,68.78
50.24,67.57
50.28,68.81
50.32,67.77
50.36,68.24
50.40,67.45
50.44,67.42
50.48,68.32
50.52,66.94
50.56,66.95
50.60,66.12
50.64,68.00
50.68,67.42
50.72,69.03
50.76,66.62
50.80,66.60
50.84,65.92
50.88,66.57
50.92,65.44
50.96,66.93
51.00,67.12
51.04,65.78
51.08,65.21
51.12,66.12
51.16,66.62
51.20,66.62
51.24,66.23
51.28,67.67
51.32,65.29
51.36,65.32
51.40,65.66
51.44,68.10
51.48,67.67
51.52,66.79
51.56,67.25
51.60,66.82
51.64,66.77
51.68,67.28
51.72,66.78
51.76,67.88
51.80,68.61
51.84,67.69
51.88,69.53
51.92,67.31
51.96,68.80
52.00,69.09
52.04,66.95
52.08,67.56
52.12,70.75
52.16,70.68
52.20,68.68
52.24,69.96
52.28,69.71
52.32,72.38
52.36,70.46
52.40,69.12
52.44,71.65
52.48,71.67
52.52,69.64
52.56,72.50
52.60,70.48
52.64,71.50
52.68,73.45
52.72,71.67
52.76,70.83
52.80,71.71
52.84,71.41
52.88,70.83
52.92,71.90
52.96,72.28
53.00,72.27
53.04,72.54
53.08,69.43
53.12,71.33
53.16,71.70
53.20,72.33
53.24,71.37
53.28,72.45
53.32,71.52
53.36,70.05
53.40,72.62
53.44,70.16
53.48,68.96
53.52,70.03
53.56,70.46
53.60,70.84
53.64,69.79
53.68,68.94
53.72,68.83
53.76,69.12
53.80,68.78
53.84,69.66
53.88,69.42
53.92,68.77
53.96,67.82
54.00,68.99
54.04,68.32
54.08,67.94
54.12,68.05
54.16,67.68
54.20,67.26
54.24,67.75
54.28,66.21
54.32,68.00
54.36,65.97
54.40,67.44
54.44,66.34
54.48,65.83
54.52,65.02
54.56,65.10
54.60,65.58
54.64,64.82
54.68,65.77
54.72,64.89
54.76,65.42
54.80,65.18
54.84,66.22
54.88,65.11
54.92,66.90
54.96,64.97
55.00,65.81
55.04,63.68
55.08,65.00
55.12,66.88
55.16,65.35
55.20,66.70
55.24,64.48
55.28,65.29
55.32,65.44
55.36,66.55
55.40,65.43
55.44,63.84
55.48,65.46
55.52,67.04
55.56,65.40
55.60,65.19
55.64,67.23
55.68,65.19
55.72,67.97
55.76,67.01
55.80,66.65
55.84,66.62
55.88,68.85
55.92,65.06
55.96,67.17
56.00,68.78
56.04,68.00
56.08,67.51
56.12,68.08
56.16,68.63
56.20,70.38
56.24,68.52
56.28,68.73
56.32,69.01
56.36,68.74
56.40,69.34
56.44,68.71
56.48,69.85
56.52,69.99
56.56,68.47
56.60,68.48
56.64,69.74
56.68,69.08
56.72,70.54
56.76,68.91
56.80,69.19
56.84,70.39
56.88,71.41
56.92,69.49
56.96,70.27
57.00,71.21
57.04,69.62
57.08,68.86
57.12,69.66
57.16,70.83
57.20,71.38
57.24,69.50
57.28,70.05
57.32,67.73
57.36,67.79
57.40,68.47
57.44,69.26
57.48,70.86
57.52,70.68
57.56,67.73
57.60,70.60
57.64,68.28
57.68,67.79
57.72,68.96
57.76,67.48
57.80,67.94
57.84,68.09
57.88,66.27
57.92,67.59
57.96,68.53
58.00,67.48
58.04,66.58
58.08,66.77
58.12,67.33
58.16,65.75
58.20,67.51
58.24,66.44
58.28,66.73
58.32,64.94
58.36,64.61
58.40,64.17
58.44,66.16
58.48,64.79
58.52,64.25
58.56,65.83
58.60,64.49
58.64,63.09
58.68,61.83
58.72,62.92
58.76,62.91
58.80,62.07
58.84,63.54
58.88,62.27
58.92,63.15
58.96,63.66
59.00,63.86
59.04,62.46
59.08,64.82
59.12,63.08
59.16,62.85
59.20,62.62
59.24,63.61
59.28,64.28
59.32,63.90
59.36,63.31
59.40,64.03
59.44,65.76
59.48,63.97
59.52,63.96
59.56,64.88
59.60,64.53
59.64,65.47
59.68,64.11
59.72,63.98
59.76,65.71
59.80,65.11
59.84,66.21
59.88,65.04
59.92,66.35
59.96,67.28
60.00,67.35
60.04,66.60
60.08,66.17
60.12,66.39
60.16,68.84
60.20,67.98
60.24,65.12
60.28,65.99
60.32,67.94
60.36,69.02
60.40,67.21
60.44,68.90
60.48,68.04
60.52,68.42
60.56,67.77
60.60,68.45
60.64,67.56
60.68,67.33
60.72,68.40
60.76,69.00
60.80,70.23
60.84,67.92
60.88,70.10
60.92,66.99
60.96,68.79
61.00,67.89
61.04,70.79
61.08,67.17
61.12,69.05
61.16,68.23
61.20,67.75
61.24,68.42
61.28,67.58
61.32,66.54
61.36,67.34
61.40,69.09
61.44,67.33
61.48,66.91
61.52,67.65
61.56,68.16
61.60,68.40
61.64,66.63
61.68,67.05
61.72,67.55
61.76,65.95
61.80,66.52
61.84,65.73
61.88,65.55
61.92,65.52
61.96,63.97
62.00,65.76
62.04,63.61
62.08,63.72
62.12,65.57
62.16,64.32
62.20,64.13
62.24,61.45
62.28,64.11
62.32,62.99
62.36,62.92
62.40,64.32
62.44,64.45
62.48,63.73
62.52,62.79
62.56,63.29
62.60,63.52
62.64,63.58
62.68,61.89
62.72,61.81
62.76,61.91
62.80,62.32
62.84,62.52
62.88,61.39
62.92,61.35
62.96,61.32
63.00,62.34
63.04,61.84
63.08,61.68
63.12,62.39
63.16,61.26
63.20,61.83
63.24,62.67
63.28,62.29
63.32,61.48
63.36,62.48
63.40,62.10
63.44,62.20
63.48,63.71
63.52,62.34
63.56,63.20
63.60,62.72
63.64,62.70
63.68,61.59
63.72,64.21
63.76,63.83
63.80,62.54
63.84,63.45
63.88,64.05
63.92,62.37
63.96,64.65
64.00,62.63
64.04,63.98
64.08,64.96
64.12,64.24
64.16,64.81
64.20,64.61
64.24,64.88
64.28,65.42
64.32,66.22
64.36,66.28
64.40,67.41
64.44,65.65
64.48,65.14
64.52,65.69
64.56,66.12
64.60,66.73
64.64,65.54
64.68,65.77
64.72,68.65
64.76,66.50
64.80,66.13
64.84,66.16
64.88,66.72
64.92,66.68
64.96,66.81
65.00,65.98
65.04,66.75
65.08,67.51
65.12,68.45
65.16,65.27
65.20,68.43
65.24,65.36
65.28,67.05
65.32,67.03
65.36,66.08
65.40,66.73
65.44,64.85
65.48,66.03
65.52,65.17
65.56,65.69
65.60,66.41
65.64,62.96
65.68,64.42
65.72,65.21
65.76,63.30
65.80,64.44
65.84,65.38
65.88,64.57
65.92,64.82
65.96,62.36
66.00,63.69
66.04,64.46
66.08,63.06
66.12,62.40
66.16,61.35
66.20,62.44
66.24,61.28
66.28,61.99
66.32,60.76
66.36,61.25
66.40,61.48
66.44,62.54
66.48,60.89
66.52,62.19
66.56,61.04
66.60,60.98
66.64,60.86
66.68,61.03
66.72,60.52
66.76,60.13
66.80,59.91
66.84,58.73
66.88,60.16
66.92,59.96
66.96,60.20
67.00,60.88
67.04,59.60
67.08,61.00
67.12,60.39
67.16,60.48
67.20,60.15
67.24,60.51
67.28,61.61
67.32,62.25
67.36,60.87
67.40,60.42
67.44,59.85
67.48,61.23
67.52,60.45
67.56,61.87
67.60,61.28
67.64,61.26
67.68,61.56
67.72,62.01
67.76,62.43
67.80,61.84
67.84,63.91
67.88,62.64
67.92,63.67
67.96,63.34
68.00,62.47
68.04,63.93
68.08,62.96
68.12,62.33
68.16,64.15
68.20,63.04
68.24,64.54
68.28,63.17
68.32,63.31
68.36,64.02
68.40,65.80
68.44,63.38
68.48,64.56
68.52,65.02
68.56,65.82
68.60,65.33
68.64,65.26
68.68,65.37
68.72,65.85
68.76,66.19
68.80,65.75
68.84,65.94
68.88,64.33
68.92,65.78
68.96,65.78
69.00,65.77
69.04,66.31
69.08,67.55
69.12,65.00
69.16,66.93
69.20,65.81
69.24,64.81
69.28,66.00
69.32,67.12
69.36,66.95
69.40,63.76
69.44,63.98
69.48,65.02
69.52,66.41
69.56,65.34
69.60,64.09
69.64,63.89
69.68,63.00
69.72,65.29
69.76,66.63
69.80,63.72
69.84,64.86
69.88,62.98
69.92,63.94
69.96,63.74
70.00,62.50
70.04,61.97
70.08,61.58
70.12,61.45
70.16,61.99
70.20,62.62
70.24,63.01
70.28,62.13
70.32,61.85
70.36,61.18
70.40,60.64
70.44,60.23
70.48,62.72
70.52,60.92
70.56,60.56
70.60,59.62
70.64,60.55
70.68,60.87
70.72,60.10
70.76,60.37
70.80,60.19
70.84,60.32
70.88,58.37
70.92,59.71
70.96,60.85
71.00,61.29
71.04,59.27
71.08,58.91
71.12,58.84
71.16,59.24
71.20,61.77
71.24,60.38
71.28,60.05
71.32,60.13
71.36,58.95
71.40,59.29
71.44,61.29
71.48,61.58
71.52,59.10
71.56,60.00
71.60,60.71
71.64,62.66
71.68,62.26
71.72,62.12
71.76,62.17
71.80,61.40
71.84,61.36
71.88,63.24
71.92,61.52
71.96,63.20
72.00,64.22
72.04,63.64
72.08,62.52
72.12,63.68
72.16,63.85
72.20,63.63
72.24,62.56
72.28,63.63
72.32,65.82
72.36,64.53
72.40,64.01
72.44,64.47
72.48,64.86
72.52,64.43
72.56,63.60
72.60,66.66
72.64,65.43
72.68,66.13
72.72,64.75
72.76,64.26
72.80,66.25
72.84,63.88
72.88,64.94
72.92,65.55
72.96,66.63
73.00,66.66
73.04,66.38
73.08,65.64
73.12,65.78
73.16,66.02
73.20,65.38
73.24,64.37
73.28,65.82
73.32,64.04
73.36,65.78
73.40,65.31
73.44,65.93
73.48,64.89
73.52,64.61
73.56,65.59
73.60,64.49
73.64,63.13
73.68,62.68
73.72,64.48
73.76,66.50
73.80,63.96
73.84,62.70
73.88,64.20
73.92,63.44
73.96,64.68
74.00,63.92
74.04,62.94
74.08,61.34
74.12,61.22
74.16,61.85
74.20,62.64
74.24,62.23
74.28,62.15
74.32,60.60
74.36,62.98
74.40,61.74
74.44,60.23
74.48,61.08
74.52,61.32
74.56,60.57
74.60,59.08
74.64,60.90
74.68,61.05
74.72,59.69
74.76,59.51
74.80,59.63
74.84,59.74
74.88,61.17
74.92,60.11
74.96,58.40
75.00,60.85
75.04,60.26
75.08,60.28
75.12,59.27
75.16,60.97
75.20,57.91
75.24,60.42
75.28,59.64
75.32,59.43
75.36,60.11
75.40,59.65
75.44,61.67
75.48,60.51
75.52,62.80
75.56,60.44
75.60,61.36
75.64,61.16
75.68,61.88
75.72,62.92
75.76,62.41
75.80,61.58
75.84,62.21
75.88,64.49
75.92,63.20
75.96,64.43
76.00,65.02
76.04,63.51
76.08,63.43
76.12,63.87
76.16,65.14
76.20,65.51
76.24,64.76
76.28,66.81
76.32,65.17
76.36,64.51
76.40,64.86
76.44,65.88
76.48,64.49
76.52,65.44
76.56,66.23
76.60,65.53
76.64,65.38
76.68,65.47
76.72,65.43
76.76,66.09
76.80,65.53
76.84,66.58
76.88,65.80
76.92,67.30
76.96,68.21
77.00,67.79
77.04,66.70
77.08,66.49
77.12,65.67
77.16,66.14
77.20,66.27
77.24,65.92
77.28,68.71
77.32,66.35
77.36,66.03
77.40,65.93
77.44,66.49
77.48,64.09
77.52,66.80
77.56,65.21
77.60,65.09
77.64,64.09
77.68,63.24
77.72,63.92
77.76,65.21
77.80,65.80
77.84,64.75
77.88,63.85
77.92,63.05
77.96,64.42
78.00,63.79
78.04,64.30
78.08,63.97
78.12,64.18
78.16,63.79
78.20,62.21
78.24,63.08
78.28,63.37
78.32,62.52
78.36,62.69
78.40,63.35
78.44,62.52
78.48,62.47
78.52,61.27
78.56,61.92
78.60,61.88
78.64,62.10
78.68,61.70
78.72,62.05
78.76,61.50
78.80,62.28
78.84,61.30
78.88,61.92
78.92,62.29
78.96,60.64
79.00,59.07
79.04,62.97
79.08,60.80
79.12,62.44
79.16,61.35
79.20,61.07
79.24,62.25
79.28,62.03
79.32,61.66
79.36,60.45
79.40,62.28
79.44,63.52
79.48,63.62
79.52,62.22
79.56,61.80
79.60,62.78
79.64,63.47
79.68,63.60
79.72,64.24
79.76,64.15
79.80,64.87
79.84,64.56
79.88,66.44
79.92,66.03
79.96,63.64
80.00,64.34
80.04,65.37
80.08,65.27
80.12,65.71
80.16,65.82
80.20,66.61
80.24,65.53
80.28,67.88
80.32,66.23
80.36,66.65
80.40,67.12
80.44,68.02
80.48,66.25
80.52,67.91
80.56,67.88
80.60,66.87
80.64,67.36
80.68,67.26
80.72,69.08
80.76,66.30
80.80,67.75
80.84,69.13
80.88,68.38
80.92,68.10
80.96,67.91
81.00,66.69
81.04,68.94
81.08,67.49
81.12,68.09
81.16,67.46
81.20,69.84
81.24,67.95
81.28,67.26
81.32,69.03
81.36,67.56
81.40,67.66
81.44,66.95
81.48,69.53
81.52,66.46
81.56,67.50
81.60,68.97
81.64,67.89
81.68,65.26
81.72,67.89
81.76,66.15
81.80,67.21
81.84,67.58
81.88,65.74
81.92,65.63
81.96,66.48
82.00,66.38
82.04,65.30
82.08,64.81
82.12,65.79
82.16,64.46
82.20,64.38
82.24,64.24
82.28,63.49
82.32,65.46
82.36,65.48
82.40,65.31
82.44,64.01
82.48,64.01
82.52,63.22
82.56,63.11
82.60,64.34
82.64,62.68
82.68,65.15
82.72,62.68
82.76,62.45
82.80,64.01
82.84,61.51
82.88,62.88
82.92,62.42
82.96,63.29
83.00,61.73
83.04,63.24
83.08,62.68
83.12,61.08
83.16,64.72
83.20,63.59
83.24,63.74
83.28,62.52
83.32,62.65
83.36,63.55
83.40,63.68
83.44,65.90
83.48,62.23
83.52,64.28
83.56,64.26
83.60,65.62
83.64,64.00
83.68,64.48
83.72,65.33
83.76,65.21
83.80,66.08
83.84,64.97
83.88,66.03
83.92,65.84
83.96,64.69
84.00,65.95
84.04,67.10
84.08,65.36
84.12,65.93
84.16,67.72
84.20,67.65
84.24,68.33
84.28,68.80
84.32,65.64
84.36,67.07
84.40,69.49
84.44,69.49
84.48,69.60
84.52,69.52
84.56,67.94
84.60,68.57
84.64,69.05
84.68,70.13
84.72,68.63
84.76,70.01
84.80,69.02
84.84,70.32
84.88,68.06
84.92,69.48
84.96,69.27
85.00,69.39
85.04,69.91
85.08,70.52
85.12,69.36
85.16,70.38
85.20,69.99
85.24,70.06
85.28,69.14
85.32,69.65
85.36,69.27
85.40,69.27
85.44,68.44
85.48,68.78
85.52,69.84
85.56,66.45
85.60,67.70
85.64,68.17
85.68,68.35
85.72,68.26
85.76,66.80
85.80,67.89
85.84,67.69
85.88,68.30
85.92,67.61
85.96,69.55
86.00,67.63
86.04,65.53
86.08,66.54
86.12,66.36
86.16,66.77
86.20,65.00
86.24,66.59
86.28,66.70
86.32,65.84
86.36,65.62
86.40,66.54
86.44,63.16
86.48,64.86
86.52,65.75
86.56,64.83
86.60,65.20
86.64,63.37
86.68,63.14
86.72,64.10
86.76,65.41
86.80,63.94
86.84,62.96
86.88,62.77
86.92,64.06
86.96,64.29
87.00,64.53
87.04,64.22
87.08,63.05
87.12,63.05
87.16,63.23
87.20,63.34
87.24,64.62
87.28,65.69
87.32,66.29
87.36,64.75
87.40,64.20
87.44,65.54
87.48,65.44
87.52,65.54
87.56,66.67
87.60,66.21
87.64,64.75
87.68,66.00
87.72,66.10
87.76,66.57
87.80,67.70
87.84,66.39
87.88,67.31
87.92,66.33
87.96,67.54
88.00,67.34
88.04,68.78
88.08,69.39
88.12,66.96
88.16,67.91
88.20,66.42
88.24,68.94
88.28,69.89
88.32,68.98
88.36,69.65
88.40,68.04
88.44,68.02
88.48,70.11
88.52,69.55
88.56,70.87
88.60,71.19
88.64,71.04
88.68,70.12
88.72,71.01
88.76,70.91
88.80,72.15
88.84,70.23
88.88,71.53
88.92,69.28
88.96,70.74
89.00,69.67
89.04,69.41
89.08,71.17
89.12,71.44
89.16,70.27
89.20,70.45
89.24,70.90
89.28,71.58
89.32,71.55
89.36,70.71
89.40,70.64
89.44,70.97
89.48,68.46
89.52,71.16
89.56,70.24
89.60,68.00
89.64,70.63
89.68,69.74
89.72,68.88
89.76,68.51
89.80,67.95
89.84,67.93
89.88,68.51
89.92,69.91
89.96,67.65
90.00,67.39
90.04,68.37
90.08,67.07
90.12,65.62
90.16,68.14
90.20,69.41
90.24,67.86
90.28,66.21
90.32,66.24
90.36,67.78
90.40,67.95
90.44,65.92
90.48,66.69
90.52,66.52
90.56,66.79
90.60,65.47
90.64,66.65
90.68,65.00
90.72,64.81
90.76,67.13
90.80,65.67
90.84,65.14
90.88,64.39
90.92,64.91
90.96,65.90
91.00,65.99
91.04,65.46
91.08,64.33
91.12,65.59
91.16,65.82
91.20,65.49
91.24,64.74
91.28,65.65
91.32,65.45
91.36,66.85
91.40,65.94
91.44,66.03
91.48,66.67
91.52,65.34
91.56,66.75
91.60,67.46
91.64,65.53
91.68,67.06
91.72,68.92
91.76,67.36
91.80,68.35
91.84,69.34
91.88,68.56
91.92,68.38
91.96,69.32
92.00,67.95
92.04,67.37
92.08,69.61
92.12,68.89
92.16,67.95
92.20,68.62
92.24,69.52
92.28,68.97
92.32,68.87
92.36,70.78
92.40,71.58
92.44,70.81
92.48,71.09
92.52,70.69
92.56,70.54
92.60,71.06
92.64,70.86
92.68,70.54
92.72,71.10
92.76,71.31
92.80,73.40
92.84,72.37
92.88,70.69
92.92,71.66
92.96,70.58
93.00,72.60
93.04,71.47
93.08,71.35
93.12,71.32
93.16,70.86
93.20,68.58
93.24,68.34
93.28,68.42
93.32,69.02
93.36,66.48
93.40,65.79
93.44,65.35
93.48,65.69
93.52,64.90
93.56,63.76
93.60,63.78
93.64,62.60
93.68,63.71
93.72,63.51
93.76,62.51
93.80,63.37
93.84,63.46
93.88,61.98
93.92,61.73
93.96,62.86
94.00,63.20
94.04,62.36
94.08,63.57
94.12,62.47
94.16,65.70
94.20,67.19
94.24,69.39
94.28,70.56
94.32,73.93
94.36,75.82
94.40,75.69
94.44,78.05
94.48,79.48
94.52,81.17
94.56,79.56
94.60,81.61
94.64,84.21
94.68,86.18
94.72,86.41
94.76,84.79
94.80,86.41
94.84,88.29
94.88,89.52
94.92,89.23
94.96,89.08
95.00,90.33
95.04,89.32
95.08,90.09
95.12,91.12
95.16,92.39
95.20,91.59
95.24,93.46
95.28,93.39
95.32,93.46
95.36,93.02
95.40,93.71
95.44,93.75
95.48,94.07
95.52,95.32
95.56,94.73
95.60,95.48
95.64,94.96
95.68,96.15
95.72,93.70
95.76,95.52
95.80,96.50
95.84,96.35
95.88,97.11
95.92,97.17
95.96,95.91
96.00,95.85
96.04,97.54
96.08,96.04
96.12,99.37
96.16,96.36
96.20,97.92
96.24,98.59
96.28,99.08
96.32,97.21
96.36,96.97
96.40,99.05
96.44,97.35
96.48,99.43
96.52,100.04
96.56,98.04
96.60,98.44
96.64,98.39
96.68,99.14
96.72,98.50
96.76,98.01
96.80,98.94
96.84,97.43
96.88,99.93
96.92,97.94
96.96,98.31
97.00,97.89
97.04,97.21
97.08,98.66
97.12,96.11
97.16,97.11
97.20,96.90
97.24,96.68
97.28,97.45
97.32,94.08
97.36,95.82
97.40,93.84
97.44,94.19
97.48,94.23
97.52,95.54
97.56,92.41
97.60,94.84
97.64,92.36
97.68,93.41
97.72,91.81
97.76,92.84
97.80,91.35
97.84,91.27
97.88,92.51
97.92,90.91
97.96,89.08
98.00,90.01
98.04,89.24
98.08,88.98
98.12,88.23
98.16,89.29
98.20,87.67
98.24,86.34
98.28,88.46
98.32,88.83
98.36,84.86
98.40,87.91
98.44,85.57
98.48,87.07
98.52,85.60
98.56,85.26
98.60,84.46
98.64,84.68
98.68,84.26
98.72,82.97
98.76,83.99
98.80,82.90
98.84,84.27
98.88,83.14
98.92,82.40
98.96,83.48
99.00,82.16
99.04,84.03
99.08,80.98
99.12,80.81
99.16,82.73
99.20,83.05
99.24,82.07
99.28,83.01
99.32,82.13
99.36,82.17
99.40,82.71
99.44,81.75
99.48,82.96
99.52,83.10
99.56,83.36
99.60,79.54
99.64,81.65
99.68,82.63
99.72,82.04
99.76,82.84
99.80,83.29
99.84,82.66
99.88,81.81
99.92,80.79
99.96,83.49
100.00,82.16
100.04,82.56
100.08,81.07
100.12,82.34
100.16,83.66
100.20,82.66
100.24,81.60
100.28,82.37
100.32,80.63
100.36,82.70
100.40,82.65
100.44,83.63
100.48,83.22
100.52,82.36
100.56,83.11
100.60,83.79
100.64,81.97
100.68,81.29
100.72,82.19
100.76,82.45
100.80,81.96
100.84,83.18
100.88,81.70
100.92,82.19
100.96,83.29
101.00,82.17
101.04,81.73
101.08,82.72
101.12,80.63
101.16,82.32
101.20,81.80
101.24,80.79
101.28,82.33
101.32,81.19
101.36,81.02
101.40,81.83
101.44,81.30
101.48,79.54
101.52,79.85
101.56,79.25
101.60,79.81
101.64,79.92
101.68,78.56
101.72,78.94
101.76,77.09
101.80,77.31
101.84,79.08
101.88,77.11
101.92,78.10
101.96,77.38
102.00,76.39
102.04,74.96
102.08,76.66
102.12,75.96
102.16,75.04
102.20,74.84
102.24,74.29
102.28,74.79
102.32,73.46
102.36,73.31
102.40,74.26
102.44,73.37
102.48,75.10
102.52,73.34
102.56,73.12
102.60,74.11
102.64,72.03
102.68,72.51
102.72,71.18
102.76,71.69
102.80,71.58
102.84,71.37
102.88,71.04
102.92,70.68
102.96,70.15
103.00,71.45
103.04,72.62
103.08,70.72
103.12,71.07
103.16,72.35
103.20,71.38
103.24,70.73
103.28,70.69
103.32,71.91
103.36,71.14
103.40,70.67
103.44,71.29
103.48,71.30
103.52,70.75
103.56,69.93
103.60,71.73
103.64,69.80
103.68,70.79
103.72,72.19
103.76,71.53
103.80,72.84
103.84,72.36
103.88,71.34
103.92,73.55
103.96,72.50
104.00,72.63
104.04,74.20
104.08,74.57
104.12,72.18
104.16,72.73
104.20,73.89
104.24,73.59
104.28,72.63
104.32,72.08
104.36,73.83
104.40,72.86
104.44,69.91
104.48,72.65
104.52,73.69
104.56,75.21
104.60,73.70
104.64,74.07
104.68,73.11
104.72,74.83
104.76,73.74
104.80,75.89
104.84,73.64
104.88,73.80
104.92,72.93
104.96,73.70
105.00,73.02
105.04,74.02
105.08,73.09
105.12,72.33
105.16,73.09
105.20,74.39
105.24,73.94
105.28,73.00
105.32,73.05
105.36,72.82
105.40,72.47
105.44,71.34
105.48,72.55
105.52,72.50
105.56,71.36
105.60,71.70
105.64,70.09
105.68,70.28
105.72,70.66
105.76,70.62
105.80,72.51
105.84,69.98
105.88,69.83
105.92,70.13
105.96,68.05
106.00,67.38
106.04,68.83
106.08,70.88
106.12,68.81
106.16,68.49
106.20,69.40
106.24,67.78
106.28,68.00
106.32,67.60
106.36,67.66
106.40,65.78
106.44,67.11
106.48,66.62
106.52,67.51
106.56,66.55
106.60,66.43
106.64,64.94
106.68,65.15
106.72,66.26
106.76,66.52
106.80,65.43
106.84,65.93
106.88,65.10
106.92,64.13
106.96,64.68
107.00,66.24
107.04,65.78
107.08,66.54
107.12,65.70
107.16,66.63
107.20,64.60
107.24,66.55
107.28,65.22
107.32,65.52
107.36,65.80
107.40,65.51
107.44,65.84
107.48,65.66
107.52,64.85
107.56,66.85
107.60,66.51
107.64,65.37
107.68,66.19
107.72,65.32
107.76,66.49
107.80,67.05
107.84,66.08
107.88,67.41
107.92,69.41
107.96,68.80
108.00,67.14
108.04,67.69
108.08,68.54
108.12,67.52
108.16,69.80
108.20,67.39
108.24,68.63
108.28,68.94
108.32,69.48
108.36,67.71
108.40,69.65
108.44,68.01
108.48,69.49
108.52,69.59
108.56,70.37
108.60,69.04
108.64,69.77
108.68,68.73
108.72,69.23
108.76,68.96
108.80,69.66
108.84,69.70
108.88,70.82
108.92,70.59
108.96,69.19
109.00,70.26
109.04,69.74
109.08,69.15
109.12,70.37
109.16,68.85
109.20,70.03
109.24,70.77
109.28,69.91
109.32,69.08
109.36,67.71
109.40,70.19
109.44,69.05
109.48,69.01
109.52,68.54
109.56,68.81
109.60,68.28
109.64,67.44
109.68,66.62
109.72,68.37
109.76,67.90
109.80,68.01
109.84,67.09
109.88,67.44
109.92,65.35
109.96,65.81
110.00,65.52
110.04,66.11
110.08,65.36
110.12,67.50
110.16,65.04
110.20,63.42
110.24,65.46
110.28,63.87
110.32,64.21
110.36,63.95
110.40,65.64
110.44,63.92
110.48,63.98
110.52,62.46
110.56,64.31
110.60,63.78
110.64,63.42
110.68,63.62
110.72,61.73
110.76,62.56
110.80,64.37
110.84,62.28
110.88,62.36
110.92,62.93
110.96,62.59
111.00,62.12
111.04,64.09
111.08,61.42
111.12,63.17
111.16,63.08
111.20,64.66
111.24,62.95
111.28,62.93
111.32,63.97
111.36,62.51
111.40,64.07
111.44,62.20
111.48,64.40
111.52,62.92
111.56,63.07
111.60,61.97
111.64,62.81
111.68,65.93
111.72,63.85
111.76,65.56
111.80,64.73
111.84,65.28
111.88,63.08
111.92,66.33
111.96,63.33
112.00,64.41
112.04,66.23
112.08,66.08
112.12,65.56
112.16,64.98
112.20,66.08
112.24,66.25
112.28,64.99
112.32,68.78
112.36,66.68
112.40,66.25
112.44,66.90
112.48,66.55
112.52,66.79
112.56,67.89
112.60,68.98
112.64,66.99
112.68,66.30
112.72,69.12
112.76,67.76
112.80,69.17
112.84,67.87
112.88,69.77
112.92,67.88
112.96,68.41
113.00,68.35
113.04,69.33
113.08,67.69
113.12,67.76
113.16,68.26
113.20,69.07
113.24,69.01
113.28,68.99
113.32,67.02
113.36,69.38
113.40,66.80
113.44,67.99
113.48,67.24
113.52,68.12
113.56,66.94
113.60,68.28
113.64,67.89
113.68,66.42
113.72,66.99
113.76,67.73
113.80,65.52
113.84,66.15
113.88,65.09
113.92,67.49
113.96,64.83
114.00,64.88
114.04,66.26
114.08,64.21
114.12,64.24
114.16,64.66
114.20,64.62
114.24,66.34
114.28,63.54
114.32,65.26
114.36,63.07
114.40,62.78
114.44,63.94
114.48,64.11
114.52,63.18
114.56,63.56
114.60,64.46
114.64,61.36
114.68,62.63
114.72,62.53
114.76,61.19
114.80,62.22
114.84,62.75
114.88,62.61
114.92,62.28
114.96,62.37
115.00,61.92
115.04,62.76
115.08,61.91
115.12,62.59
115.16,63.45
115.20,63.10
115.24,62.46
115.28,61.65
115.32,64.88
115.36,63.29
115.40,62.34
115.44,63.96
115.48,62.16
115.52,63.90
115.56,63.43
115.60,62.57
115.64,64.35
115.68,62.98
115.72,64.19
115.76,64.91
115.80,65.22
115.84,63.47
115.88,64.82
115.92,65.61
115.96,67.13
116.00,64.34
116.04,65.74
116.08,66.55
116.12,65.56
116.16,66.72
116.20,66.62
116.24,67.09
116.28,66.70
116.32,67.77
116.36,67.18
116.40,66.58
116.44,67.57
116.48,69.50
116.52,69.18
116.56,67.33
116.60,67.56
116.64,68.68
116.68,69.85
116.72,68.58
116.76,68.19
116.80,68.61
116.84,68.04
116.88,69.85
116.92,69.45
116.96,68.57
117.00,67.57
117.04,68.69
117.08,70.95
117.12,69.10
117.16,71.45
117.20,67.93
117.24,68.31
117.28,70.29
117.32,68.53
117.36,68.85
117.40,69.15
117.44,67.90
117.48,68.89
117.52,69.14
117.56,66.16
117.60,68.96
117.64,67.23
117.68,67.09
117.72,68.74
117.76,68.08
117.80,66.84
117.84,66.56
117.88,67.83
117.92,67.13
117.96,67.04
118.00,66.53
118.04,65.31
118.08,66.68
118.12,65.69
118.16,66.79
118.20,65.50
118.24,67.43
118.28,65.80
118.32,65.65
118.36,65.22
118.40,64.72
118.44,66.14
118.48,63.68
118.52,63.48
118.56,64.75
118.60,64.29
118.64,65.37
118.68,64.42
118.72,64.40
118.76,64.86
118.80,65.80
118.84,64.40
118.88,65.25
118.92,63.94
118.96,63.20
119.00,62.47
119.04,65.45
119.08,65.78
119.12,63.28
119.16,63.57
119.20,64.20
119.24,64.45
119.28,63.41
119.32,64.24
119.36,63.16
119.40,64.72
119.44,67.21
119.48,65.65
119.52,64.89
119.56,65.55
119.60,64.12
119.64,65.47
119.68,66.53
119.72,66.43
119.76,64.99
119.80,66.97
119.84,64.05
119.88,66.16
119.92,67.31
119.96,66.44
120.00,66.58
120.04,69.07
120.08,67.77
120.12,69.08
120.16,68.74
120.20,68.30
120.24,68.74
120.28,69.93
120.32,70.11
120.36,67.77
120.40,68.76
120.44,69.87
120.48,69.43
120.52,70.51
120.56,70.03
120.60,71.13
120.64,70.05
120.68,70.75
120.72,69.21
120.76,71.86
120.80,70.27
120.84,71.46
120.88,70.51
120.92,71.69
120.96,72.35
121.00,69.00
121.04,71.47
121.08,71.15
121.12,71.68
121.16,70.12
121.20,69.79
121.24,72.32
121.28,70.32
121.32,70.46
121.36,69.57
121.40,69.90
121.44,70.86
121.48,70.47
121.52,69.89
121.56,70.37
121.60,70.07
121.64,69.04
121.68,69.85
121.72,69.22
121.76,69.51
121.80,69.32
121.84,69.97
121.88,69.15
121.92,68.63
121.96,69.16
122.00,68.03
122.04,68.72
122.08,68.57
122.12,68.32
122.16,68.01
122.20,67.37
122.24,69.05
122.28,67.19
122.32,67.23
122.36,66.77
122.40,68.74
122.44,66.26
122.48,68.96
122.52,66.46
122.56,67.57
122.60,67.10
122.64,64.98
122.68,63.95
122.72,63.78
122.76,62.66
122.80,62.72
122.84,61.71
122.88,61.51
122.92,61.32
122.96,62.40
123.00,60.07
123.04,60.84
123.08,61.40
123.12,60.96
123.16,61.52
123.20,60.39
123.24,59.95
123.28,62.07
123.32,61.39
123.36,61.15
123.40,59.09
123.44,61.49
123.48,60.35
123.52,61.59
123.56,62.02
123.60,64.44
123.64,63.19
123.68,65.63
123.72,68.37
123.76,71.02
123.80,73.82
123.84,74.10
123.88,76.45
123.92,79.21
123.96,79.12
124.00,81.74
124.04,82.79
124.08,84.68
124.12,86.16
124.16,87.41
124.20,87.66
124.24,88.15
124.28,90.86
124.32,93.28
124.36,92.18
124.40,93.21
124.44,94.01
124.48,94.32
124.52,95.15
124.56,95.43
124.60,96.77
124.64,96.25
124.68,97.04
124.72,98.74
124.76,98.16
124.80,97.58
124.84,97.01
124.88,97.57
124.92,97.88
124.96,97.75
125.00,99.20
125.04,99.20
125.08,100.54
125.12,99.29
125.16,98.84
125.20,101.55
125.24,100.26
125.28,99.24
125.32,99.06
125.36,98.59
125.40,100.30
125.44,99.87
125.48,101.13
125.52,101.01
125.56,99.22
125.60,98.03
125.64,98.36
125.68,98.93
125.72,97.42
125.76,99.11
125.80,97.68
125.84,97.61
125.88,97.61
125.92,97.82
125.96,97.03
126.00,96.90
126.04,97.99
126.08,92.80
126.12,97.01
126.16,96.29
126.20,95.59
126.24,94.32
126.28,93.81
126.32,94.79
126.36,94.46
126.40,93.55
126.44,95.11
126.48,92.59
126.52,94.39
126.56,92.30
126.60,90.96
126.64,91.66
126.68,92.76
126.72,91.00
126.76,92.03
126.80,90.31
126.84,90.76
126.88,91.05
126.92,91.56
126.96,91.94
127.00,89.96
127.04,89.22
127.08,88.43
127.12,90.66
127.16,90.14
127.20,88.85
127.24,88.24
127.28,89.46
127.32,89.38
127.36,89.33
127.40,90.74
127.44,90.44
127.48,90.04
127.52,88.43
127.56,88.45
127.60,89.97
127.64,90.59
127.68,89.65
127.72,90.62
127.76,89.45
127.80,88.88
127.84,89.09
127.88,88.99
127.92,89.13
127.96,91.08
128.00,89.67
128.04,90.89
128.08,89.07
128.12,88.46
128.16,89.84
128.20,90.61
128.24,91.87
128.28,91.08
128.32,91.08
128.36,90.73
128.40,90.33
128.44,90.25
128.48,90.07
128.52,90.97
128.56,91.34
128.60,91.39
128.64,91.97
128.68,90.99
128.72,89.54
128.76,92.47
128.80,92.48
128.84,90.68
128.88,91.54
128.92,89.77
128.96,91.05
129.00,90.54
129.04,89.89
129.08,90.54
129.12,91.17
129.16,89.01
129.20,88.88
129.24,89.58
129.28,90.47
129.32,88.47
129.36,88.03
129.40,87.23
129.44,88.00
129.48,88.63
129.52,90.00
129.56,85.44
129.60,86.93
129.64,85.92
129.68,86.16
129.72,88.06
129.76,86.42
129.80,87.14
129.84,85.45
129.88,86.70
129.92,86.64
129.96,84.79
130.00,83.78
130.04,82.56
130.08,83.99
130.12,83.76
130.16,84.37
130.20,83.59
130.24,82.73
130.28,82.52
130.32,82.12
130.36,81.52
130.40,80.59
130.44,81.08
130.48,81.61
130.52,83.22
130.56,81.16
130.60,80.18
130.64,80.68
130.68,79.71
130.72,79.63
130.76,79.41
130.80,79.66
130.84,77.96
130.88,77.86
130.92,80.99
130.96,77.74
131.00,78.96
131.04,79.53
131.08,78.83
131.12,79.78
131.16,78.34
131.20,78.65
131.24,79.62
131.28,78.37
131.32,78.94
131.36,79.35
131.40,80.63
131.44,78.67
131.48,79.40
131.52,80.08
131.56,78.21
131.60,80.27
131.64,78.94
131.68,80.84
131.72,80.05
131.76,77.39
131.80,79.68
131.84,79.35
131.88,80.61
131.92,80.78
131.96,80.45
132.00,79.54
132.04,79.69
132.08,78.66
132.12,80.32
132.16,80.42
132.20,80.69
132.24,82.57
132.28,80.75
132.32,79.20
132.36,82.30
132.40,81.19
132.44,80.17
132.48,82.27
132.52,79.35
132.56,81.51
132.60,82.23
132.64,81.50
132.68,81.74
132.72,81.18
132.76,80.45
132.80,81.98
132.84,81.41
132.88,81.54
132.92,80.22
132.96,82.71
133.00,81.33
133.04,80.19
133.08,82.15
133.12,82.56
133.16,81.66
133.20,81.77
133.24,81.61
133.28,81.38
133.32,81.02
133.36,81.38
133.40,81.09
133.44,79.61
133.48,79.81
133.52,79.90
133.56,81.02
133.60,78.50
133.64,77.87
133.68,79.53
133.72,80.16
133.76,78.07
133.80,78.00
133.84,77.18
133.88,76.29
133.92,75.78
133.96,76.97
134.00,76.02
134.04,76.02
134.08,78.88
134.12,76.85
134.16,74.82
134.20,76.60
134.24,73.99
134.28,75.00
134.32,74.97
134.36,75.94
134.40,74.24
134.44,73.47
134.48,74.82
134.52,75.92
134.56,72.96
134.60,73.44
134.64,73.69
134.68,74.81
134.72,71.68
134.76,72.38
134.80,73.00
134.84,72.31
134.88,73.70
134.92,72.56
134.96,71.47
135.00,72.11
135.04,72.62
135.08,73.81
135.12,73.56
135.16,74.31
135.20,70.82
135.24,72.38
135.28,73.01
135.32,74.05
135.36,73.95
135.40,72.99
135.44,74.47
135.48,73.45
135.52,72.35
135.56,74.10
135.60,73.67
135.64,74.17
135.68,73.19
135.72,74.36
135.76,73.18
135.80,75.01
135.84,72.73
135.88,73.99
135.92,73.67
135.96,72.78
136.00,73.77
136.04,74.94
136.08,75.86
136.12,73.54
136.16,75.68
136.20,76.56
136.24,76.95
136.28,75.63
136.32,74.46
136.36,77.30
136.40,75.26
136.44,74.86
136.48,77.27
136.52,75.11
136.56,75.48
136.60,78.33
136.64,76.33
136.68,75.81
136.72,75.60
136.76,76.67
136.80,77.50
136.84,76.63
136.88,78.11
136.92,77.19
136.96,77.50
137.00,75.94
137.04,76.81
137.08,76.91
137.12,76.90
137.16,77.79
137.20,77.20
137.24,76.65
137.28,77.21
137.32,75.43
137.36,76.31
137.40,77.49
137.44,73.53
137.48,75.29
137.52,76.76
137.56,75.60
137.60,71.89
137.64,75.42
137.68,74.71
137.72,74.92
137.76,74.84
137.80,74.81
137.84,73.01
137.88,74.48
137.92,72.59
137.96,72.28
138.00,72.91
138.04,72.37
138.08,72.22
138.12,71.53
138.16,70.65
138.20,71.16
138.24,71.12
138.28,68.58
138.32,71.88
138.36,69.36
138.40,69.97
138.44,71.08
138.48,69.79
138.52,69.58
138.56,68.58
138.60,69.53
138.64,68.98
138.68,68.85
138.72,68.88
138.76,69.26
138.80,68.43
138.84,69.77
138.88,68.02
138.92,68.47
138.96,69.52
139.00,67.73
139.04,69.64
139.08,67.98
139.12,68.64
139.16,69.93
139.20,68.22
139.24,69.50
139.28,68.29
139.32,68.70
139.36,68.97
139.40,70.85
139.44,69.45
139.48,69.60
139.52,69.49
139.56,68.26
139.60,68.73
139.64,70.32
139.68,68.80
139.72,69.15
139.76,70.00
139.80,70.21
139.84,71.06
139.88,71.71
139.92,70.35
139.96,70.40
140.00,71.71
140.04,71.43
140.08,70.05
140.12,70.78
140.16,71.32
140.20,70.81
140.24,71.76
140.28,70.38
140.32,71.97
140.36,73.04
140.40,72.07
140.44,72.30
140.48,73.04
140.52,71.84
140.56,72.24
140.60,73.63
140.64,73.41
140.68,72.64
140.72,73.46
140.76,72.69
140.80,74.42
140.84,74.26
140.88,72.90
140.92,73.30
140.96,72.86
141.00,73.62
141.04,74.26
141.08,72.47
141.12,73.19
141.16,71.67
141.20,73.21
141.24,74.29
141.28,71.54
141.32,73.12
141.36,70.89
141.40,72.69
141.44,71.30
141.48,72.88
141.52,73.81
141.56,71.50
141.60,72.70
141.64,70.76
141.68,70.34
141.72,69.98
141.76,71.68
141.80,69.80
141.84,70.68
141.88,70.66
141.92,68.89
141.96,69.29
142.00,68.70
142.04,68.54
142.08,70.58
142.12,68.99
142.16,68.19
142.20,69.86
142.24,68.82
142.28,68.56
142.32,67.97
142.36,67.71
142.40,67.03
142.44,66.93
142.48,67.24
142.52,66.42
142.56,66.94
142.60,66.68
142.64,67.01
142.68,64.68
142.72,66.73
142.76,66.42
142.80,66.00
142.84,66.62
142.88,66.61
142.92,66.21
142.96,66.59
143.00,65.33
143.04,64.63
143.08,65.66
143.12,65.67
143.16,66.89
143.20,67.11
143.24,66.13
143.28,66.11
143.32,67.73
143.36,66.54
143.40,69.18
143.44,66.30
143.48,66.32
143.52,67.27
143.56,65.55
143.60,68.43
143.64,69.06
143.68,66.67
143.72,67.57
143.76,67.66
143.80,69.02
143.84,67.55
143.88,67.43
143.92,67.54
143.96,68.28
144.00,68.10
144.04,69.03
144.08,69.14
144.12,68.10
144.16,68.79
144.20,68.59
144.24,69.55
144.28,69.91
144.32,70.29
144.36,69.66
144.40,69.86
144.44,69.46
144.48,69.74
144.52,69.38
144.56,70.29
144.60,69.59
144.64,72.37
144.68,71.73
144.72,70.52
144.76,72.01
144.80,70.64
144.84,69.46
144.88,71.71
144.92,71.34
144.96,70.79
145.00,69.84
145.04,69.16
145.08,69.94
145.12,71.67
145.16,71.04
145.20,71.29
145.24,70.98
145.28,71.04
145.32,68.75
145.36,72.31
145.40,70.01
145.44,71.23
145.48,68.98
145.52,70.01
145.56,70.08
145.60,68.26
145.64,68.72
145.68,67.66
145.72,68.75
145.76,68.94
145.80,67.91
145.84,70.31
145.88,67.00
145.92,66.72
145.96,68.79
146.00,67.84
146.04,66.47
146.08,67.12
146.12,66.38
146.16,67.49
146.20,66.05
146.24,68.09
146.28,66.67
146.32,65.70
146.36,66.11
146.40,65.80
146.44,65.50
146.48,66.57
146.52,64.58
146.56,63.14
146.60,63.68
146.64,65.24
146.68,64.02
146.72,64.14
146.76,65.26
146.80,65.20
146.84,65.66
146.88,62.90
146.92,62.52
146.96,63.78
147.00,63.91
147.04,64.99
147.08,64.25
147.12,64.75
147.16,63.00
147.20,63.78
147.24,65.22
147.28,62.94
147.32,62.82
147.36,64.37
147.40,65.29
147.44,64.31
147.48,65.00
147.52,64.34
147.56,64.72
147.60,63.59
147.64,64.83
147.68,66.53
147.72,64.31
147.76,65.63
147.80,66.59
147.84,66.15
147.88,65.21
147.92,66.67
147.96,66.40
148.00,65.93
148.04,66.57
148.08,66.00
148.12,67.57
148.16,67.51
148.20,67.90
148.24,66.77
148.28,66.92
148.32,67.19
148.36,68.32
148.40,67.15
148.44,69.20
148.48,68.38
148.52,68.61
148.56,70.23
148.60,68.75
148.64,68.24
148.68,68.30
148.72,68.11
148.76,69.42
148.80,67.58
148.84,68.34
148.88,68.67
148.92,70.54
148.96,69.11
149.00,69.27
149.04,69.93
149.08,69.28
149.12,70.15
149.16,71.32
149.20,68.80
149.24,68.10
149.28,69.58
149.32,68.33
149.36,68.23
149.40,69.14
149.44,67.28
149.48,67.67
149.52,68.38
149.56,67.38
149.60,66.90
149.64,68.67
149.68,67.60
149.72,67.14
149.76,68.17
149.80,66.81
149.84,66.86
149.88,66.96
149.92,66.61
149.96,64.94
150.00,67.59
150.04,64.93
150.08,65.12
150.12,66.11
150.16,64.82
150.20,66.98
150.24,64.78
150.28,65.79
150.32,64.90
150.36,63.42
150.40,63.90
150.44,64.60
150.48,64.65
150.52,64.37
150.56,62.44
150.60,64.24
150.64,63.35
150.68,62.83
150.72,65.01
150.76,63.29
150.80,65.05
150.84,63.30
150.88,62.72
150.92,62.75
150.96,64.64
151.00,64.89
151.04,62.72
151.08,62.22
151.12,61.70
151.16,63.18
151.20,62.81
151.24,64.17
151.28,64.48
151.32,63.72
151.36,64.78
151.40,64.30
151.44,63.47
151.48,64.83
151.52,65.00
151.56,65.32
151.60,64.14
151.64,67.40
151.68,64.54
151.72,65.67
151.76,64.22
151.80,65.11
151.84,64.53
151.88,66.11
151.92,66.74
151.96,65.63
152.00,66.61
152.04,67.87
152.08,66.53
152.12,67.16
152.16,67.02
152.20,66.50
152.24,68.62
152.28,66.39
152.32,68.86
152.36,67.23
152.40,69.15
152.44,67.72
152.48,68.52
152.52,68.85
152.56,68.44
152.60,69.82
152.64,69.91
152.68,67.49
152.72,69.41
152.76,70.79
152.80,69.84
152.84,70.50
152.88,68.31
152.92,70.64
152.96,70.11
153.00,69.41
153.04,69.37
153.08,69.09
153.12,68.91
153.16,69.40
153.20,68.63
153.24,70.24
153.28,69.34
153.32,70.06
153.36,70.62
153.40,70.20
153.44,66.93
153.48,69.07
153.52,67.72
153.56,69.04
153.60,69.43
153.64,68.43
153.68,69.14
153.72,68.48
153.76,67.67
153.80,69.13
153.84,68.65
153.88,67.55
153.92,67.28
153.96,67.83
154.00,68.91
154.04,65.33
154.08,68.02
154.12,66.23
154.16,65.72
154.20,67.77
154.24,64.13
154.28,67.04
154.32,66.53
154.36,65.43
154.40,66.73
154.44,67.60
154.48,64.38
154.52,63.53
154.56,66.69
154.60,64.57
154.64,65.23
154.68,65.73
154.72,63.52
154.76,65.22
154.80,64.73
154.84,64.62
154.88,65.22
154.92,64.00
154.96,63.85
155.00,64.70
155.04,65.79
155.08,63.20
155.12,63.78
155.16,64.93
155.20,63.91
155.24,65.80
155.28,65.38
155.32,62.75
155.36,61.27
155.40,62.57
155.44,63.07
155.48,61.00
155.52,61.71
155.56,61.94
155.60,62.14
155.64,61.97
155.68,61.61
155.72,60.18
155.76,61.28
155.80,61.14
155.84,60.85
155.88,62.01
155.92,60.56
155.96,63.04
156.00,60.95
156.04,62.44
156.08,64.46
156.12,65.09
156.16,63.35
156.20,63.45
156.24,65.35
156.28,66.55
156.32,68.14
156.36,71.13
156.40,72.44
156.44,74.70
156.48,75.33
156.52,78.22
156.56,79.42
156.60,82.01
156.64,83.90
156.68,83.41
156.72,84.81
156.76,86.05
156.80,88.10
156.84,87.19
156.88,88.79
156.92,88.99
156.96,90.27
157.00,91.39
157.04,90.86
157.08,91.72
157.12,92.14
157.16,93.55
157.20,95.59
157.24,93.96
157.28,93.06
157.32,93.72
157.36,94.96
157.40,93.74
157.44,94.90
157.48,95.91
157.52,93.52
157.56,94.67
157.60,93.92
157.64,94.47
157.68,92.13
157.72,95.73
157.76,95.92
157.80,94.36
157.84,95.30
157.88,94.12
157.92,94.15
157.96,94.08
158.00,92.24
158.04,93.92
158.08,92.94
158.12,93.65
158.16,93.52
158.20,93.04
158.24,92.57
158.28,93.12
158.32,92.24
158.36,90.66
158.40,94.65
158.44,92.88
158.48,90.16
158.52,90.05
158.56,88.96
158.60,91.24
158.64,89.76
158.68,90.42
158.72,89.19
158.76,90.92
158.80,91.11
158.84,90.42
158.88,89.97
158.92,89.21
158.96,89.56
159.00,89.30
159.04,89.37
159.08,89.07
159.12,89.05
159.16,87.86
159.20,86.88
159.24,88.48
159.28,91.58
159.32,89.83
159.36,89.90
159.40,89.06
159.44,88.81
159.48,89.21
159.52,88.39
159.56,90.11
159.60,88.11
159.64,88.71
159.68,89.66
159.72,88.39
159.76,88.59
159.80,87.71
159.84,89.22
159.88,89.58
159.92,90.31
159.96,90.86
160.00,89.00
160.04,89.91
160.08,88.48
160.12,89.52
160.16,89.76
160.20,90.13
160.24,90.64
160.28,90.65
160.32,90.21
160.36,89.17
160.40,89.92
160.44,89.92
160.48,90.23
160.52,90.50
160.56,90.57
160.60,90.65
160.64,89.34
160.68,89.96
160.72,88.54
160.76,89.17
160.80,88.66
160.84,90.04
160.88,88.29
160.92,89.75
160.96,90.21
161.00,88.90
161.04,88.93
161.08,88.70
161.12,88.69
161.16,89.12
161.20,89.59
161.24,88.70
161.28,88.80
161.32,87.39
161.36,89.78
161.40,88.92
161.44,85.89
161.48,86.79
161.52,87.63
161.56,86.38
161.60,85.95
161.64,85.87
161.68,85.07
161.72,86.00
161.76,87.13
161.80,86.20
161.84,84.21
161.88,85.12
161.92,83.34
161.96,85.13
162.00,83.79
162.04,83.99
162.08,82.70
162.12,83.36
162.16,82.81
162.20,83.42
162.24,80.80
162.28,81.96
162.32,82.44
162.36,81.63
162.40,79.97
162.44,79.44
162.48,80.03
162.52,80.17
162.56,80.99
162.60,80.13
162.64,78.47
162.68,80.41
162.72,78.78
162.76,79.95
162.80,80.35
162.84,79.19
162.88,78.26
162.92,80.30
162.96,78.88
163.00,79.58
163.04,77.00
163.08,78.00
163.12,78.09
163.16,77.17
163.20,80.17
163.24,78.86
163.28,79.15
163.32,76.97
163.36,78.28
163.40,76.93
163.44,78.74
163.48,78.65
163.52,78.06
163.56,79.81
163.60,77.94
163.64,78.35
163.68,80.26
163.72,78.83
163.76,79.66
163.80,79.75
163.84,79.86
163.88,81.29
163.92,79.22
163.96,81.38
164.00,80.30
164.04,79.66
164.08,80.24
164.12,81.21
164.16,79.10
164.20,82.18
164.24,81.23
164.28,81.45
164.32,80.38
164.36,81.36
164.40,81.52
164.44,80.65
164.48,82.05
164.52,81.80
164.56,81.11
164.60,80.77
164.64,82.61
164.68,81.96
164.72,81.71
164.76,81.51
164.80,80.79
164.84,81.25
164.88,81.82
164.92,81.54
164.96,82.81
165.00,81.88
165.04,80.31
165.08,82.03
165.12,80.35
165.16,79.88
165.20,83.25
165.24,79.94
165.28,81.86
165.32,82.02
165.36,79.99
165.40,78.93
165.44,80.67
165.48,79.47
165.52,80.45
165.56,80.84
165.60,81.52
165.64,79.48
165.68,80.83
165.72,78.18
165.76,78.92
165.80,79.07
165.84,77.20
165.88,79.09
165.92,79.39
165.96,79.07
166.00,78.86
166.04,76.96
166.08,76.42
166.12,75.95
166.16,76.07
166.20,76.31
166.24,77.16
166.28,73.93
166.32,75.78
166.36,75.68
166.40,74.07
166.44,75.23
166.48,77.04
166.52,76.20
166.56,75.63
166.60,73.47
166.64,72.94
166.68,73.79
166.72,74.61
166.76,74.64
166.80,75.87
166.84,73.99
166.88,73.88
166.92,72.41
166.96,72.09
167.00,72.45
167.04,71.74
167.08,74.37
167.12,73.81
167.16,72.91
167.20,73.63
167.24,73.43
167.28,74.54
167.32,74.41
167.36,73.73
167.40,74.36
167.44,73.99
167.48,71.94
167.52,73.85
167.56,73.48
167.60,74.90
167.64,74.74
167.68,75.75
167.72,73.66
167.76,75.37
167.80,76.47
167.84,74.37
167.88,73.95
167.92,75.25
167.96,76.05
168.00,76.07
168.04,77.44
168.08,77.19
168.12,76.88
168.16,76.64
168.20,75.30
168.24,75.90
168.28,77.41
168.32,76.60
168.36,76.33
168.40,77.62
168.44,77.16
168.48,77.18
168.52,77.09
168.56,77.69
168.60,76.37
168.64,78.66
168.68,76.89
168.72,77.67
168.76,77.75
168.80,75.85
168.84,78.49
168.88,75.95
168.92,76.95
168.96,78.19
169.00,77.83
169.04,77.89
169.08,78.19
169.12,77.60
169.16,78.74
169.20,77.53
169.24,78.02
169.28,77.37
169.32,77.40
169.36,75.96
169.40,77.49
169.44,77.61
169.48,76.94
169.52,76.09
169.56,76.85
169.60,75.20
169.64,76.56
169.68,75.69
169.72,75.96
169.76,73.92
169.80,75.88
169.84,74.54
169.88,74.79
169.92,73.82
169.96,75.47
170.00,73.63
170.04,74.46
170.08,74.33
170.12,75.17
170.16,72.09
170.20,73.88
170.24,73.58
170.28,72.64
170.32,70.96
170.36,73.26
170.40,71.79
170.44,72.06
170.48,71.80
170.52,70.98
170.56,73.55
170.60,72.17
170.64,71.68
170.68,71.15
170.72,71.76
170.76,71.33
170.80,71.44
170.84,71.52
170.88,70.90
170.92,70.01
170.96,70.35
171.00,70.69
171.04,71.11
171.08,70.89
171.12,70.94
171.16,70.18
171.20,70.06
171.24,71.61
171.28,70.00
171.32,70.34
171.36,70.42
171.40,72.41
171.44,71.67
171.48,71.01
171.52,72.35
171.56,72.98
171.60,72.91
171.64,72.61
171.68,72.49
171.72,72.13
171.76,70.24
171.80,70.65
171.84,73.49
171.88,74.60
171.92,73.11
171.96,73.61
172.00,73.22
172.04,72.18
172.08,71.27
172.12,73.79
172.16,73.96
172.20,74.28
172.24,74.43
172.28,73.70
172.32,75.19
172.36,75.07
172.40,74.71
172.44,73.86
172.48,74.53
172.52,75.52
172.56,75.14
172.60,73.47
172.64,74.18
172.68,74.19
172.72,74.64
172.76,75.54
172.80,76.09
172.84,76.04
172.88,76.62
172.92,76.11
172.96,74.60
173.00,75.65
173.04,76.40
173.08,75.65
173.12,74.50
173.16,74.88
173.20,74.55
173.24,76.83
173.28,75.76
173.32,74.71
173.36,75.15
173.40,75.77
173.44,73.43
173.48,74.55
173.52,73.59
173.56,73.65
173.60,73.64
173.64,71.54
173.68,75.71
173.72,74.48
173.76,74.19
173.80,71.49
173.84,73.40
173.88,74.56
173.92,73.39
173.96,71.94
174.00,72.72
174.04,71.43
174.08,71.35
174.12,72.44
174.16,70.12
174.20,71.72
174.24,71.25
174.28,69.75
174.32,71.28
174.36,69.38
174.40,69.27
174.44,70.25
174.48,69.38
174.52,70.02
174.56,69.96
174.60,67.87
174.64,69.08
174.68,68.66
174.72,69.17
174.76,67.70
174.80,68.17
174.84,67.76
174.88,68.41
174.92,70.33
174.96,69.20
175.00,68.81
175.04,66.83
175.08,69.24
175.12,68.42
175.16,68.92
175.20,69.16
175.24,67.50
175.28,68.78
175.32,70.92
175.36,68.85
175.40,68.11
175.44,69.08
175.48,68.66
175.52,68.82
175.56,69.27
175.60,68.71
175.64,68.76
175.68,70.62
175.72,69.40
175.76,68.59
175.80,70.88
175.84,69.00
175.88,70.88
175.92,70.15
175.96,71.90
176.00,69.63
176.04,71.39
176.08,70.74
176.12,71.01
176.16,72.12
176.20,71.38
176.24,72.35
176.28,72.94
176.32,72.45
176.36,71.94
176.40,71.63
176.44,72.20
176.48,71.39
176.52,72.14
176.56,74.47
176.60,74.17
176.64,73.50
176.68,71.24
176.72,73.25
176.76,74.41
176.80,71.89
176.84,73.05
176.88,72.21
176.92,73.90
176.96,74.12
177.00,74.13
177.04,73.20
177.08,73.94
177.12,74.23
177.16,74.10
177.20,72.07
177.24,73.77
177.28,74.66
177.32,73.29
177.36,71.02
177.40,75.01
177.44,72.60
177.48,73.27
177.52,73.77
177.56,71.96
177.60,71.09
177.64,71.08
177.68,72.05
177.72,70.20
177.76,69.49
177.80,71.48
177.84,71.77
177.88,69.62
177.92,69.20
177.96,71.43
178.00,67.28
178.04,68.66
178.08,69.94
178.12,68.87
178.16,67.71
178.20,69.16
178.24,68.17
178.28,69.36
178.32,67.47
178.36,67.70
178.40,67.46
178.44,67.24
178.48,68.49
178.52,67.30
178.56,67.56
178.60,66.56
178.64,67.08
178.68,67.13
178.72,66.00
178.76,66.24
178.80,65.98
178.84,68.41
178.88,65.08
178.92,66.06
178.96,65.24
179.00,65.60
179.04,66.52
179.08,67.53
179.12,66.33
179.16,65.30
179.20,64.45
179.24,65.41
179.28,66.22
179.32,66.43
179.36,67.62
179.40,66.34
179.44,66.20
179.48,67.37
179.52,65.32
179.56,67.51
179.60,68.67
179.64,67.36
179.68,68.50
179.72,67.63
179.76,67.46
179.80,67.06
179.84,68.53
179.88,66.51
179.92,69.25
179.96,68.58
180.00,68.11
180.04,67.28
180.08,67.70
180.12,70.84
180.16,69.96
180.20,69.46
180.24,69.47
180.28,69.63
180.32,70.10
180.36,71.54
180.40,70.26
180.44,69.29
180.48,71.26
180.52,70.54
180.56,71.07
180.60,70.14
180.64,71.76
180.68,71.69
180.72,70.07
180.76,70.11
180.80,70.24
180.84,72.65
180.88,69.94
180.92,71.03
180.96,70.66
181.00,70.91
181.04,70.78
181.08,69.50
181.12,71.38
181.16,70.33
181.20,71.58
181.24,69.93
181.28,69.55
181.32,70.50
181.36,71.24
181.40,69.73
181.44,69.90
181.48,69.06
181.52,68.50
181.56,70.18
181.60,68.80
181.64,69.64
181.68,68.62
181.72,67.93
181.76,68.97
181.80,67.31
181.84,66.65
181.88,68.87
181.92,67.68
181.96,67.01
182.00,67.24
182.04,67.46
182.08,67.16
182.12,67.55
182.16,66.08
182.20,66.95
182.24,65.16
182.28,66.54
182.32,65.01
182.36,65.86
182.40,66.19
182.44,66.09
182.48,64.94
182.52,65.24
182.56,64.62
182.60,63.36
182.64,65.24
182.68,64.61
182.72,63.94
182.76,64.25
182.80,64.44
182.84,66.93
182.88,64.98
182.92,65.33
182.96,64.26
183.00,63.22
183.04,63.21
183.08,62.81
183.12,65.78
183.16,64.09
183.20,64.85
183.24,65.66
183.28,65.57
183.32,64.80
183.36,65.71
183.40,63.94
183.44,63.94
183.48,63.88
183.52,65.48
183.56,65.53
183.60,64.21
183.64,65.13
183.68,65.26
183.72,66.46
183.76,64.96
183.80,65.57
183.84,64.68
183.88,65.98
183.92,64.99
183.96,66.84
184.00,68.67
184.04,68.70
184.08,67.22
184.12,67.14
184.16,67.46
184.20,68.75
184.24,68.15
184.28,67.56
184.32,67.13
184.36,66.93
184.40,66.63
184.44,70.96
184.48,68.44
184.52,70.25
184.56,69.32
184.60,68.69
184.64,69.40
184.68,70.69
184.72,68.55
184.76,71.05
184.80,70.07
184.84,69.17
184.88,68.55
184.92,68.33
184.96,69.82
185.00,68.89
185.04,71.25
185.08,68.66
185.12,69.80
185.16,68.61
185.20,68.17
185.24,70.39
185.28,67.48
185.32,68.83
185.36,70.79
185.40,69.93
185.44,69.35
185.48,67.97
185.52,68.80
185.56,68.27
185.60,67.16
185.64,69.77
185.68,67.58
185.72,68.09
185.76,66.33
185.80,65.64
185.84,66.01
185.88,67.13
185.92,65.90
185.96,65.54
186.00,66.07
186.04,67.13
186.08,66.61
186.12,63.61
186.16,66.01
186.20,66.60
186.24,64.26
186.28,64.28
186.32,65.16
186.36,64.38
186.40,63.71
186.44,64.02
186.48,64.04
186.52,63.77
186.56,64.57
186.60,65.54
186.64,62.99
186.68,64.99
186.72,62.86
186.76,63.56
186.80,63.95
186.84,64.71
186.88,60.31
186.92,60.49
186.96,59.74
187.00,58.91
187.04,59.51
187.08,58.67
187.12,58.70
187.16,58.93
187.20,57.10
187.24,58.20
187.28,59.58
187.32,58.99
187.36,57.98
187.40,56.76
187.44,58.23
187.48,58.67
187.52,58.94
187.56,57.62
187.60,59.07
187.64,58.77
187.68,57.85
187.72,61.39
187.76,59.55
187.80,62.07
187.84,62.43
187.88,63.59
187.92,65.04
187.96,67.61
188.00,68.93
188.04,71.87
188.08,74.52
188.12,74.33
188.16,76.94
188.20,78.08
188.24,77.79
188.28,79.47
188.32,80.70
188.36,81.60
188.40,83.23
188.44,82.82
188.48,84.86
188.52,85.52
188.56,85.48
188.60,86.75
188.64,86.77
188.68,85.65
188.72,87.43
188.76,89.17
188.80,90.66
188.84,89.92
188.88,91.10
188.92,88.81
188.96,92.50
189.00,91.67
189.04,90.35
189.08,90.85
189.12,91.37
189.16,91.05
189.20,90.64
189.24,93.12
189.28,90.55
189.32,91.98
189.36,92.36
189.40,93.27
189.44,90.58
189.48,90.49
189.52,91.48
189.56,90.36
189.60,90.03
189.64,90.90
189.68,91.06
189.72,89.05
189.76,89.39
189.80,89.84
189.84,88.79
189.88,89.42
189.92,89.41
189.96,90.55
190.00,88.54
190.04,88.19
190.08,86.57
190.12,87.70
190.16,86.19
190.20,86.33
190.24,87.56
190.28,86.20
190.32,87.72
190.36,85.88
190.40,86.30
190.44,84.41
190.48,85.19
190.52,84.52
190.56,84.20
190.60,84.11
190.64,83.83
190.68,84.67
190.72,81.64
190.76,82.50
190.80,83.30
190.84,83.65
190.88,81.46
190.92,83.35
190.96,82.31
191.00,83.69
191.04,82.71
191.08,82.40
191.12,84.28
191.16,82.38
191.20,83.50
191.24,82.66
191.28,81.41
191.32,82.71
191.36,81.97
191.40,83.53
191.44,81.97
191.48,81.65
191.52,81.65
191.56,81.77
191.60,82.71
191.64,83.11
191.68,83.13
191.72,81.54
191.76,80.49
191.80,82.82
191.84,82.41
191.88,82.18
191.92,82.82
191.96,83.33
192.00,84.40
192.04,82.11
192.08,82.78
192.12,81.75
192.16,83.81
192.20,84.05
192.24,82.99
192.28,83.33
192.32,84.73
192.36,81.44
192.40,83.86
192.44,83.95
192.48,82.36
192.52,83.42
192.56,81.80
192.60,82.13
192.64,83.35
192.68,82.92
192.72,84.15
192.76,83.51
192.80,82.47
192.84,83.12
192.88,84.55
192.92,82.21
192.96,82.65
193.00,82.75
193.04,82.58
193.08,82.21
193.12,81.29
193.16,83.03
193.20,81.13
193.24,82.49
193.28,82.00
193.32,80.69
193.36,80.22
193.40,81.02
193.44,80.10
193.48,79.58
193.52,80.21
193.56,80.11
193.60,79.68
193.64,79.26
193.68,80.57
193.72,79.24
193.76,78.61
193.80,79.88
193.84,78.58
193.88,77.85
193.92,77.86
193.96,77.98
194.00,79.19
194.04,76.89
194.08,76.55
194.12,76.07
194.16,74.53
194.20,76.77
194.24,73.97
194.28,74.50
194.32,73.77
194.36,73.62
194.40,76.86
194.44,72.96
194.48,74.98
194.52,72.64
194.56,73.61
194.60,73.56
194.64,74.00
194.68,72.74
194.72,72.29
194.76,73.15
194.80,73.01
194.84,72.94
194.88,72.63
194.92,70.50
194.96,72.61
195.00,74.24
195.04,71.85
195.08,71.78
195.12,71.08
195.16,72.23
195.20,70.80
195.24,70.32
195.28,71.81
195.32,71.73
195.36,72.00
195.40,71.81
195.44,72.15
195.48,72.15
195.52,73.28
195.56,71.96
195.60,71.54
195.64,73.38
195.68,72.43
195.72,72.60
195.76,72.15
195.80,72.23
195.84,74.01
195.88,73.83
195.92,74.55
195.96,74.06
196.00,74.36
196.04,72.42
196.08,74.43
196.12,73.98
196.16,72.36
196.20,74.30
196.24,72.91
196.28,75.08
196.32,75.23
196.36,74.71
196.40,75.56
196.44,74.01
196.48,75.96
196.52,74.97
196.56,75.02
196.60,74.43
196.64,74.64
196.68,74.55
196.72,76.00
196.76,75.26
196.80,76.41
196.84,76.04
196.88,74.71
196.92,74.96
196.96,75.58
197.00,76.98
197.04,75.07
197.08,73.75
197.12,76.12
197.16,74.61
197.20,74.16
197.24,75.74
197.28,75.52
197.32,75.55
197.36,76.23
197.40,74.12
197.44,74.09
197.48,74.35
197.52,72.22
197.56,73.34
197.60,73.02
197.64,72.74
197.68,72.80
197.72,73.36
197.76,73.54
197.80,72.54
197.84,73.45
197.88,73.07
197.92,71.75
197.96,71.19
198.00,71.23
198.04,71.39
198.08,71.63
198.12,72.23
198.16,70.23
198.20,70.52
198.24,68.71
198.28,69.95
198.32,69.64
198.36,68.79
198.40,69.59
198.44,69.04
198.48,69.83
198.52,68.25
198.56,68.64
198.60,67.52
198.64,69.90
198.68,69.38
198.72,68.10
198.76,67.77
198.80,66.91
198.84,68.89
198.88,66.29
198.92,67.27
198.96,69.70
199.00,65.68
199.04,68.12
199.08,66.86
199.12,67.66
199.16,68.11
199.20,66.86
199.24,68.89
199.28,66.48
199.32,67.88
199.36,67.00
199.40,67.88
199.44,67.92
199.48,70.56
199.52,67.74
199.56,67.18
199.60,69.04
199.64,69.63
199.68,70.34
199.72,69.52
199.76,69.78
199.80,69.16
199.84,68.95
199.88,70.59
199.92,69.10
199.96,68.06
200.00,71.40
200.04,69.90
200.08,70.10
200.12,69.77
200.16,70.63
200.20,70.08
200.24,71.12
200.28,71.98
200.32,72.20
200.36,72.35
200.40,70.46
200.44,72.42
200.48,72.31
200.52,71.30
200.56,71.36
200.60,71.29
200.64,72.06
200.68,72.17
200.72,72.83
200.76,73.20
200.80,71.05
200.84,71.55
200.88,72.70
200.92,73.63
200.96,71.04
201.00,72.24
201.04,73.12
201.08,72.16
201.12,72.62
201.16,72.85
201.20,71.92
201.24,72.47
201.28,74.10
201.32,72.59
201.36,71.80
201.40,72.28
201.44,72.22
201.48,71.05
201.52,70.94
201.56,71.71
201.60,72.04
201.64,71.82
201.68,70.76
201.72,70.55
201.76,70.86
201.80,69.69
201.84,70.55
201.88,69.59
201.92,70.88
201.96,70.84
202.00,68.34
202.04,68.34
202.08,69.05
202.12,67.80
202.16,67.28
202.20,67.56
202.24,69.15
202.28,67.73
202.32,67.28
202.36,67.91
202.40,67.60
202.44,68.77
202.48,67.97
202.52,66.92
202.56,65.36
202.60,67.52
202.64,66.46
202.68,65.89
202.72,66.19
202.76,67.05
202.80,66.01
202.84,66.73
202.88,67.53
202.92,66.21
202.96,67.73
203.00,66.03
203.04,68.56
203.08,64.98
203.12,66.46
203.16,65.47
203.20,65.56
203.24,65.65
203.28,66.61
203.32,66.09
203.36,66.14
203.40,66.99
203.44,66.03
203.48,67.49
203.52,66.28
203.56,67.87
203.60,67.40
203.64,68.50
203.68,69.04
203.72,67.25
203.76,69.03
203.80,69.25
203.84,69.33
203.88,66.78
203.92,69.25
203.96,69.36
204.00,69.03
204.04,68.80
204.08,68.65
204.12,68.71
204.16,69.46
204.20,69.57
204.24,72.02
204.28,69.93
204.32,70.48
204.36,70.63
204.40,71.18
204.44,71.37
204.48,71.04
204.52,70.61
204.56,70.17
204.60,73.97
204.64,70.79
204.68,72.20
204.72,70.33
204.76,72.17
204.80,70.41
204.84,72.94
204.88,72.09
204.92,73.95
204.96,72.77
205.00,73.04
205.04,72.28
205.08,72.45
205.12,70.58
205.16,70.39
205.20,73.00
205.24,71.30
205.28,71.68
205.32,71.59
205.36,69.97
205.40,71.84
205.44,72.97
205.48,70.27
205.52,70.79
205.56,71.27
205.60,71.25
205.64,70.00
205.68,69.85
205.72,70.46
205.76,70.05
205.80,70.88
205.84,69.70
205.88,68.73
205.92,66.90
205.96,70.61
206.00,70.00
206.04,68.32
206.08,67.93
206.12,69.08
206.16,67.78
206.20,67.78
206.24,67.04
206.28,67.60
206.32,67.13
206.36,65.64
206.40,67.65
206.44,66.42
206.48,66.66
206.52,67.08
206.56,67.38
206.60,65.95
206.64,66.52
206.68,65.94
206.72,65.61
206.76,66.60
206.80,67.82
206.84,65.01
206.88,66.62
206.92,66.40
206.96,66.80
207.00,65.78
207.04,67.01
207.08,67.00
207.12,65.59
207.16,64.47
207.20,65.97
207.24,65.48
207.28,65.80
207.32,65.41
207.36,67.05
207.40,65.56
207.44,66.29
207.48,66.76
207.52,67.62
207.56,66.64
207.60,66.51
207.64,68.22
207.68,66.56
207.72,68.52
207.76,67.98
207.80,68.34
207.84,67.59
207.88,68.87
207.92,68.31
207.96,70.02
208.00,70.05
208.04,68.06
208.08,70.04
208.12,69.38
208.16,69.89
208.20,69.31
208.24,67.25
208.28,68.60
208.32,68.91
208.36,70.42
208.40,69.84
208.44,70.48
208.48,71.28
208.52,71.91
208.56,71.70
208.60,70.17
208.64,71.76
208.68,70.65
208.72,72.85
208.76,71.42
208.80,72.79
208.84,72.55
208.88,70.37
208.92,71.82
208.96,73.42
209.00,71.45
209.04,70.02
209.08,70.99
209.12,72.10
209.16,71.66
209.20,73.42
209.24,71.15
209.28,71.19
209.32,70.70
209.36,71.47
209.40,70.44
209.44,69.98
209.48,70.58
209.52,70.56
209.56,69.90
209.60,71.89
209.64,71.20
209.68,69.88
209.72,69.54
209.76,70.32
209.80,70.07
209.84,69.49
209.88,70.13
209.92,69.76
209.96,67.78
210.00,68.78
210.04,68.66
210.08,68.49
210.12,68.41
210.16,69.46
210.20,67.16
210.24,68.16
210.28,67.73
210.32,67.72
210.36,66.69
210.40,66.63
210.44,66.19
210.48,67.70
210.52,67.31
210.56,65.26
210.60,65.97
210.64,66.83
210.68,66.18
210.72,67.63
210.76,65.60
210.80,64.96
210.84,65.60
210.88,65.38
210.92,67.48
210.96,65.81
211.00,65.12
211.04,65.63
211.08,64.96
211.12,65.18
211.16,64.11
211.20,65.61
211.24,65.80
211.28,67.41
211.32,65.75
211.36,67.09
211.40,66.33
211.44,65.92
211.48,67.58
211.52,67.02
211.56,66.53
211.60,67.06
211.64,67.47
211.68,66.47
211.72,68.48
211.76,66.56
211.80,66.90
211.84,68.35
211.88,67.38
211.92,67.38
211.96,68.63
212.00,70.26
212.04,69.29
212.08,68.20
212.12,67.58
212.16,68.48
212.20,71.31
212.24,71.12
212.28,69.50
212.32,71.57
212.36,69.80
212.40,70.13
212.44,70.04
212.48,72.49
212.52,70.57
212.56,71.60
212.60,70.98
212.64,71.24
212.68,73.05
212.72,72.25
212.76,71.67
212.80,70.56
212.84,71.85
212.88,70.58
212.92,71.83
212.96,71.10
213.00,71.18
213.04,72.01
213.08,71.37
213.12,70.71
213.16,73.74
213.20,70.96
213.24,70.78
213.28,70.81
213.32,70.77
213.36,71.11
213.40,71.02
213.44,71.32
213.48,71.76
213.52,69.64
213.56,70.76
213.60,71.47
213.64,69.77
213.68,69.60
213.72,69.94
213.76,71.93
213.80,68.15
213.84,68.33
213.88,69.23
213.92,68.38
213.96,69.55
214.00,67.92
214.04,68.11
214.08,68.30
214.12,66.20
214.16,67.17
214.20,67.53
214.24,67.59
214.28,66.71
214.32,68.98
214.36,68.15
214.40,65.18
214.44,65.80
214.48,65.40
214.52,66.28
214.56,67.39
214.60,64.89
214.64,64.68
214.68,66.02
214.72,64.87
214.76,65.19
214.80,65.27
214.84,65.54
214.88,66.56
214.92,66.12
214.96,66.38
215.00,65.85
215.04,64.18
215.08,65.28
215.12,65.68
215.16,65.87
215.20,65.18
215.24,65.17
215.28,66.32
215.32,65.77
215.36,65.04
215.40,66.65
215.44,65.90
215.48,66.05
215.52,66.39
215.56,66.32
215.60,65.71
215.64,67.10
215.68,67.45
215.72,65.24
215.76,66.69
215.80,67.17
215.84,66.74
215.88,67.52
215.92,67.32
215.96,67.95
216.00,68.61
216.04,68.24
216.08,67.94
216.12,68.47
216.16,68.82
216.20,69.30
216.24,67.52
216.28,68.95
216.32,69.53
216.36,70.76
216.40,69.62
216.44,70.74
216.48,70.91
216.52,69.90
216.56,70.57
216.60,70.39
216.64,71.57
216.68,72.13
216.72,70.40
216.76,68.26
216.80,67.85
216.84,67.04
216.88,68.15
216.92,66.95
216.96,67.91
217.00,68.22
217.04,67.19
217.08,66.98
217.12,65.85
217.16,66.40
217.20,65.80
217.24,65.27
217.28,64.03
217.32,65.77
217.36,65.14
217.40,65.91
217.44,65.87
217.48,64.67
217.52,66.12
217.56,64.67
217.60,66.47
217.64,64.02
217.68,66.00
217.72,65.98
217.76,69.23
217.80,69.43
217.84,70.84
217.88,71.95
217.92,74.16
217.96,74.91
218.00,77.38
218.04,77.20
218.08,78.20
218.12,76.93
218.16,79.07
218.20,78.82
218.24,77.89
218.28,80.14
218.32,80.82
218.36,82.01
218.40,82.14
218.44,82.44
218.48,83.17
218.52,82.88
218.56,82.27
218.60,83.11
218.64,84.93
218.68,82.31
218.72,85.19
218.76,84.53
218.80,84.56
218.84,84.58
218.88,84.75
218.92,83.97
218.96,83.60
219.00,85.76
219.04,87.41
219.08,85.52
219.12,85.80
219.16,84.00
219.20,84.58
219.24,85.28
219.28,84.42
219.32,86.04
219.36,87.48
219.40,84.76
219.44,86.21
219.48,87.73
219.52,87.66
219.56,86.26
219.60,86.21
219.64,86.45
219.68,87.78
219.72,86.09
219.76,86.95
219.80,85.91
219.84,86.86
219.88,87.74
219.92,86.49
219.96,87.99
220.00,87.34
220.04,87.81
220.08,88.66
220.12,88.66
220.16,88.25
220.20,89.98
220.24,87.85
220.28,88.11
220.32,88.42
220.36,89.50
220.40,87.24
220.44,87.94
220.48,88.55
220.52,88.83
220.56,89.72
220.60,87.43
220.64,88.87
220.68,87.90
220.72,87.67
220.76,87.24
220.80,88.48
220.84,88.09
220.88,87.96
220.92,86.28
220.96,86.88
221.00,87.09
221.04,87.96
221.08,88.46
221.12,86.29
221.16,87.76
221.20,87.04
221.24,86.96
221.28,86.42
221.32,85.78
221.36,85.23
221.40,87.26
221.44,86.40
221.48,84.47
221.52,83.71
221.56,85.76
221.60,84.65
221.64,85.52
221.68,84.00
221.72,81.87
221.76,82.63
221.80,84.66
221.84,83.70
221.88,82.57
221.92,83.80
221.96,82.21
222.00,81.12
222.04,80.94
222.08,81.52
222.12,80.70
222.16,78.85
222.20,79.54
222.24,78.59
222.28,78.31
222.32,79.34
222.36,79.73
222.40,78.65
222.44,78.24
222.48,77.41
222.52,76.66
222.56,76.95
222.60,76.59
222.64,76.74
222.68,75.13
222.72,77.85
222.76,74.96
222.80,77.06
222.84,75.27
222.88,75.32
222.92,75.87
222.96,75.07
223.00,75.73
223.04,76.77
223.08,75.36
223.12,75.62
223.16,76.00
223.20,74.44
223.24,76.28
223.28,75.41
223.32,74.84
223.36,73.37
223.40,75.87
223.44,74.29
223.48,75.08
223.52,75.89
223.56,74.06
223.60,76.06
223.64,73.09
223.68,74.74
223.72,75.06
223.76,73.36
223.80,74.36
223.84,74.39
223.88,74.82
223.92,76.11
223.96,75.48
224.00,74.83
224.04,74.72
224.08,76.10
224.12,76.14
224.16,75.88
224.20,76.67
224.24,76.54
224.28,77.05
224.32,75.44
224.36,77.21
224.40,75.82
224.44,77.05
224.48,78.27
224.52,76.49
224.56,77.78
224.60,77.02
224.64,76.24
224.68,77.26
224.72,76.82
224.76,77.00
224.80,76.54
224.84,75.27
224.88,78.45
224.92,76.16
224.96,77.52
225.00,76.87
225.04,76.21
225.08,75.49
225.12,75.91
225.16,75.13
225.20,76.07
225.24,75.38
225.28,75.04
225.32,74.87
225.36,75.74
225.40,75.30
225.44,73.42
225.48,73.99
225.52,72.13
225.56,74.70
225.60,74.72
225.64,72.53
225.68,72.57
225.72,74.15
225.76,75.13
225.80,73.21
225.84,72.35
225.88,74.28
225.92,71.66
225.96,70.92
226.00,71.25
226.04,71.27
226.08,70.52
226.12,71.00
226.16,72.71
226.20,70.41
226.24,69.73
226.28,68.41
226.32,69.44
226.36,70.27
226.40,68.97
226.44,68.06
226.48,68.24
226.52,68.18
226.56,67.84
226.60,66.82
226.64,68.47
226.68,67.29
226.72,66.65
226.76,67.06
226.80,67.71
226.84,66.47
226.88,67.15
226.92,65.58
226.96,66.82
227.00,66.03
227.04,66.20
227.08,67.00
227.12,66.44
227.16,66.99
227.20,67.39
227.24,66.57
227.28,65.95
227.32,66.09
227.36,66.70
227.40,66.14
227.44,65.29
227.48,68.68
227.52,68.97
227.56,67.31
227.60,67.46
227.64,66.28
227.68,68.28
227.72,67.39
227.76,67.50
227.80,68.43
227.84,67.02
227.88,66.99
227.92,68.18
227.96,69.52
228.00,69.68
228.04,68.70
228.08,67.96
228.12,67.90
228.16,69.14
228.20,69.22
228.24,68.73
228.28,69.04
228.32,68.83
228.36,72.40
228.40,70.58
228.44,68.77
228.48,69.81
228.52,68.88
228.56,68.50
228.60,71.14
228.64,69.31
228.68,70.58
228.72,69.65
228.76,68.68
228.80,71.19
228.84,71.30
228.88,70.74
228.92,70.13
228.96,71.37
229.00,70.61
229.04,70.34
229.08,70.97
229.12,70.62
229.16,69.43
229.20,69.68
229.24,68.63
229.28,68.04
229.32,69.86
229.36,69.07
229.40,70.12
229.44,70.68
229.48,67.66
229.52,68.90
229.56,68.46
229.60,69.33
229.64,67.35
229.68,68.91
229.72,66.84
229.76,67.16
229.80,68.00
229.84,67.71
229.88,68.86
229.92,65.97
229.96,66.12
230.00,65.94
230.04,67.92
230.08,66.41
230.12,67.08
230.16,65.04
230.20,66.51
230.24,66.53
230.28,66.03
230.32,64.99
230.36,63.80
230.40,64.88
230.44,64.49
230.48,63.88
230.52,64.21
230.56,65.67
230.60,64.14
230.64,62.66
230.68,63.23
230.72,62.60
230.76,63.14
230.80,61.64
230.84,64.32
230.88,62.61
230.92,63.66
230.96,62.19
231.00,61.44
231.04,62.41
231.08,61.29
231.12,63.23
231.16,62.73
231.20,62.40
231.24,62.82
231.28,61.96
231.32,62.46
231.36,63.43
231.40,62.96
231.44,62.20
231.48,61.19
231.52,64.01
231.56,62.35
231.60,61.62
231.64,64.40
231.68,63.86
231.72,64.33
231.76,61.80
231.80,64.80
231.84,64.43
231.88,66.42
231.92,63.66
231.96,63.73
232.00,67.05
232.04,64.45
232.08,63.31
232.12,66.28
232.16,64.92
232.20,65.88
232.24,66.42
232.28,64.97
232.32,67.19
232.36,67.57
232.40,68.70
232.44,65.03
232.48,67.29
232.52,66.49
232.56,67.68
232.60,66.52
232.64,67.81
232.68,68.12
232.72,67.94
232.76,68.17
232.80,67.95
232.84,66.93
232.88,66.66
232.92,67.23
232.96,67.82
233.00,68.14
233.04,68.40
233.08,67.14
233.12,67.61
233.16,66.64
233.20,68.19
233.24,66.96
233.28,66.93
233.32,68.25
233.36,67.55
233.40,66.61
233.44,67.62
233.48,66.64
233.52,68.46
233.56,66.38
233.60,64.78
233.64,67.09
233.68,67.50
233.72,65.58
233.76,65.19
233.80,66.16
233.84,65.57
233.88,64.44
233.92,65.94
233.96,64.32
234.00,65.52
234.04,63.87
234.08,63.64
234.12,64.09
234.16,63.06
234.20,64.78
234.24,65.21
234.28,63.11
234.32,64.32
234.36,60.64
234.40,63.49
234.44,61.45
234.48,60.49
234.52,62.79
234.56,61.82
234.60,61.26
234.64,62.39
234.68,60.13
234.72,63.15
234.76,62.77
234.80,61.95
234.84,61.85
234.88,61.29
234.92,60.86
234.96,60.69
235.00,62.04
235.04,62.36
235.08,62.15
235.12,59.12
235.16,61.76
235.20,61.12
235.24,61.05
235.28,60.69
235.32,61.52
235.36,60.78
235.40,61.62
235.44,63.04
235.48,62.69
235.52,62.49
235.56,62.21
235.60,62.48
235.64,63.27
235.68,63.47
235.72,63.04
235.76,63.42
235.80,62.59
235.84,63.95
235.88,63.50
235.92,63.54
235.96,64.93
236.00,64.07
236.04,66.19
236.08,64.85
236.12,65.41
236.16,64.25
236.20,64.42
236.24,62.86
236.28,65.73
236.32,66.41
236.36,66.69
236.40,64.46
236.44,67.28
236.48,68.51
236.52,67.25
236.56,67.63
236.60,65.30
236.64,67.42
236.68,65.44
236.72,66.59
236.76,67.05
236.80,67.79
236.84,67.74
236.88,67.23
236.92,66.91
236.96,67.99
237.00,68.69
237.04,67.98
237.08,67.74
237.12,66.87
237.16,67.10
237.20,69.32
237.24,67.31
237.28,66.57
237.32,67.76
237.36,67.36
237.40,67.07
237.44,65.37
237.48,67.74
237.52,65.98
237.56,65.45
237.60,66.17
237.64,66.18
237.68,66.27
237.72,66.91
237.76,64.65
237.80,65.78
237.84,64.63
237.88,64.09
237.92,65.00
237.96,66.60
238.00,64.87
238.04,66.27
238.08,64.55
238.12,64.09
238.16,64.52
238.20,62.77
238.24,62.85
238.28,61.49
238.32,62.53
238.36,64.88
238.40,62.53
238.44,63.63
238.48,64.15
238.52,61.93
238.56,62.70
238.60,62.21
238.64,61.35
238.68,62.46
238.72,61.71
238.76,61.28
238.80,62.18
238.84,61.19
238.88,64.58
238.92,62.54
238.96,62.46
239.00,63.29
239.04,62.72
239.08,61.52
239.12,62.96
239.16,61.69
239.20,61.88
239.24,63.28
239.28,63.95
239.32,62.06
239.36,61.99
239.40,59.90
239.44,62.67
239.48,63.88
239.52,61.85
239.56,62.75
239.60,63.93
239.64,61.65
239.68,63.19
239.72,63.61
239.76,65.17
239.80,63.99
239.84,63.34
239.88,64.12
239.92,64.33
239.96,65.29
240.00,64.55
240.04,65.07
240.08,65.66
240.12,65.00
240.16,66.22
240.20,66.37
240.24,65.17
240.28,66.93
240.32,65.90
240.36,66.17
240.40,67.10
240.44,66.90
240.48,67.53
240.52,69.02
240.56,70.66
240.60,69.36
240.64,68.18
240.68,67.17
240.72,68.24
240.76,69.10
240.80,67.47
240.84,68.84
240.88,69.05
240.92,69.46
240.96,67.95
241.00,68.31
241.04,68.08
241.08,68.30
241.12,66.99
241.16,69.32
241.20,67.94
241.24,68.86
241.28,68.31
241.32,68.85
241.36,68.30
241.40,67.92
241.44,67.70
241.48,68.47
241.52,69.62
241.56,67.64
241.60,67.17
241.64,67.24
241.68,67.32
241.72,67.55
241.76,68.87
241.80,66.18
241.84,66.96
241.88,66.62
241.92,65.93
241.96,65.72
242.00,65.99
242.04,66.90
242.08,66.08
242.12,65.97
242.16,63.61
242.20,63.92
242.24,64.84
242.28,65.87
242.32,63.51
242.36,64.34
242.40,64.23
242.44,64.58
242.48,64.90
242.52,63.74
242.56,65.90
242.60,64.05
242.64,64.92
242.68,63.27
242.72,64.37
242.76,63.47
242.80,63.35
242.84,63.85
242.88,64.29
242.92,61.74
242.96,63.44
243.00,62.95
243.04,63.06
243.08,64.16
243.12,62.63
243.16,62.39
243.20,64.75
243.24,61.64
243.28,63.89
243.32,62.60
243.36,62.85
243.40,63.59
243.44,63.16
243.48,63.63
243.52,65.24
243.56,63.21
243.60,63.50
243.64,66.01
243.68,65.49
243.72,66.41
243.76,64.85
243.80,65.35
243.84,65.47
243.88,65.64
243.92,67.55
243.96,65.67
244.00,66.89
244.04,66.36
244.08,65.05
244.12,69.33
244.16,68.29
244.20,69.17
244.24,70.47
244.28,69.62
244.32,68.43
244.36,68.39
244.40,67.02
244.44,68.80
244.48,70.44
244.52,68.56
244.56,69.94
244.60,69.64
244.64,70.03
244.68,68.99
244.72,70.17
244.76,69.89
244.80,70.29
244.84,69.37
244.88,72.03
244.92,71.06
244.96,70.79
245.00,71.79
245.04,68.67
245.08,69.25
245.12,70.86
245.16,72.31
245.20,70.16
245.24,69.76
245.28,70.14
245.32,70.92
245.36,71.61
245.40,70.39
245.44,69.69
245.48,69.35
245.52,69.10
245.56,68.53
245.60,70.62
245.64,68.39
245.68,70.71
245.72,67.82
245.76,68.44
245.80,69.24
245.84,69.87
245.88,69.29
245.92,67.92
245.96,67.32
246.00,68.14
246.04,68.00
246.08,67.43
246.12,68.55
246.16,67.22
246.20,66.95
246.24,66.13
246.28,65.90
246.32,67.53
246.36,65.73
246.40,65.86
246.44,65.45
246.48,67.08
246.52,65.55
246.56,66.90
246.60,65.14
246.64,66.29
246.68,65.82
246.72,65.50
246.76,66.41
246.80,66.39
246.84,65.78
246.88,65.02
246.92,66.28
246.96,67.35
247.00,66.37
247.04,66.23
247.08,64.53
247.12,66.53
247.16,67.25
247.20,65.75
247.24,65.25
247.28,69.66
247.32,66.26
247.36,66.97
247.40,67.17
247.44,66.53
247.48,65.99
247.52,66.11
247.56,66.90
247.60,67.07
247.64,68.38
247.68,66.59
247.72,67.94
247.76,68.90
247.80,68.32
247.84,68.79
247.88,68.83
247.92,67.11
247.96,67.98
248.00,69.73
248.04,69.81
248.08,70.48
248.12,69.91
248.16,70.46
248.20,69.02
248.24,67.63
248.28,70.07
248.32,70.31
248.36,70.75
248.40,70.19
248.44,71.34
248.48,70.65
248.52,71.99
248.56,71.12
248.60,72.24
248.64,69.57
248.68,68.85
248.72,68.41
248.76,69.08
248.80,68.12
248.84,70.72
248.88,68.29
248.92,68.70
248.96,67.98
249.00,71.51
249.04,67.23
249.08,68.61
249.12,67.18
249.16,68.12
249.20,66.60
249.24,66.87
249.28,67.53
249.32,66.14
249.36,66.72
249.40,66.25
249.44,67.35
249.48,68.42
249.52,67.00
249.56,67.90
249.60,69.51
249.64,71.27
249.68,71.58
249.72,73.37
249.76,73.27
249.80,75.68
249.84,76.66
249.88,77.49
249.92,79.23
249.96,79.01
250.00,80.57
250.04,79.25
250.08,81.63
250.12,81.97
250.16,83.13
250.20,83.77
250.24,84.26
250.28,82.21
250.32,84.77
250.36,85.19
250.40,83.04
250.44,84.97
250.48,84.54
250.52,85.40
250.56,87.10
250.60,86.49
250.64,84.47
250.68,85.37
250.72,84.88
250.76,88.09
250.80,85.62
250.84,87.68
250.88,86.84
250.92,84.78
250.96,87.79
251.00,86.78
251.04,87.66
251.08,88.00
251.12,85.96
251.16,88.18
251.20,86.67
251.24,86.45
251.28,86.90
251.32,87.74
251.36,87.05
251.40,86.81
251.44,86.59
251.48,88.09
251.52,88.73
251.56,88.29
251.60,87.48
251.64,87.81
251.68,87.66
251.72,87.57
251.76,87.10
251.80,88.27
251.84,89.36
251.88,87.78
251.92,87.82
251.96,88.80
252.00,89.00
252.04,89.21
252.08,90.68
252.12,89.27
252.16,88.82
252.20,88.11
252.24,90.58
252.28,88.07
252.32,89.61
252.36,89.38
252.40,90.21
252.44,90.14
252.48,90.23
252.52,90.02
252.56,90.62
252.60,88.77
252.64,90.22
252.68,89.56
252.72,89.23
252.76,91.97
252.80,90.21
252.84,89.07
252.88,90.02
252.92,89.61
252.96,90.75
253.00,89.01
253.04,89.53
253.08,89.70
253.12,89.38
253.16,88.37
253.20,88.47
253.24,89.30
253.28,88.78
253.32,87.25
253.36,85.72
253.40,87.43
253.44,88.80
253.48,85.94
253.52,87.77
253.56,86.93
253.60,86.99
253.64,86.53
253.68,86.17
253.72,86.71
253.76,86.07
253.80,85.21
253.84,83.76
253.88,84.41
253.92,84.82
253.96,84.85
254.00,84.01
254.04,84.25
254.08,81.14
254.12,83.06
254.16,82.22
254.20,82.06
254.24,81.78
254.28,83.38
254.32,80.47
254.36,82.97
254.40,80.51
254.44,80.65
254.48,80.08
254.52,81.22
254.56,79.85
254.60,79.74
254.64,79.57
254.68,79.38
254.72,79.52
254.76,79.48
254.80,78.01
254.84,79.21
254.88,77.92
254.92,77.02
254.96,77.65
255.00,78.72
255.04,78.54
255.08,79.94
255.12,76.92
255.16,78.93
255.20,77.20
255.24,79.17
255.28,76.53
255.32,77.74
255.36,77.47
255.40,78.54
255.44,78.90
255.48,77.17
255.52,76.26
255.56,75.83
255.60,77.81
255.64,76.50
255.68,76.73
255.72,77.85
255.76,75.95
255.80,77.37
255.84,77.02
255.88,78.38
255.92,79.12
255.96,79.16
256.00,77.98
256.04,78.56
256.08,78.72
256.12,79.47
256.16,80.21
256.20,79.38
256.24,79.54
256.28,79.56
256.32,78.29
256.36,79.06
256.40,79.78
256.44,78.90
256.48,80.65
256.52,80.71
256.56,79.65
256.60,82.33
256.64,80.38
256.68,78.46
256.72,81.60
256.76,82.19
256.80,79.34
256.84,79.97
256.88,79.53
256.92,79.26
256.96,81.57
257.00,78.94
257.04,80.49
257.08,80.12
257.12,79.71
257.16,79.32
257.20,76.72
257.24,79.29
257.28,77.03
257.32,79.25
257.36,80.44
257.40,78.74
257.44,79.45
257.48,77.17
257.52,79.38
257.56,77.61
257.60,79.04
257.64,77.61
257.68,76.84
257.72,76.86
257.76,75.84
257.80,76.35
257.84,75.92
257.88,76.03
257.92,77.24
257.96,74.94
258.00,75.81
258.04,75.20
258.08,75.10
258.12,72.71
258.16,73.14
258.20,75.42
258.24,74.06
258.28,72.83
258.32,72.26
258.36,72.82
258.40,72.45
258.44,73.48
258.48,70.55
258.52,71.94
258.56,72.21
258.60,71.78
258.64,70.33
258.68,72.56
258.72,69.87
258.76,70.09
258.80,72.93
258.84,69.16
258.88,71.77
258.92,71.12
258.96,69.60
259.00,70.98
259.04,71.37
259.08,70.53
259.12,71.77
259.16,71.24
259.20,70.25
259.24,70.01
259.28,69.94
259.32,70.45
259.36,71.81
259.40,69.48
259.44,69.76
259.48,72.19
259.52,70.50
259.56,70.44
259.60,71.31
259.64,71.73
259.68,69.59
259.72,71.44
259.76,71.84
259.80,70.63
259.84,71.72
259.88,73.11
259.92,71.88
259.96,72.77
260.00,71.63
260.04,74.18
260.08,72.80
260.12,73.20
260.16,73.03
260.20,71.84
260.24,73.08
260.28,71.89
260.32,74.92
260.36,72.13
260.40,73.41
260.44,73.56
260.48,73.66
260.52,72.92
260.56,72.48
260.60,73.23
260.64,74.07
260.68,74.15
260.72,73.09
260.76,73.64
260.80,75.71
260.84,73.07
260.88,74.90
260.92,74.38
260.96,74.83
261.00,74.24
261.04,74.28
261.08,75.01
261.12,75.22
261.16,74.43
261.20,71.92
261.24,72.63
261.28,73.51
261.32,73.58
261.36,73.58
261.40,71.96
261.44,71.67
261.48,73.37
261.52,71.64
261.56,72.89
261.60,71.33
261.64,71.23
261.68,70.34
261.72,70.30
261.76,72.01
261.80,69.87
261.84,71.81
261.88,70.27
261.92,70.30
261.96,70.99
262.00,69.52
262.04,69.96
262.08,68.41
262.12,69.06
262.16,68.12
262.20,68.98
262.24,67.52
262.28,68.21
262.32,69.31
262.36,69.13
262.40,68.14
262.44,68.25
262.48,67.56
262.52,67.26
262.56,65.48
262.60,66.18
262.64,68.74
262.68,66.94
262.72,66.48
262.76,66.09
262.80,66.46
262.84,65.03
262.88,65.63
262.92,65.89
262.96,65.60
263.00,64.45
263.04,64.28
263.08,64.69
263.12,65.18
263.16,66.37
263.20,66.71
263.24,66.17
263.28,69.33
263.32,65.97
263.36,67.11
263.40,66.39
263.44,66.44
263.48,66.50
263.52,65.96
263.56,64.11
263.60,66.52
263.64,67.72
263.68,68.99
263.72,67.89
263.76,67.14
263.80,66.99
263.84,66.42
263.88,70.80
263.92,68.26
263.96,68.68
264.00,68.02
264.04,69.03
264.08,68.66
264.12,68.80
264.16,68.92
264.20,69.92
264.24,70.46
264.28,67.81
264.32,69.49
264.36,70.26
264.40,68.47
264.44,70.05
264.48,69.19
264.52,70.00
264.56,70.08
264.60,70.50
264.64,70.30
264.68,71.75
264.72,69.84
264.76,70.73
264.80,70.31
264.84,70.82
264.88,70.34
264.92,69.77
264.96,70.57
265.00,70.40
265.04,71.00
265.08,69.48
265.12,69.11
265.16,70.79
265.20,68.70
265.24,69.95
265.28,69.15
265.32,71.49
265.36,69.85
265.40,71.42
265.44,68.02
265.48,69.15
265.52,69.97
265.56,67.72
265.60,69.18
265.64,69.66
265.68,70.26
265.72,67.65
265.76,67.60
265.80,68.44
265.84,66.78
265.88,67.43
265.92,67.22
265.96,67.63
266.00,68.54
266.04,67.72
266.08,67.62
266.12,67.78
266.16,65.82
266.20,65.10
266.24,65.94
266.28,67.38
266.32,64.08
266.36,64.51
266.40,64.14
266.44,65.08
266.48,66.01
266.52,64.03
266.56,65.75
266.60,64.19
266.64,64.11
266.68,63.70
266.72,64.42
266.76,62.97
266.80,63.27
266.84,62.98
266.88,62.25
266.92,63.26
266.96,63.94
267.00,62.40
267.04,61.56
267.08,62.04
267.12,63.37
267.16,62.57
267.20,64.19
267.24,64.00
267.28,62.14
267.32,63.79
267.36,66.31
267.40,64.51
267.44,65.31
267.48,64.46
267.52,65.38
267.56,65.36
267.60,64.70
267.64,64.27
267.68,63.44
267.72,66.19
267.76,65.10
267.80,65.43
267.84,64.40
267.88,64.73
267.92,66.59
267.96,64.57
268.00,66.58
268.04,66.15
268.08,67.11
268.12,64.84
268.16,68.12
268.20,66.20
268.24,67.91
268.28,67.44
268.32,68.00
268.36,67.67
268.40,67.26
268.44,68.65
268.48,68.67
268.52,69.17
268.56,69.03
268.60,69.29
268.64,69.15
268.68,68.28
268.72,69.53
268.76,67.96
268.80,67.63
268.84,67.19
268.88,70.03
268.92,70.10
268.96,67.87
269.00,68.26
269.04,68.51
269.08,69.33
269.12,65.67
269.16,67.39
269.20,67.89
269.24,69.26
269.28,68.55
269.32,65.76
269.36,66.96
269.40,67.62
269.44,67.93
269.48,66.20
269.52,66.39
269.56,67.61
269.60,68.54
269.64,68.53
269.68,68.78
269.72,66.53
269.76,64.89
269.80,67.43
269.84,67.34
269.88,65.69
269.92,66.42
269.96,65.03
270.00,65.60
270.04,66.87
270.08,66.95
270.12,64.87
270.16,63.99
270.20,64.79
270.24,65.13
270.28,63.70
270.32,64.21
270.36,64.62
270.40,63.00
270.44,63.27
270.48,63.18
270.52,63.53
270.56,62.95
270.60,63.27
270.64,64.02
270.68,63.39
270.72,63.16
270.76,63.12
270.80,63.78
270.84,63.83
270.88,62.57
270.92,64.57
270.96,63.27
271.00,63.36
271.04,62.56
271.08,62.67
271.12,63.90
271.16,61.71
271.20,62.98
271.24,61.40
271.28,63.50
271.32,63.78
271.36,62.88
271.40,62.29
271.44,61.77
271.48,62.42
271.52,63.16
271.56,63.10
271.60,63.87
271.64,64.17
271.68,65.48
271.72,63.59
271.76,64.32
271.80,65.57
271.84,64.35
271.88,64.12
271.92,66.29
271.96,64.93
272.00,66.20
272.04,66.00
272.08,67.55
272.12,66.23
272.16,65.80
272.20,67.09
272.24,65.91
272.28,64.92
272.32,67.56
272.36,66.74
272.40,66.37
272.44,66.59
272.48,68.65
272.52,66.57
272.56,67.32
272.60,70.12
272.64,68.80
272.68,66.61
272.72,66.72
272.76,68.17
272.80,68.62
272.84,67.59
272.88,67.95
272.92,67.07
272.96,68.14
273.00,68.45
273.04,68.76
273.08,68.47
273.12,67.59
273.16,69.25
273.20,69.26
273.24,69.70
273.28,67.39
273.32,66.85
273.36,66.76
273.40,68.91
273.44,69.29
273.48,68.07
273.52,67.82
273.56,68.36
273.60,67.67
273.64,66.12
273.68,67.54
273.72,67.20
273.76,65.10
273.80,67.01
273.84,67.11
273.88,65.90
273.92,65.22
273.96,66.38
274.00,64.50
274.04,65.59
274.08,64.92
274.12,65.83
274.16,64.99
274.20,65.46
274.24,64.63
274.28,64.50
274.32,64.19
274.36,63.90
274.40,63.45
274.44,63.20
274.48,63.30
274.52,62.38
274.56,63.52
274.60,63.74
274.64,62.72
274.68,61.90
274.72,63.33
274.76,63.08
274.80,62.00
274.84,62.67
274.88,63.61
274.92,62.78
274.96,63.77
275.00,63.70
275.04,61.79
275.08,61.54
275.12,62.23
275.16,61.69
275.20,62.61
275.24,63.37
275.28,61.72
275.32,62.77
275.36,61.84
275.40,63.27
275.44,63.07
275.48,64.37
275.52,64.83
275.56,63.49
275.60,64.05
275.64,63.38
275.68,63.83
275.72,64.12
275.76,65.30
275.80,64.73
275.84,66.16
275.88,64.56
275.92,65.34
275.96,65.99
276.00,66.68
276.04,65.02
276.08,66.39
276.12,66.06
276.16,67.15
276.20,65.86
276.24,64.69
276.28,69.18
276.32,65.95
276.36,68.01
276.40,66.98
276.44,68.34
276.48,66.63
276.52,69.18
276.56,68.35
276.60,68.21
276.64,67.62
276.68,69.29
276.72,67.51
276.76,68.67
276.80,68.13
276.84,67.73
276.88,69.23
276.92,67.75
276.96,68.51
277.00,70.13
277.04,69.13
277.08,70.22
277.12,68.99
277.16,69.39
277.20,70.52
277.24,68.30
277.28,67.86
277.32,69.01
277.36,69.69
277.40,69.76
277.44,69.75
277.48,66.98
277.52,69.61
277.56,68.86
277.60,67.77
277.64,68.16
277.68,68.45
277.72,68.09
277.76,65.36
277.80,68.06
277.84,67.80
277.88,67.88
277.92,65.95
277.96,65.61
278.00,66.80
278.04,66.73
278.08,65.05
278.12,67.41
278.16,65.27
278.20,64.80
278.24,65.44
278.28,64.26
278.32,65.06
278.36,63.90
278.40,64.20
278.44,65.20
278.48,65.85
278.52,64.71
278.56,62.64
278.60,64.91
278.64,63.75
278.68,63.87
278.72,62.47
278.76,64.17
278.80,63.89
278.84,64.50
278.88,63.88
278.92,64.25
278.96,64.56
279.00,63.72
279.04,62.51
279.08,64.28
279.12,64.70
279.16,64.30
279.20,64.76
279.24,63.22
279.28,64.97
279.32,64.67
279.36,63.19
279.40,65.11
279.44,66.00
279.48,64.31
279.52,67.50
279.56,66.53
279.60,64.63
279.64,65.03
279.68,67.09
279.72,65.93
279.76,65.88
279.80,65.32
279.84,66.25
279.88,68.55
279.92,68.10
279.96,67.39
280.00,66.98
280.04,66.58
280.08,66.74
280.12,67.10
280.16,69.49
280.20,67.73
280.24,68.84
280.28,68.98
280.32,68.07
280.36,69.42
280.40,71.35
280.44,70.17
280.48,68.84
280.52,68.33
280.56,71.56
280.60,71.62
280.64,70.08
280.68,71.20
280.72,69.73
280.76,70.72
280.80,69.80
280.84,71.17
280.88,70.51
280.92,73.07
280.96,71.97
281.00,70.35
281.04,70.63
281.08,69.74
281.12,70.65
281.16,71.18
281.20,70.21
281.24,70.46
281.28,71.21
281.32,69.57
281.36,71.10
281.40,71.18
281.44,69.53
281.48,70.86
281.52,68.63
281.56,71.13
281.60,70.48
281.64,69.39
281.68,70.50
281.72,67.75
281.76,68.84
281.80,70.57
281.84,68.71
281.88,67.63
281.92,68.39
281.96,67.16
282.00,69.12
282.04,69.88
282.08,67.94
282.12,68.47
282.16,68.67
282.20,66.95
282.24,70.06
282.28,65.82
282.32,65.83
282.36,67.08
282.40,66.74
282.44,65.33
282.48,66.49
282.52,66.66
282.56,64.68
282.60,66.64
282.64,65.21
282.68,66.66
282.72,66.03
282.76,66.11
282.80,66.20
282.84,66.26
282.88,64.93
282.92,66.51
282.96,64.67
283.00,66.24
283.04,65.50
283.08,66.18
283.12,67.29
283.16,66.05
283.20,64.76
283.24,64.31
283.28,67.28
283.32,65.47
283.36,67.50
283.40,65.39
283.44,67.37
283.48,65.70
283.52,66.76
283.56,66.29
283.60,66.48
283.64,67.08
283.68,65.97
283.72,67.80
283.76,67.34
283.80,67.21
283.84,68.09
283.88,67.70
283.92,67.67
283.96,70.94
284.00,67.72
284.04,67.69
284.08,69.20
284.12,69.34
284.16,72.07
284.20,69.13
284.24,70.86
284.28,70.67
284.32,70.77
284.36,70.87
284.40,72.34
284.44,70.59
284.48,72.61
284.52,71.88
284.56,73.49
284.60,72.80
284.64,71.52
284.68,73.83
284.72,73.83
284.76,72.73
284.80,73.01
284.84,72.67
284.88,73.15
284.92,74.07
284.96,71.40
285.00,73.24
285.04,72.29
285.08,72.82
285.12,73.57
285.16,71.64
285.20,74.62
285.24,72.29
285.28,70.31
285.32,73.34
285.36,72.28
285.40,73.86
285.44,72.75
285.48,72.33
285.52,71.42
285.56,70.20
285.60,72.24
285.64,70.99
285.68,70.74
285.72,70.66
285.76,72.08
285.80,71.99
285.84,70.48
285.88,70.00
285.92,71.34
285.96,70.95
286.00,69.68
286.04,69.85
286.08,69.51
286.12,68.68
286.16,70.32
286.20,68.90
286.24,68.31
286.28,68.83
286.32,67.96
286.36,71.63
286.40,69.85
286.44,67.52
286.48,68.22
286.52,68.00
286.56,67.85
286.60,69.26
286.64,67.37
286.68,68.07
286.72,67.65
286.76,67.76
286.80,66.79
286.84,67.38
286.88,65.09
286.92,68.25
286.96,68.36
287.00,66.81
287.04,66.02
287.08,66.79
287.12,68.27
287.16,66.41
287.20,67.51
287.24,67.19
287.28,68.00
287.32,68.44
287.36,68.21
287.40,69.05
287.44,68.15
287.48,68.52
287.52,67.98
287.56,70.43
287.60,67.43
287.64,68.89
287.68,70.07
287.72,70.71
287.76,68.85
287.80,69.21
287.84,70.24
287.88,70.60
287.92,71.42
287.96,70.38
288.00,70.91
288.04,70.29
288.08,69.68
288.12,72.48
288.16,71.64
288.20,71.62
288.24,71.43
288.28,70.96
288.32,73.06
288.36,71.91
288.40,73.74
288.44,72.13
288.48,73.01
288.52,73.19
288.56,73.18
288.60,74.45
288.64,73.81
288.68,72.93
288.72,72.73
288.76,73.12
288.80,73.15
288.84,74.67
288.88,74.66
288.92,73.69
288.96,74.01
289.00,74.50
289.04,72.88
289.08,73.69
289.12,73.24
289.16,73.15
289.20,73.35
289.24,75.54
289.28,73.19
289.32,73.39
289.36,73.51
289.40,73.15
289.44,72.82
289.48,71.97
289.52,74.06
289.56,73.51
289.60,72.75
289.64,72.32
289.68,71.37
289.72,71.71
289.76,69.77
289.80,72.62
289.84,71.65
289.88,69.38
289.92,70.78
289.96,71.63
290.00,70.17
290.04,71.11
290.08,69.76
290.12,70.23
290.16,69.75
290.20,70.91
290.24,70.19
290.28,71.09
290.32,70.40
290.36,70.75
290.40,67.28
290.44,70.22
290.48,70.69
290.52,69.14
290.56,68.80
290.60,67.74
290.64,69.64
290.68,67.53
290.72,68.32
290.76,68.23
290.80,68.23
290.84,68.16
290.88,67.53
290.92,68.49
290.96,67.78
291.00,67.54
291.04,68.08
291.08,66.96
291.12,67.58
291.16,67.11
291.20,67.80
291.24,66.62
291.28,69.86
291.32,69.80
291.36,67.64
291.40,67.07
291.44,69.10
291.48,71.69
291.52,69.90
291.56,69.07
291.60,68.19
291.64,69.87
291.68,69.69
291.72,69.71
291.76,70.21
291.80,69.57
291.84,67.89
291.88,70.99
291.92,70.28
291.96,72.66
292.00,71.18
292.04,70.83
292.08,72.56
292.12,70.86
292.16,71.24
292.20,71.94
292.24,72.26
292.28,74.16
292.32,70.72
292.36,72.29
292.40,71.40
292.44,74.09
292.48,72.35
292.52,72.12
292.56,73.62
292.60,74.29
292.64,74.76
292.68,75.54
292.72,73.80
292.76,73.21
292.80,74.11
292.84,74.11
292.88,72.76
292.92,73.34
292.96,75.13
293.00,74.37
293.04,74.17
293.08,73.71
293.12,73.63
293.16,73.78
293.20,72.54
293.24,73.94
293.28,75.15
293.32,72.34
293.36,74.16
293.40,74.58
293.44,74.59
293.48,74.15
293.52,71.99
293.56,71.91
293.60,74.72
293.64,73.10
293.68,72.97
293.72,72.83
293.76,72.60
293.80,72.08
293.84,70.93
293.88,71.09
293.92,71.26
293.96,72.27
294.00,71.04
294.04,70.72
294.08,69.67
294.12,70.06
294.16,68.99
294.20,71.54
294.24,69.60
294.28,70.67
294.32,70.29
294.36,68.65
294.40,70.44
294.44,67.24
294.48,69.15
294.52,69.75
294.56,69.24
294.60,69.05
294.64,68.52
294.68,68.68
294.72,68.07
294.76,67.16
294.80,67.51
294.84,65.99
294.88,66.26
294.92,68.41
294.96,67.83
295.00,68.66
295.04,67.74
295.08,67.60
295.12,67.46
295.16,69.15
295.20,68.52
295.24,69.77
295.28,67.94
295.32,67.97
295.36,68.72
295.40,67.59
295.44,68.43
295.48,67.75
295.52,70.55
295.56,68.68
295.60,69.05
295.64,68.34
295.68,69.45
295.72,69.59
295.76,68.61
295.80,68.41
295.84,71.04
295.88,69.55
295.92,72.29
295.96,69.78
296.00,70.11
296.04,69.14
296.08,71.81
296.12,72.05
296.16,71.22
296.20,72.71
296.24,71.91
296.28,70.51
296.32,72.84
296.36,72.73
296.40,72.22
296.44,71.19
296.48,72.95
296.52,74.05
296.56,71.43
296.60,72.03
296.64,74.11
296.68,73.52
296.72,72.92
296.76,74.28
296.80,72.58
296.84,73.28
296.88,73.11
296.92,74.55
296.96,73.84
297.00,74.45
297.04,74.30
297.08,74.28
297.12,73.33
297.16,71.49
297.20,74.96
297.24,72.76
297.28,73.47
297.32,72.36
297.36,73.02
297.40,72.09
297.44,73.90
297.48,72.88
297.52,72.66
297.56,72.28
297.60,72.80
297.64,70.99
297.68,71.72
297.72,70.95
297.76,71.15
297.80,71.29
297.84,72.42
297.88,68.25
297.92,71.98
297.96,70.38
298.00,69.54
298.04,68.86
298.08,69.64
298.12,69.88
298.16,68.27
298.20,68.58
298.24,69.20
298.28,70.45
298.32,71.63
298.36,68.28
298.40,68.92
298.44,68.68
298.48,68.88
298.52,68.49
298.56,67.42
298.60,67.24
298.64,69.62
298.68,66.50
298.72,66.75
298.76,67.19
298.80,68.15
298.84,67.64
298.88,66.52
298.92,66.55
298.96,66.26
299.00,66.74
299.04,66.38
299.08,66.96
299.12,68.38
299.16,66.75
299.20,66.75
299.24,67.52
299.28,67.51
299.32,66.98
299.36,68.00
299.40,67.62
299.44,67.56
299.48,66.25
299.52,67.15
299.56,66.33
299.60,66.00
299.64,68.00
299.68,67.32
299.72,67.08
299.76,69.53
299.80,69.00
299.84,68.16
299.88,69.06
299.92,67.92
299.96,68.55
