# SIMULARE — semnal generat de genereaza_simulare.py, nu inregistrat. Rol: control pozitiv pentru validarea lantului de analiza.
t_s,bpm
0.00,66.34
0.04,67.35
0.08,68.21
0.12,67.93
0.16,67.70
0.20,68.77
0.24,67.32
0.28,68.31
0.32,67.44
0.36,70.42
0.40,69.16
0.44,68.58
0.48,69.66
0.52,67.56
0.56,68.71
0.60,68.81
0.64,71.97
0.68,69.77
0.72,70.97
0.76,68.78
0.80,72.23
0.84,71.28
0.88,72.29
0.92,69.87
0.96,69.45
1.00,71.46
1.04,70.83
1.08,69.93
1.12,70.78
1.16,71.99
1.20,70.94
1.24,71.75
1.28,71.65
1.32,70.29
1.36,71.50
1.40,70.70
1.44,70.74
1.48,68.87
1.52,71.62
1.56,70.57
1.60,68.84
1.64,68.90
1.68,68.17
1.72,70.31
1.76,69.40
1.80,69.75
1.84,68.46
1.88,68.87
1.92,66.70
1.96,67.99
2.00,67.34
2.04,68.39
2.08,68.13
2.12,65.76
2.16,66.67
2.20,69.57
2.24,68.54
2.28,67.88
2.32,66.07
2.36,64.25
2.40,65.65
2.44,67.19
2.48,64.98
2.52,65.56
2.56,68.47
2.60,66.13
2.64,65.46
2.68,66.53
2.72,64.75
2.76,67.04
2.80,65.16
2.84,66.33
2.88,65.31
2.92,66.12
2.96,64.62
3.00,66.43
3.04,64.76
3.08,64.57
3.12,64.59
3.16,66.40
3.20,65.90
3.24,65.41
3.28,63.47
3.32,66.37
3.36,68.35
3.40,65.19
3.44,65.34
3.48,67.92
3.52,67.11
3.56,66.62
3.60,66.60
3.64,67.44
3.68,66.12
3.72,68.41
3.76,68.62
3.80,68.05
3.84,68.52
3.88,68.23
3.92,68.63
3.96,68.65
4.00,69.30
4.04,68.67
4.08,69.85
4.12,67.93
4.16,68.98
4.20,70.41
4.24,69.63
4.28,69.49
4.32,71.09
4.36,70.72
4.40,70.13
4.44,70.69
4.48,71.30
4.52,70.92
4.56,70.75
4.60,71.64
4.64,71.74
4.68,71.74
4.72,71.14
4.76,72.73
4.80,71.76
4.84,71.96
4.88,70.74
4.92,73.06
4.96,72.34
5.00,71.92
5.04,72.07
5.08,72.48
5.12,72.31
5.16,72.65
5.20,71.00
5.24,72.88
5.28,73.07
5.32,72.06
5.36,73.43
5.40,71.01
5.44,71.44
5.48,72.83
5.52,72.87
5.56,72.93
5.60,72.24
5.64,70.43
5.68,70.25
5.72,69.51
5.76,70.35
5.80,70.48
5.84,70.60
5.88,70.15
5.92,70.41
5.96,69.29
6.00,70.42
6.04,70.37
6.08,68.20
6.12,68.91
6.16,70.72
6.20,68.31
6.24,68.46
6.28,68.68
6.32,69.35
6.36,68.34
6.40,68.86
6.44,70.24
6.48,68.00
6.52,67.29
6.56,66.48
6.60,66.39
6.64,68.07
6.68,65.82
6.72,67.60
6.76,66.10
6.80,67.34
6.84,65.11
6.88,65.89
6.92,65.08
6.96,66.96
7.00,68.10
7.04,66.84
7.08,67.11
7.12,66.64
7.16,68.22
7.20,67.38
7.24,65.38
7.28,68.40
7.32,67.00
7.36,67.54
7.40,66.69
7.44,68.87
7.48,67.51
7.52,67.57
7.56,67.20
7.60,68.27
7.64,68.32
7.68,68.79
7.72,68.15
7.76,68.05
7.80,69.97
7.84,67.36
7.88,67.76
7.92,69.40
7.96,69.93
8.00,69.91
8.04,70.06
8.08,69.93
8.12,71.10
8.16,70.32
8.20,71.93
8.24,70.62
8.28,71.05
8.32,70.64
8.36,72.39
8.40,69.36
8.44,71.56
8.48,71.66
8.52,72.89
8.56,72.72
8.60,72.86
8.64,73.10
8.68,73.36
8.72,72.36
8.76,73.34
8.80,72.95
8.84,72.86
8.88,73.94
8.92,74.36
8.96,72.34
9.00,72.84
9.04,73.52
9.08,73.32
9.12,72.22
9.16,74.47
9.20,71.76
9.24,72.54
9.28,73.95
9.32,71.59
9.36,73.23
9.40,70.97
9.44,72.72
9.48,71.12
9.52,71.71
9.56,72.43
9.60,71.01
9.64,72.01
9.68,70.00
9.72,71.75
9.76,71.46
9.80,71.18
9.84,71.22
9.88,69.69
9.92,70.02
9.96,67.88
10.00,69.97
10.04,71.18
10.08,70.17
10.12,69.11
10.16,68.63
10.20,70.83
10.24,68.79
10.28,68.30
10.32,67.82
10.36,70.85
10.40,68.53
10.44,68.30
10.48,68.77
10.52,67.56
10.56,67.97
10.60,68.27
10.64,68.29
10.68,67.34
10.72,67.16
10.76,67.82
10.80,67.06
10.84,65.33
10.88,66.80
10.92,67.97
10.96,67.22
11.00,68.39
11.04,67.04
11.08,66.09
11.12,67.32
11.16,66.74
11.20,66.97
11.24,66.78
11.28,68.72
11.32,67.67
11.36,66.75
11.40,65.65
11.44,66.97
11.48,68.63
11.52,66.43
11.56,69.45
11.60,69.83
11.64,67.20
11.68,69.55
11.72,68.49
11.76,70.81
11.80,69.96
11.84,69.98
11.88,68.90
11.92,68.59
11.96,70.79
12.00,68.76
12.04,70.10
12.08,71.09
12.12,68.98
12.16,70.31
12.20,69.96
12.24,70.56
12.28,71.37
12.32,72.56
12.36,71.65
12.40,72.98
12.44,70.10
12.48,71.62
12.52,70.87
12.56,72.93
12.60,71.69
12.64,71.31
12.68,71.54
12.72,72.93
12.76,71.98
12.80,73.92
12.84,74.76
12.88,72.55
12.92,72.57
12.96,72.07
13.00,74.89
13.04,73.39
13.08,72.89
13.12,72.42
13.16,71.91
13.20,72.28
13.24,72.29
13.28,71.75
13.32,71.66
13.36,70.78
13.40,73.41
13.44,71.04
13.48,72.57
13.52,72.63
13.56,71.47
13.60,71.95
13.64,71.84
13.68,70.65
13.72,72.03
13.76,69.11
13.80,70.55
13.84,69.24
13.88,68.54
13.92,70.02
13.96,70.64
14.00,68.34
14.04,69.40
14.08,68.23
14.12,69.26
14.16,68.50
14.20,68.79
14.24,68.17
14.28,68.56
14.32,66.48
14.36,67.62
14.40,66.40
14.44,67.91
14.48,68.31
14.52,67.79
14.56,68.91
14.60,67.55
14.64,66.08
14.68,66.75
14.72,66.70
14.76,67.07
14.80,66.27
14.84,65.97
14.88,64.35
14.92,66.06
14.96,66.57
15.00,67.70
15.04,66.20
15.08,66.91
15.12,68.22
15.16,66.20
15.20,66.17
15.24,65.02
15.28,67.39
15.32,66.04
15.36,67.61
15.40,65.81
15.44,67.15
15.48,67.47
15.52,68.16
15.56,66.87
15.60,67.48
15.64,67.09
15.68,67.01
15.72,70.14
15.76,68.68
15.80,68.35
15.84,68.83
15.88,69.66
15.92,70.41
15.96,68.85
16.00,68.61
16.04,68.32
16.08,71.86
16.12,69.23
16.16,69.07
16.20,70.88
16.24,69.78
16.28,69.26
16.32,70.81
16.36,71.19
16.40,71.86
16.44,70.97
16.48,71.13
16.52,70.22
16.56,70.97
16.60,71.18
16.64,69.77
16.68,72.58
16.72,72.45
16.76,69.48
16.80,70.41
16.84,71.78
16.88,70.96
16.92,71.21
16.96,72.91
17.00,71.76
17.04,70.89
17.08,71.68
17.12,72.91
17.16,71.38
17.20,71.99
17.24,70.65
17.28,71.48
17.32,71.27
17.36,70.51
17.40,72.33
17.44,70.03
17.48,69.27
17.52,69.57
17.56,68.89
17.60,70.55
17.64,69.48
17.68,69.98
17.72,69.31
17.76,69.79
17.80,68.58
17.84,67.92
17.88,68.65
17.92,67.67
17.96,67.45
18.00,68.39
18.04,68.96
18.08,68.53
18.12,67.60
18.16,67.71
18.20,68.46
18.24,66.12
18.28,66.17
18.32,68.62
18.36,65.94
18.40,65.61
18.44,66.09
18.48,66.70
18.52,65.68
18.56,65.47
18.60,66.78
18.64,64.02
18.68,64.75
18.72,65.31
18.76,64.67
18.80,64.86
18.84,63.62
18.88,64.93
18.92,64.44
18.96,64.68
19.00,64.71
19.04,65.38
19.08,64.66
19.12,65.73
19.16,65.12
19.20,64.54
19.24,64.78
19.28,64.18
19.32,64.49
19.36,65.16
19.40,67.40
19.44,65.64
19.48,65.76
19.52,65.64
19.56,63.86
19.60,67.27
19.64,65.83
19.68,67.44
19.72,66.01
19.76,66.07
19.80,68.11
19.84,65.18
19.88,66.76
19.92,68.32
19.96,67.29
20.00,66.53
20.04,68.65
20.08,68.25
20.12,68.88
20.16,69.13
20.20,67.27
20.24,68.44
20.28,66.96
20.32,69.27
20.36,68.18
20.40,68.78
20.44,69.13
20.48,68.43
20.52,70.49
20.56,69.04
20.60,70.21
20.64,69.82
20.68,69.97
20.72,70.33
20.76,70.05
20.80,68.59
20.84,71.01
20.88,69.16
20.92,70.22
20.96,69.62
21.00,70.24
21.04,70.08
21.08,69.93
21.12,70.10
21.16,70.96
21.20,69.31
21.24,69.78
21.28,68.76
21.32,70.11
21.36,69.26
21.40,68.75
21.44,68.87
21.48,67.54
21.52,68.24
21.56,68.76
21.60,69.56
21.64,67.57
21.68,68.44
21.72,68.55
21.76,65.77
21.80,67.14
21.84,66.77
21.88,64.89
21.92,66.50
21.96,68.26
22.00,68.10
22.04,63.69
22.08,67.72
22.12,66.71
22.16,66.09
22.20,64.52
22.24,64.57
22.28,65.85
22.32,65.63
22.36,66.84
22.40,64.45
22.44,63.85
22.48,64.73
22.52,64.60
22.56,64.10
22.60,64.83
22.64,64.37
22.68,62.88
22.72,64.08
22.76,63.72
22.80,64.43
22.84,63.79
22.88,64.37
22.92,64.62
22.96,64.00
23.00,63.08
23.04,63.32
23.08,63.01
23.12,61.97
23.16,64.62
23.20,63.63
23.24,63.60
23.28,64.38
23.32,63.34
23.36,63.89
23.40,64.24
23.44,63.48
23.48,62.16
23.52,63.96
23.56,64.02
23.60,63.90
23.64,63.47
23.68,65.56
23.72,63.41
23.76,63.46
23.80,63.20
23.84,64.78
23.88,64.17
23.92,66.41
23.96,64.10
24.00,66.63
24.04,65.46
24.08,67.83
24.12,66.70
24.16,67.34
24.20,67.57
24.24,67.21
24.28,66.93
24.32,65.08
24.36,67.76
24.40,65.71
24.44,65.33
24.48,67.56
24.52,68.22
24.56,67.36
24.60,67.54
24.64,67.71
24.68,67.74
24.72,67.84
24.76,67.76
24.80,67.71
24.84,68.13
24.88,67.75
24.92,68.58
24.96,69.74
25.00,67.87
25.04,69.12
25.08,68.92
25.12,68.17
25.16,68.56
25.20,68.67
25.24,68.37
25.28,69.04
25.32,68.48
25.36,67.83
25.40,66.97
25.44,67.08
25.48,68.90
25.52,66.78
25.56,65.85
25.60,66.67
25.64,65.64
25.68,66.91
25.72,64.89
25.76,64.10
25.80,65.60
25.84,65.58
25.88,65.05
25.92,63.84
25.96,65.39
26.00,66.35
26.04,64.74
26.08,65.53
26.12,64.58
26.16,64.20
26.20,63.17
26.24,63.41
26.28,62.73
26.32,64.87
26.36,63.32
26.40,63.20
26.44,63.22
26.48,62.69
26.52,64.19
26.56,63.46
26.60,61.52
26.64,62.24
26.68,62.24
26.72,61.07
26.76,62.96
26.80,60.35
26.84,61.61
26.88,62.05
26.92,60.65
26.96,61.70
27.00,61.98
27.04,61.56
27.08,60.79
27.12,61.23
27.16,60.16
27.20,61.03
27.24,59.26
27.28,62.84
27.32,60.77
27.36,62.58
27.40,62.90
27.44,63.23
27.48,61.87
27.52,63.60
27.56,61.87
27.60,62.81
27.64,62.21
27.68,65.39
27.72,62.31
27.76,62.18
27.80,62.65
27.84,63.90
27.88,64.52
27.92,65.10
27.96,64.73
28.00,64.90
28.04,63.97
28.08,65.26
28.12,65.52
28.16,66.39
28.20,63.36
28.24,65.34
28.28,66.81
28.32,65.77
28.36,65.48
28.40,66.16
28.44,66.53
28.48,66.68
28.52,65.65
28.56,67.42
28.60,65.97
28.64,66.24
28.68,68.84
28.72,65.61
28.76,66.19
28.80,68.05
28.84,68.31
28.88,67.62
28.92,68.10
28.96,67.39
29.00,66.20
29.04,67.90
29.08,66.32
29.12,66.28
29.16,67.76
29.20,66.49
29.24,67.52
29.28,66.44
29.32,69.02
29.36,66.69
29.40,67.77
29.44,65.99
29.48,65.80
29.52,66.76
29.56,68.28
29.60,66.61
29.64,65.52
29.68,65.06
29.72,65.51
29.76,66.51
29.80,66.06
29.84,64.41
29.88,65.64
29.92,64.06
29.96,65.79
30.00,64.38
30.04,65.26
30.08,63.19
30.12,63.15
30.16,64.66
30.20,62.46
30.24,65.11
30.28,61.85
30.32,61.84
30.36,63.87
30.40,61.00
30.44,60.92
30.48,61.99
30.52,62.81
30.56,62.03
30.60,60.96
30.64,61.46
30.68,62.29
30.72,60.20
30.76,61.44
30.80,60.62
30.84,61.82
30.88,61.71
30.92,61.87
30.96,61.29
31.00,60.86
31.04,61.03
31.08,63.54
31.12,59.94
31.16,62.06
31.20,61.34
31.24,60.53
31.28,59.79
31.32,62.84
31.36,61.92
31.40,60.75
31.44,62.11
31.48,62.51
31.52,61.76
31.56,62.99
31.60,64.00
31.64,63.49
31.68,62.11
31.72,63.81
31.76,64.35
31.80,61.62
31.84,61.98
31.88,63.34
31.92,62.86
31.96,62.76
32.00,63.46
32.04,64.94
32.08,64.48
32.12,64.44
32.16,64.80
32.20,65.02
32.24,64.63
32.28,67.32
32.32,65.38
32.36,66.32
32.40,66.41
32.44,64.62
32.48,66.99
32.52,66.01
32.56,65.07
32.60,67.82
32.64,66.17
32.68,68.16
32.72,67.77
32.76,67.27
32.80,67.82
32.84,67.03
32.88,66.61
32.92,67.63
32.96,66.75
33.00,66.36
33.04,68.13
33.08,67.13
33.12,67.33
33.16,67.87
33.20,67.08
33.24,66.78
33.28,67.64
33.32,65.61
33.36,66.56
33.40,66.82
33.44,66.77
33.48,66.97
33.52,65.92
33.56,65.05
33.60,67.93
33.64,65.82
33.68,65.28
33.72,66.17
33.76,66.19
33.80,65.86
33.84,65.96
33.88,63.72
33.92,65.44
33.96,66.16
34.00,63.60
34.04,65.65
34.08,64.86
34.12,65.75
34.16,63.03
34.20,63.61
34.24,65.52
34.28,65.34
34.32,63.51
34.36,63.20
34.40,62.73
34.44,62.80
34.48,63.20
34.52,64.17
34.56,62.93
34.60,62.64
34.64,61.97
34.68,64.27
34.72,62.74
34.76,61.88
34.80,62.74
34.84,62.11
34.88,60.23
34.92,63.04
34.96,62.20
35.00,61.02
35.04,63.33
35.08,62.05
35.12,61.44
35.16,60.16
35.20,61.59
35.24,62.15
35.28,61.39
35.32,63.63
35.36,61.87
35.40,61.55
35.44,63.64
35.48,63.69
35.52,62.57
35.56,61.76
35.60,63.21
35.64,63.80
35.68,61.66
35.72,63.95
35.76,64.99
35.80,64.30
35.84,64.38
35.88,65.22
35.92,64.53
35.96,65.08
36.00,63.66
36.04,65.24
36.08,65.99
36.12,65.45
36.16,65.77
36.20,64.59
36.24,65.02
36.28,65.49
36.32,65.61
36.36,66.36
36.40,67.17
36.44,67.10
36.48,66.33
36.52,67.18
36.56,67.58
36.60,68.81
36.64,67.25
36.68,65.01
36.72,68.15
36.76,69.07
36.80,68.76
36.84,66.79
36.88,69.47
36.92,66.63
36.96,68.57
37.00,66.95
37.04,68.43
37.08,66.72
37.12,68.89
37.16,68.82
37.20,68.37
37.24,68.92
37.28,69.19
37.32,67.41
37.36,69.06
37.40,67.70
37.44,68.29
37.48,66.41
37.52,68.13
37.56,67.00
37.60,68.52
37.64,65.83
37.68,67.33
37.72,66.03
37.76,66.63
37.80,66.89
37.84,66.65
37.88,68.23
37.92,65.56
37.96,66.36
38.00,65.10
38.04,64.62
38.08,64.39
38.12,64.30
38.16,66.99
38.20,65.16
38.24,62.87
38.28,64.54
38.32,63.36
38.36,63.78
38.40,64.14
38.44,63.27
38.48,65.53
38.52,62.18
38.56,64.35
38.60,64.27
38.64,63.15
38.68,64.59
38.72,63.52
38.76,62.18
38.80,62.39
38.84,62.68
38.88,62.25
38.92,61.84
38.96,63.94
39.00,63.92
39.04,63.76
39.08,62.83
39.12,63.33
39.16,64.34
39.20,63.59
39.24,63.40
39.28,62.96
39.32,61.68
39.36,63.51
39.40,62.67
39.44,65.17
39.48,64.05
39.52,64.18
39.56,63.87
39.60,65.52
39.64,63.77
39.68,64.47
39.72,66.44
39.76,65.07
39.80,66.11
39.84,64.36
39.88,66.16
39.92,66.87
39.96,64.29
40.00,66.33
40.04,67.08
40.08,66.74
40.12,68.97
40.16,67.45
40.20,66.51
40.24,65.27
40.28,66.74
40.32,67.69
40.36,68.51
40.40,70.11
40.44,68.20
40.48,67.88
40.52,69.84
40.56,68.39
40.60,68.92
40.64,69.46
40.68,69.27
40.72,68.84
40.76,69.51
40.80,69.67
40.84,70.54
40.88,67.11
40.92,69.29
40.96,69.02
41.00,69.60
41.04,69.56
41.08,67.65
41.12,68.76
41.16,70.19
41.20,69.15
41.24,68.66
41.28,68.04
41.32,68.45
41.36,68.47
41.40,70.47
41.44,67.97
41.48,70.38
41.52,67.57
41.56,69.17
41.60,68.56
41.64,68.13
41.68,67.13
41.72,68.22
41.76,67.66
41.80,68.82
41.84,67.45
41.88,65.53
41.92,66.65
41.96,67.06
42.00,67.01
42.04,66.42
42.08,66.61
42.12,65.15
42.16,66.22
42.20,68.42
42.24,66.82
42.28,64.96
42.32,63.16
42.36,65.03
42.40,64.65
42.44,64.96
42.48,64.67
42.52,65.13
42.56,64.44
42.60,64.86
42.64,64.16
42.68,64.28
42.72,64.93
42.76,63.67
42.80,64.98
42.84,64.35
42.88,66.27
42.92,63.76
42.96,62.50
43.00,64.61
43.04,62.95
43.08,64.30
43.12,65.31
43.16,64.26
43.20,63.32
43.24,64.20
43.28,64.91
43.32,65.85
43.36,63.95
43.40,63.87
43.44,65.85
43.48,66.43
43.52,64.49
43.56,65.73
43.60,66.18
43.64,66.10
43.68,67.40
43.72,66.67
43.76,66.26
43.80,65.82
43.84,66.45
43.88,66.49
43.92,65.60
43.96,66.61
44.00,66.41
44.04,69.52
44.08,68.93
44.12,68.16
44.16,67.00
44.20,68.20
44.24,69.14
44.28,68.95
44.32,69.82
44.36,68.81
44.40,68.38
44.44,70.53
44.48,70.22
44.52,69.66
44.56,69.75
44.60,70.50
44.64,69.72
44.68,69.12
44.72,69.86
44.76,70.39
44.80,71.54
44.84,70.30
44.88,69.93
44.92,72.37
44.96,70.87
45.00,70.85
45.04,69.99
45.08,70.01
45.12,69.39
45.16,71.18
45.20,69.43
45.24,70.92
45.28,71.16
45.32,69.17
45.36,70.26
45.40,70.63
45.44,71.11
45.48,69.96
45.52,69.05
45.56,69.24
45.60,69.90
45.64,69.56
45.68,69.44
45.72,68.34
45.76,68.51
45.80,68.62
45.84,68.70
45.88,68.83
45.92,69.18
45.96,66.97
46.00,66.31
46.04,68.88
46.08,67.08
46.12,66.39
46.16,67.60
46.20,65.82
46.24,67.81
46.28,66.13
46.32,66.95
46.36,66.93
46.40,66.87
46.44,66.46
46.48,67.02
46.52,65.20
46.56,64.79
46.60,66.84
46.64,64.84
46.68,64.93
46.72,65.21
46.76,65.14
46.80,66.01
46.84,65.32
46.88,66.21
46.92,65.39
46.96,63.80
47.00,65.27
47.04,65.50
47.08,64.43
47.12,65.52
47.16,64.42
47.20,65.83
47.24,64.22
47.28,65.46
47.32,64.93
47.36,65.54
47.40,65.92
47.44,66.71
47.48,66.41
47.52,66.68
47.56,65.08
47.60,64.33
47.64,65.81
47.68,67.81
47.72,66.06
47.76,66.17
47.80,66.85
47.84,68.28
47.88,67.71
47.92,68.47
47.96,68.13
48.00,68.53
48.04,67.25
48.08,69.36
48.12,66.18
48.16,66.93
48.20,69.45
48.24,68.90
48.28,69.22
48.32,67.07
48.36,69.84
48.40,71.28
48.44,69.08
48.48,71.07
48.52,68.79
48.56,70.33
48.60,72.14
48.64,72.26
48.68,69.91
48.72,71.61
48.76,71.75
48.80,69.96
48.84,70.81
48.88,70.60
48.92,71.20
48.96,72.09
49.00,69.74
49.04,72.30
49.08,70.60
49.12,71.84
49.16,71.72
49.20,70.40
49.24,70.03
49.28,68.79
49.32,71.52
49.36,68.18
49.40,69.93
49.44,71.39
49.48,70.56
49.52,71.11
49.56,70.53
49.60,70.22
49.64,69.34
49.68,70.05
49.72,70.25
49.76,68.95
49.80,69.72
49.84,68.69
49.88,68.67
49.92,69.83
49.96,68.25
50.00,69.28
50.04,68.05
50.08,65.66
50.12,66.99
50.16,66.67
50.20,67.09
50.24,67.58
50.28,65.66
50.32,67.59
50.36,66.16
50.40,66.71
50.44,65.42
50.48,66.38
50.52,66.86
50.56,65.06
50.60,66.12
50.64,65.99
50.68,64.52
50.72,64.83
50.76,66.02
50.80,64.15
50.84,65.05
50.88,65.09
50.92,64.08
50.96,65.41
51.00,64.50
51.04,66.39
51.08,63.55
51.12,63.89
51.16,64.41
51.20,63.47
51.24,65.61
51.28,66.11
51.32,66.33
51.36,66.23
51.40,65.74
51.44,65.37
51.48,66.20
51.52,66.20
51.56,65.76
51.60,66.04
51.64,67.07
51.68,67.23
51.72,67.05
51.76,65.86
51.80,66.83
51.84,67.27
51.88,67.52
51.92,65.93
51.96,67.56
52.00,67.36
52.04,68.82
52.08,68.86
52.12,68.11
52.16,67.59
52.20,68.51
52.24,69.31
52.28,70.12
52.32,69.47
52.36,69.38
52.40,68.74
52.44,70.27
52.48,70.52
52.52,69.14
52.56,70.64
52.60,70.58
52.64,70.89
52.68,70.94
52.72,71.59
52.76,70.43
52.80,70.06
52.84,71.09
52.88,71.26
52.92,69.99
52.96,71.18
53.00,72.52
53.04,70.88
53.08,71.96
53.12,71.40
53.16,70.17
53.20,70.87
53.24,71.13
53.28,70.14
53.32,70.29
53.36,68.99
53.40,69.57
53.44,70.00
53.48,69.76
53.52,69.35
53.56,69.11
53.60,68.56
53.64,69.64
53.68,68.23
53.72,69.11
53.76,68.54
53.80,66.55
53.84,67.53
53.88,66.93
53.92,67.13
53.96,69.73
54.00,67.81
54.04,65.57
54.08,66.41
54.12,66.55
54.16,66.21
54.20,65.67
54.24,67.32
54.28,66.28
54.32,66.00
54.36,65.72
54.40,65.40
54.44,65.35
54.48,65.61
54.52,64.41
54.56,64.56
54.60,66.81
54.64,64.25
54.68,64.14
54.72,64.79
54.76,65.75
54.80,64.21
54.84,65.44
54.88,64.59
54.92,63.60
54.96,63.49
55.00,63.66
55.04,62.13
55.08,62.95
55.12,64.64
55.16,64.25
55.20,62.44
55.24,64.28
55.28,64.06
55.32,63.50
55.36,64.10
55.40,64.81
55.44,64.76
55.48,62.88
55.52,65.31
55.56,65.27
55.60,65.25
55.64,63.87
55.68,65.06
55.72,65.48
55.76,65.87
55.80,67.74
55.84,68.39
55.88,66.24
55.92,66.40
55.96,65.32
56.00,63.79
56.04,66.22
56.08,66.08
56.12,66.04
56.16,67.80
56.20,67.67
56.24,67.05
56.28,67.38
56.32,68.96
56.36,68.64
56.40,66.03
56.44,67.64
56.48,68.65
56.52,68.73
56.56,68.08
56.60,69.60
56.64,67.55
56.68,70.56
56.72,69.40
56.76,69.18
56.80,69.53
56.84,68.87
56.88,70.40
56.92,68.82
56.96,68.83
57.00,69.93
57.04,69.00
57.08,67.67
57.12,68.16
57.16,69.21
57.20,69.15
57.24,68.04
57.28,68.73
57.32,68.12
57.36,68.62
57.40,69.07
57.44,68.33
57.48,70.25
57.52,67.44
57.56,66.62
57.60,66.61
57.64,67.74
57.68,66.95
57.72,66.96
57.76,67.99
57.80,66.76
57.84,67.46
57.88,66.35
57.92,66.29
57.96,66.94
58.00,67.25
58.04,65.21
58.08,65.04
58.12,64.51
58.16,65.25
58.20,65.81
58.24,65.40
58.28,63.56
58.32,65.81
58.36,65.66
58.40,61.73
58.44,63.02
58.48,64.29
58.52,62.64
58.56,62.97
58.60,62.46
58.64,61.23
58.68,62.90
58.72,63.22
58.76,63.41
58.80,61.87
58.84,62.66
58.88,62.60
58.92,61.65
58.96,61.75
59.00,62.03
59.04,62.06
59.08,60.40
59.12,62.70
59.16,61.62
59.20,63.08
59.24,61.85
59.28,61.91
59.32,64.33
59.36,61.95
59.40,65.00
59.44,62.83
59.48,62.96
59.52,64.12
59.56,61.30
59.60,63.12
59.64,62.58
59.68,63.47
59.72,63.19
59.76,66.40
59.80,63.82
59.84,65.43
59.88,63.37
59.92,65.51
59.96,64.80
60.00,67.19
60.04,63.74
60.08,64.58
60.12,66.19
60.16,65.09
60.20,65.07
60.24,65.41
60.28,66.37
60.32,66.40
60.36,67.18
60.40,66.27
60.44,65.54
60.48,67.99
60.52,67.14
60.56,65.80
60.60,68.32
60.64,68.08
60.68,66.42
60.72,66.87
60.76,67.47
60.80,65.69
60.84,66.76
60.88,66.80
60.92,67.22
60.96,67.86
61.00,66.52
61.04,67.14
61.08,66.01
61.12,69.11
61.16,66.03
61.20,67.60
61.24,67.85
61.28,66.97
61.32,65.69
61.36,66.31
61.40,67.65
61.44,66.37
61.48,65.16
61.52,65.18
61.56,66.44
61.60,64.92
61.64,64.06
61.68,66.51
61.72,66.41
61.76,64.63
61.80,65.17
61.84,63.89
61.88,66.30
61.92,65.07
61.96,64.31
62.00,63.81
62.04,64.34
62.08,63.02
62.12,62.70
62.16,62.68
62.20,61.93
62.24,61.74
62.28,61.39
62.32,62.48
62.36,62.20
62.40,62.58
62.44,59.95
62.48,63.09
62.52,61.60
62.56,61.20
62.60,62.24
62.64,60.27
62.68,60.35
62.72,60.93
62.76,60.21
62.80,62.60
62.84,61.58
62.88,60.57
62.92,58.04
62.96,60.96
63.00,60.29
63.04,60.14
63.08,59.83
63.12,59.26
63.16,61.55
63.20,59.89
63.24,62.32
63.28,61.03
63.32,59.76
63.36,61.02
63.40,61.12
63.44,61.67
63.48,61.12
63.52,61.86
63.56,60.49
63.60,60.66
63.64,61.95
63.68,61.22
63.72,63.42
63.76,63.31
63.80,62.07
63.84,61.33
63.88,62.04
63.92,62.93
63.96,63.84
64.00,63.78
64.04,61.85
64.08,62.75
64.12,63.49
64.16,64.34
64.20,64.89
64.24,63.87
64.28,62.67
64.32,64.87
64.36,63.46
64.40,65.28
64.44,66.32
64.48,63.59
64.52,66.14
64.56,64.84
64.60,66.51
64.64,65.10
64.68,65.81
64.72,66.45
64.76,66.38
64.80,66.32
64.84,64.69
64.88,67.47
64.92,65.46
64.96,65.33
65.00,66.02
65.04,63.63
65.08,66.92
65.12,65.38
65.16,64.34
65.20,66.16
65.24,67.28
65.28,64.26
65.32,66.49
65.36,65.20
65.40,64.86
65.44,64.04
65.48,64.37
65.52,63.55
65.56,64.29
65.60,64.05
65.64,62.48
65.68,63.88
65.72,63.37
65.76,64.72
65.80,62.38
65.84,63.37
65.88,62.51
65.92,62.95
65.96,62.49
66.00,61.95
66.04,62.17
66.08,62.38
66.12,61.97
66.16,62.87
66.20,61.57
66.24,62.37
66.28,61.03
66.32,60.34
66.36,61.78
66.40,60.52
66.44,60.27
66.48,60.93
66.52,59.02
66.56,60.30
66.60,60.19
66.64,58.87
66.68,60.96
66.72,58.49
66.76,59.10
66.80,56.77
66.84,59.12
66.88,59.32
66.92,60.04
66.96,57.91
67.00,59.28
67.04,58.41
67.08,57.91
67.12,58.61
67.16,59.70
67.20,60.41
67.24,59.01
67.28,59.40
67.32,60.23
67.36,58.19
67.40,59.22
67.44,57.57
67.48,59.18
67.52,58.79
67.56,60.61
67.60,60.05
67.64,60.83
67.68,59.32
67.72,60.43
67.76,62.11
67.80,61.25
67.84,61.68
67.88,61.46
67.92,62.27
67.96,60.45
68.00,61.81
68.04,63.28
68.08,62.52
68.12,64.24
68.16,62.67
68.20,63.89
68.24,62.39
68.28,62.94
68.32,65.29
68.36,62.50
68.40,63.56
68.44,62.63
68.48,63.83
68.52,64.19
68.56,64.92
68.60,65.93
68.64,63.85
68.68,64.49
68.72,63.04
68.76,64.84
68.80,65.14
68.84,64.47
68.88,63.49
68.92,64.63
68.96,64.33
69.00,64.07
69.04,65.94
69.08,64.83
69.12,63.86
69.16,63.34
69.20,63.96
69.24,64.15
69.28,65.03
69.32,64.52
69.36,63.73
69.40,63.43
69.44,63.89
69.48,66.39
69.52,62.73
69.56,64.02
69.60,63.55
69.64,63.30
69.68,62.47
69.72,63.44
69.76,63.35
69.80,61.00
69.84,61.40
69.88,62.11
69.92,60.77
69.96,62.57
70.00,61.31
70.04,60.68
70.08,61.12
70.12,60.68
70.16,60.15
70.20,59.97
70.24,59.59
70.28,59.28
70.32,58.60
70.36,61.35
70.40,59.76
70.44,59.15
70.48,59.70
70.52,59.31
70.56,59.84
70.60,58.61
70.64,58.36
70.68,58.97
70.72,58.72
70.76,58.84
70.80,56.78
70.84,57.95
70.88,57.02
70.92,59.59
70.96,59.14
71.00,60.77
71.04,58.15
71.08,57.79
71.12,59.30
71.16,57.58
71.20,58.48
71.24,59.65
71.28,58.05
71.32,57.96
71.36,59.35
71.40,58.24
71.44,60.53
71.48,59.12
71.52,59.00
71.56,59.94
71.60,61.16
71.64,61.29
71.68,59.88
71.72,59.88
71.76,59.79
71.80,61.99
71.84,61.01
71.88,60.72
71.92,60.25
71.96,60.09
72.00,61.46
72.04,61.70
72.08,62.00
72.12,63.07
72.16,60.11
72.20,62.32
72.24,61.28
72.28,63.08
72.32,63.62
72.36,62.03
72.40,62.60
72.44,64.68
72.48,64.61
72.52,63.42
72.56,65.15
72.60,64.32
72.64,64.59
72.68,63.89
72.72,65.08
72.76,64.26
72.80,63.61
72.84,65.65
72.88,64.64
72.92,65.49
72.96,64.60
73.00,63.72
73.04,66.20
73.08,64.95
73.12,65.48
73.16,63.63
73.20,64.05
73.24,63.22
73.28,62.62
73.32,63.53
73.36,63.97
73.40,64.88
73.44,65.03
73.48,63.64
73.52,63.46
73.56,62.04
73.60,62.71
73.64,64.58
73.68,63.66
73.72,64.15
73.76,62.28
73.80,61.99
73.84,61.91
73.88,62.50
73.92,63.50
73.96,61.41
74.00,61.46
74.04,62.32
74.08,61.21
74.12,62.63
74.16,61.28
74.20,61.82
74.24,61.64
74.28,59.80
74.32,59.15
74.36,60.76
74.40,60.02
74.44,59.68
74.48,59.82
74.52,60.23
74.56,58.84
74.60,59.50
74.64,60.47
74.68,57.86
74.72,59.04
74.76,59.99
74.80,58.82
74.84,60.76
74.88,57.93
74.92,59.09
74.96,59.61
75.00,60.05
75.04,58.66
75.08,58.71
75.12,58.51
75.16,57.43
75.20,59.79
75.24,60.21
75.28,58.79
75.32,60.20
75.36,59.74
75.40,60.62
75.44,59.26
75.48,60.66
75.52,60.04
75.56,61.36
75.60,61.57
75.64,60.85
75.68,58.81
75.72,61.24
75.76,59.64
75.80,61.56
75.84,62.70
75.88,62.28
75.92,61.56
75.96,62.35
76.00,62.64
76.04,63.58
76.08,64.69
76.12,62.22
76.16,62.35
76.20,62.63
76.24,62.74
76.28,63.21
76.32,64.33
76.36,65.74
76.40,64.17
76.44,65.25
76.48,65.57
76.52,63.52
76.56,64.46
76.60,66.59
76.64,64.57
76.68,64.67
76.72,64.33
76.76,65.59
76.80,64.33
76.84,64.98
76.88,63.99
76.92,66.05
76.96,66.26
77.00,66.50
77.04,65.63
77.08,66.98
77.12,67.10
77.16,64.34
77.20,64.57
77.24,64.36
77.28,65.15
77.32,66.36
77.36,64.75
77.40,63.91
77.44,66.35
77.48,65.67
77.52,65.38
77.56,64.10
77.60,66.33
77.64,65.60
77.68,63.72
77.72,63.40
77.76,64.80
77.80,62.20
77.84,64.11
77.88,64.01
77.92,61.29
77.96,63.96
78.00,63.82
78.04,62.55
78.08,62.80
78.12,62.22
78.16,61.67
78.20,61.41
78.24,63.04
78.28,61.06
78.32,61.53
78.36,61.47
78.40,60.47
78.44,61.54
78.48,61.96
78.52,63.00
78.56,59.65
78.60,59.38
78.64,59.87
78.68,59.73
78.72,61.24
78.76,60.93
78.80,60.23
78.84,61.21
78.88,61.26
78.92,59.98
78.96,58.53
79.00,60.76
79.04,60.38
79.08,59.76
79.12,60.57
79.16,61.11
79.20,61.27
79.24,61.09
79.28,61.84
79.32,60.44
79.36,59.62
79.40,59.97
79.44,60.45
79.48,63.09
79.52,58.83
79.56,61.12
79.60,61.85
79.64,62.46
79.68,62.72
79.72,62.05
79.76,61.21
79.80,62.71
79.84,63.77
79.88,63.78
79.92,63.06
79.96,63.65
80.00,62.97
80.04,63.66
80.08,62.84
80.12,66.10
80.16,64.31
80.20,64.60
80.24,64.86
80.28,66.18
80.32,64.12
80.36,64.45
80.40,66.98
80.44,66.05
80.48,67.03
80.52,65.68
80.56,68.56
80.60,65.47
80.64,67.65
80.68,66.17
80.72,67.62
80.76,66.28
80.80,68.84
80.84,67.12
80.88,65.99
80.92,68.24
80.96,65.27
81.00,67.16
81.04,67.58
81.08,65.78
81.12,67.35
81.16,67.15
81.20,66.69
81.24,68.08
81.28,66.12
81.32,66.12
81.36,67.11
81.40,67.76
81.44,66.84
81.48,66.24
81.52,66.38
81.56,67.06
81.60,65.13
81.64,67.56
81.68,67.08
81.72,64.53
81.76,67.20
81.80,66.89
81.84,65.44
81.88,64.95
81.92,64.50
81.96,64.83
82.00,65.55
82.04,63.67
82.08,65.47
82.12,61.96
82.16,64.10
82.20,62.09
82.24,63.00
82.28,62.32
82.32,63.90
82.36,62.07
82.40,62.87
82.44,61.98
82.48,63.72
82.52,62.12
82.56,63.52
82.60,61.18
82.64,63.55
82.68,62.26
82.72,60.87
82.76,61.34
82.80,62.36
82.84,62.00
82.88,61.38
82.92,61.25
82.96,61.09
83.00,62.36
83.04,62.75
83.08,62.73
83.12,61.39
83.16,63.39
83.20,62.24
83.24,61.53
83.28,62.03
83.32,61.49
83.36,61.50
83.40,63.37
83.44,61.06
83.48,61.72
83.52,63.33
83.56,63.49
83.60,62.74
83.64,63.69
83.68,64.27
83.72,65.11
83.76,64.23
83.80,63.73
83.84,63.57
83.88,65.33
83.92,64.58
83.96,64.33
84.00,66.42
84.04,64.65
84.08,64.46
84.12,67.29
84.16,68.08
84.20,68.14
84.24,65.71
84.28,67.69
84.32,66.44
84.36,67.65
84.40,67.18
84.44,66.57
84.48,68.19
84.52,67.22
84.56,68.67
84.60,67.89
84.64,68.21
84.68,67.08
84.72,69.21
84.76,69.06
84.80,68.93
84.84,67.00
84.88,68.26
84.92,68.89
84.96,68.99
85.00,68.19
85.04,69.20
85.08,68.80
85.12,68.83
85.16,67.50
85.20,70.20
85.24,68.22
85.28,68.58
85.32,69.23
85.36,68.77
85.40,68.46
85.44,68.13
85.48,67.03
85.52,68.06
85.56,69.05
85.60,67.85
85.64,67.03
85.68,66.01
85.72,66.86
85.76,67.70
85.80,66.14
85.84,66.92
85.88,65.72
85.92,67.03
85.96,65.87
86.00,65.89
86.04,65.59
86.08,65.42
86.12,64.44
86.16,63.55
86.20,65.35
86.24,63.39
86.28,65.03
86.32,64.02
86.36,64.03
86.40,65.11
86.44,63.48
86.48,64.60
86.52,64.88
86.56,62.94
86.60,63.91
86.64,62.76
86.68,63.55
86.72,64.19
86.76,64.01
86.80,62.78
86.84,63.22
86.88,63.01
86.92,62.39
86.96,63.61
87.00,63.17
87.04,63.62
87.08,64.01
87.12,62.89
87.16,61.96
87.20,63.88
87.24,61.56
87.28,62.97
87.32,62.54
87.36,65.36
87.40,64.24
87.44,62.60
87.48,63.61
87.52,65.37
87.56,63.12
87.60,63.77
87.64,65.27
87.68,64.54
87.72,65.22
87.76,64.30
87.80,65.51
87.84,64.68
87.88,65.97
87.92,65.58
87.96,65.79
88.00,65.77
88.04,67.90
88.08,67.74
88.12,66.09
88.16,67.05
88.20,66.97
88.24,68.95
88.28,67.81
88.32,68.85
88.36,68.50
88.40,68.85
88.44,69.25
88.48,66.30
88.52,69.61
88.56,70.16
88.60,68.57
88.64,67.49
88.68,68.99
88.72,70.30
88.76,68.96
88.80,70.26
88.84,70.21
88.88,68.76
88.92,68.24
88.96,70.34
89.00,69.53
89.04,69.43
89.08,68.62
89.12,68.37
89.16,70.28
89.20,69.41
89.24,69.72
89.28,69.20
89.32,68.05
89.36,68.54
89.40,69.02
89.44,68.29
89.48,69.05
89.52,67.85
89.56,68.36
89.60,69.44
89.64,67.12
89.68,68.60
89.72,67.68
89.76,67.25
89.80,68.11
89.84,66.89
89.88,67.35
89.92,67.48
89.96,68.02
90.00,65.88
90.04,66.76
90.08,66.05
90.12,65.54
90.16,66.25
90.20,65.11
90.24,65.60
90.28,64.24
90.32,66.14
90.36,64.67
90.40,64.56
90.44,62.14
90.48,63.24
90.52,64.90
90.56,63.79
90.60,64.34
90.64,63.38
90.68,63.28
90.72,63.63
90.76,63.05
90.80,64.46
90.84,62.58
90.88,62.76
90.92,61.68
90.96,63.81
91.00,64.74
91.04,64.41
91.08,63.50
91.12,63.49
91.16,63.71
91.20,63.64
91.24,65.36
91.28,63.73
91.32,62.05
91.36,65.50
91.40,62.96
91.44,65.51
91.48,65.34
91.52,65.37
91.56,63.59
91.60,64.12
91.64,64.18
91.68,66.71
91.72,66.47
91.76,65.02
91.80,64.29
91.84,66.73
91.88,63.74
91.92,66.63
91.96,66.19
92.00,65.86
92.04,67.11
92.08,67.77
92.12,66.89
92.16,67.39
92.20,67.92
92.24,66.54
92.28,67.94
92.32,68.61
92.36,69.18
92.40,70.05
92.44,68.31
92.48,69.91
92.52,67.94
92.56,69.47
92.60,70.32
92.64,69.51
92.68,68.50
92.72,68.34
92.76,68.33
92.80,70.49
92.84,69.81
92.88,70.12
92.92,69.69
92.96,69.89
93.00,69.38
93.04,68.82
93.08,68.86
93.12,69.69
93.16,68.87
93.20,69.98
93.24,70.14
93.28,69.02
93.32,69.86
93.36,68.10
93.40,68.73
93.44,67.99
93.48,68.70
93.52,68.25
93.56,69.93
93.60,68.91
93.64,68.82
93.68,66.54
93.72,68.07
93.76,67.78
93.80,67.35
93.84,67.35
93.88,65.65
93.92,67.12
93.96,67.38
94.00,66.64
94.04,66.80
94.08,66.50
94.12,67.43
94.16,66.23
94.20,64.72
94.24,65.18
94.28,64.37
94.32,64.78
94.36,65.07
94.40,64.93
94.44,65.01
94.48,64.85
94.52,64.52
94.56,64.08
94.60,62.98
94.64,63.68
94.68,63.59
94.72,65.35
94.76,62.81
94.80,64.32
94.84,62.30
94.88,63.06
94.92,64.81
94.96,62.41
95.00,64.69
95.04,65.11
95.08,63.31
95.12,64.88
95.16,63.85
95.20,63.48
95.24,63.60
95.28,64.93
95.32,64.44
95.36,63.64
95.40,63.40
95.44,65.06
95.48,65.45
95.52,64.34
95.56,64.31
95.60,66.74
95.64,64.25
95.68,65.77
95.72,65.63
95.76,65.96
95.80,63.74
95.84,65.87
95.88,65.03
95.92,65.63
95.96,68.36
96.00,67.91
96.04,67.75
96.08,68.53
96.12,66.65
96.16,67.41
96.20,66.17
96.24,68.69
96.28,68.36
96.32,67.64
96.36,66.36
96.40,67.84
96.44,67.78
96.48,68.08
96.52,69.54
96.56,68.20
96.60,68.60
96.64,69.44
96.68,68.77
96.72,70.37
96.76,69.07
96.80,69.64
96.84,70.91
96.88,67.05
96.92,69.73
96.96,70.36
97.00,68.84
97.04,68.33
97.08,68.78
97.12,68.03
97.16,68.69
97.20,68.21
97.24,69.49
97.28,67.77
97.32,68.72
97.36,68.60
97.40,68.74
97.44,68.64
97.48,68.80
97.52,68.29
97.56,70.02
97.60,67.53
97.64,68.76
97.68,68.71
97.72,67.48
97.76,67.38
97.80,66.45
97.84,65.99
97.88,66.43
97.92,66.71
97.96,66.60
98.00,64.77
98.04,67.73
98.08,66.21
98.12,66.09
98.16,66.13
98.20,66.59
98.24,64.42
98.28,66.49
98.32,64.35
98.36,62.70
98.40,65.75
98.44,61.35
98.48,60.86
98.52,60.23
98.56,61.51
98.60,61.99
98.64,59.91
98.68,60.57
98.72,57.85
98.76,59.30
98.80,58.90
98.84,57.43
98.88,57.89
98.92,58.47
98.96,56.74
99.00,58.01
99.04,58.91
99.08,58.00
99.12,57.04
99.16,57.49
99.20,57.62
99.24,58.55
99.28,59.37
99.32,59.58
99.36,59.44
99.40,60.71
99.44,63.23
99.48,65.90
99.52,66.88
99.56,70.33
99.60,70.24
99.64,71.70
99.68,72.98
99.72,72.61
99.76,76.14
99.80,76.55
99.84,76.57
99.88,77.90
99.92,79.26
99.96,81.94
100.00,82.89
100.04,80.15
100.08,83.36
100.12,82.11
100.16,84.12
100.20,85.16
100.24,85.40
100.28,86.40
100.32,87.86
100.36,88.04
100.40,89.84
100.44,88.27
100.48,89.30
100.52,88.53
100.56,91.56
100.60,90.49
100.64,88.54
100.68,90.77
100.72,88.95
100.76,91.00
100.80,90.03
100.84,89.94
100.88,90.78
100.92,91.78
100.96,90.03
101.00,91.10
101.04,91.78
101.08,92.31
101.12,89.77
101.16,92.30
101.20,90.47
101.24,89.36
101.28,89.24
101.32,90.10
101.36,90.09
101.40,90.29
101.44,90.98
101.48,89.85
101.52,89.40
101.56,89.27
101.60,89.39
101.64,87.89
101.68,88.89
101.72,89.26
101.76,88.54
101.80,89.53
101.84,88.29
101.88,87.34
101.92,87.69
101.96,86.03
102.00,86.65
102.04,86.58
102.08,86.09
102.12,85.10
102.16,84.96
102.20,84.31
102.24,85.09
102.28,84.29
102.32,82.99
102.36,83.34
102.40,83.55
102.44,83.81
102.48,82.80
102.52,83.03
102.56,81.69
102.60,81.72
102.64,81.89
102.68,82.13
102.72,81.57
102.76,80.53
102.80,81.17
102.84,80.23
102.88,80.41
102.92,80.22
102.96,81.52
103.00,80.07
103.04,77.97
103.08,79.64
103.12,79.03
103.16,80.34
103.20,78.12
103.24,79.30
103.28,78.85
103.32,78.87
103.36,79.06
103.40,79.89
103.44,78.47
103.48,79.40
103.52,77.86
103.56,77.91
103.60,80.61
103.64,79.66
103.68,80.73
103.72,79.63
103.76,79.38
103.80,78.04
103.84,78.91
103.88,78.29
103.92,79.97
103.96,78.66
104.00,79.68
104.04,78.05
104.08,78.86
104.12,79.26
104.16,79.50
104.20,80.40
104.24,80.98
104.28,81.04
104.32,79.97
104.36,79.27
104.40,79.49
104.44,80.12
104.48,81.22
104.52,81.21
104.56,78.60
104.60,78.88
104.64,79.71
104.68,79.71
104.72,79.37
104.76,78.36
104.80,78.75
104.84,81.26
104.88,80.57
104.92,80.89
104.96,81.16
105.00,78.47
105.04,78.71
105.08,79.38
105.12,79.95
105.16,78.39
105.20,81.34
105.24,77.44
105.28,79.31
105.32,77.96
105.36,77.44
105.40,79.55
105.44,78.20
105.48,77.46
105.52,77.17
105.56,76.58
105.60,76.74
105.64,77.71
105.68,76.73
105.72,75.03
105.76,75.68
105.80,76.97
105.84,75.20
105.88,74.31
105.92,73.79
105.96,73.69
106.00,74.41
106.04,74.59
106.08,71.63
106.12,73.02
106.16,73.67
106.20,72.70
106.24,71.73
106.28,71.98
106.32,72.56
106.36,72.70
106.40,71.55
106.44,71.02
106.48,70.90
106.52,71.67
106.56,69.87
106.60,70.49
106.64,72.00
106.68,69.39
106.72,69.40
106.76,69.09
106.80,68.60
106.84,69.08
106.88,69.92
106.92,67.33
106.96,69.65
107.00,69.26
107.04,69.36
107.08,70.61
107.12,68.77
107.16,67.64
107.20,70.08
107.24,71.34
107.28,69.66
107.32,67.35
107.36,71.20
107.40,66.95
107.44,69.82
107.48,68.44
107.52,69.10
107.56,70.34
107.60,70.51
107.64,69.04
107.68,69.30
107.72,67.66
107.76,69.43
107.80,70.23
107.84,70.58
107.88,69.58
107.92,70.36
107.96,69.32
108.00,69.15
108.04,69.95
108.08,69.97
108.12,70.69
108.16,71.97
108.20,70.37
108.24,70.44
108.28,70.07
108.32,71.47
108.36,72.93
108.40,70.71
108.44,73.32
108.48,72.34
108.52,72.13
108.56,71.61
108.60,72.44
108.64,73.02
108.68,72.30
108.72,71.62
108.76,71.83
108.80,71.00
108.84,71.32
108.88,72.26
108.92,71.49
108.96,72.54
109.00,72.25
109.04,71.28
109.08,71.01
109.12,71.50
109.16,71.64
109.20,72.00
109.24,70.39
109.28,71.52
109.32,70.93
109.36,71.18
109.40,71.05
109.44,69.26
109.48,70.86
109.52,71.99
109.56,69.97
109.60,70.05
109.64,71.44
109.68,69.26
109.72,68.70
109.76,68.75
109.80,67.10
109.84,69.77
109.88,67.73
109.92,69.34
109.96,68.14
110.00,69.92
110.04,66.45
110.08,66.30
110.12,67.47
110.16,67.07
110.20,67.04
110.24,67.34
110.28,66.17
110.32,66.87
110.36,65.56
110.40,64.79
110.44,64.06
110.48,64.43
110.52,64.58
110.56,64.23
110.60,65.23
110.64,64.72
110.68,64.94
110.72,64.83
110.76,64.16
110.80,64.14
110.84,64.90
110.88,65.11
110.92,64.88
110.96,63.35
111.00,64.28
111.04,64.28
111.08,62.53
111.12,63.17
111.16,63.61
111.20,65.01
111.24,62.74
111.28,64.81
111.32,65.10
111.36,64.15
111.40,64.63
111.44,63.88
111.48,64.92
111.52,66.07
111.56,64.28
111.60,63.88
111.64,65.44
111.68,66.32
111.72,65.64
111.76,64.61
111.80,64.28
111.84,65.85
111.88,67.02
111.92,65.89
111.96,67.63
112.00,66.53
112.04,66.82
112.08,67.18
112.12,67.83
112.16,67.68
112.20,68.85
112.24,68.16
112.28,68.82
112.32,68.52
112.36,66.67
112.40,68.32
112.44,68.34
112.48,67.69
112.52,68.39
112.56,67.75
112.60,69.17
112.64,69.53
112.68,69.11
112.72,69.16
112.76,68.16
112.80,69.52
112.84,69.45
112.88,68.54
112.92,69.05
112.96,69.11
113.00,69.37
113.04,69.96
113.08,67.56
113.12,69.11
113.16,69.19
113.20,69.19
113.24,69.47
113.28,70.03
113.32,68.39
113.36,68.17
113.40,68.58
113.44,66.69
113.48,68.73
113.52,66.85
113.56,67.77
113.60,67.86
113.64,68.78
113.68,67.65
113.72,66.90
113.76,66.07
113.80,66.00
113.84,66.07
113.88,66.36
113.92,66.24
113.96,65.61
114.00,66.36
114.04,66.02
114.08,64.39
114.12,65.23
114.16,65.48
114.20,63.21
114.24,63.86
114.28,63.71
114.32,63.24
114.36,64.66
114.40,65.06
114.44,64.61
114.48,64.33
114.52,63.58
114.56,63.72
114.60,65.20
114.64,61.62
114.68,62.96
114.72,61.52
114.76,62.02
114.80,63.69
114.84,62.08
114.88,64.07
114.92,62.66
114.96,62.59
115.00,61.81
115.04,62.40
115.08,63.67
115.12,61.94
115.16,62.35
115.20,63.79
115.24,62.02
115.28,61.06
115.32,63.96
115.36,64.69
115.40,63.51
115.44,64.26
115.48,64.32
115.52,62.19
115.56,63.29
115.60,63.54
115.64,65.74
115.68,64.77
115.72,64.55
115.76,63.95
115.80,64.66
115.84,65.73
115.88,66.07
115.92,65.07
115.96,64.89
116.00,65.09
116.04,64.76
116.08,67.29
116.12,66.15
116.16,66.30
116.20,68.67
116.24,65.62
116.28,65.98
116.32,68.70
116.36,67.24
116.40,68.92
116.44,67.75
116.48,69.11
116.52,67.20
116.56,67.62
116.60,67.63
116.64,67.35
116.68,68.35
116.72,68.84
116.76,67.87
116.80,67.95
116.84,69.07
116.88,67.58
116.92,68.15
116.96,67.30
117.00,66.31
117.04,68.23
117.08,68.28
117.12,67.98
117.16,67.24
117.20,69.24
117.24,68.82
117.28,67.28
117.32,68.05
117.36,68.82
117.40,70.04
117.44,68.30
117.48,67.29
117.52,68.84
117.56,67.79
117.60,67.21
117.64,67.34
117.68,66.58
117.72,66.80
117.76,67.49
117.80,64.91
117.84,67.52
117.88,66.33
117.92,65.93
117.96,66.30
118.00,65.35
118.04,65.69
118.08,64.77
118.12,64.99
118.16,65.40
118.20,65.64
118.24,67.04
118.28,65.35
118.32,62.73
118.36,65.45
118.40,63.94
118.44,63.86
118.48,63.80
118.52,63.63
118.56,62.81
118.60,64.56
118.64,63.76
118.68,63.10
118.72,64.73
118.76,64.20
118.80,61.74
118.84,62.65
118.88,62.79
118.92,63.41
118.96,62.11
119.00,65.45
119.04,62.61
119.08,63.82
119.12,62.34
119.16,64.01
119.20,63.80
119.24,61.65
119.28,64.51
119.32,63.57
119.36,63.26
119.40,65.74
119.44,64.21
119.48,64.58
119.52,64.59
119.56,64.03
119.60,63.48
119.64,66.95
119.68,64.37
119.72,65.16
119.76,64.80
119.80,66.59
119.84,66.11
119.88,66.69
119.92,66.75
119.96,66.47
120.00,66.78
120.04,65.72
120.08,65.78
120.12,65.04
120.16,68.20
120.20,66.66
120.24,67.87
120.28,69.51
120.32,69.44
120.36,68.42
120.40,68.08
120.44,69.04
120.48,68.64
120.52,68.77
120.56,67.78
120.60,70.43
120.64,70.18
120.68,69.74
120.72,69.45
120.76,68.71
120.80,69.73
120.84,70.37
120.88,71.80
120.92,69.42
120.96,70.65
121.00,68.99
121.04,71.35
121.08,69.45
121.12,70.05
121.16,68.48
121.20,69.44
121.24,69.19
121.28,70.63
121.32,68.15
121.36,68.39
121.40,68.70
121.44,69.58
121.48,69.44
121.52,70.06
121.56,69.29
121.60,67.94
121.64,66.44
121.68,68.67
121.72,68.69
121.76,68.67
121.80,68.26
121.84,69.80
121.88,64.86
121.92,67.38
121.96,66.50
122.00,66.92
122.04,67.70
122.08,66.96
122.12,65.62
122.16,68.01
122.20,65.72
122.24,65.66
122.28,66.25
122.32,66.02
122.36,66.89
122.40,66.06
122.44,65.92
122.48,66.48
122.52,65.12
122.56,64.14
122.60,66.08
122.64,64.39
122.68,64.17
122.72,64.09
122.76,64.28
122.80,63.92
122.84,64.69
122.88,65.15
122.92,64.77
122.96,64.74
123.00,63.14
123.04,63.71
123.08,62.79
123.12,65.10
123.16,63.17
123.20,64.01
123.24,64.06
123.28,65.23
123.32,65.27
123.36,66.46
123.40,66.03
123.44,65.25
123.48,64.95
123.52,66.04
123.56,63.98
123.60,66.47
123.64,65.77
123.68,65.84
123.72,66.49
123.76,66.47
123.80,67.44
123.84,65.44
123.88,66.90
123.92,67.90
123.96,66.09
124.00,68.38
124.04,68.12
124.08,67.04
124.12,67.73
124.16,68.71
124.20,69.47
124.24,70.42
124.28,69.31
124.32,70.39
124.36,69.60
124.40,70.71
124.44,69.59
124.48,69.80
124.52,70.48
124.56,69.60
124.60,69.01
124.64,70.62
124.68,70.55
124.72,70.71
124.76,69.00
124.80,69.70
124.84,68.87
124.88,69.96
124.92,69.57
124.96,71.69
125.00,70.61
125.04,70.21
125.08,71.70
125.12,71.52
125.16,70.70
125.20,69.92
125.24,69.62
125.28,71.35
125.32,70.37
125.36,70.77
125.40,70.97
125.44,69.21
125.48,70.74
125.52,70.54
125.56,70.76
125.60,67.76
125.64,69.21
125.68,67.76
125.72,68.63
125.76,68.77
125.80,68.79
125.84,68.63
125.88,68.17
125.92,66.84
125.96,70.09
126.00,68.57
126.04,67.77
126.08,69.48
126.12,67.73
126.16,67.98
126.20,67.49
126.24,68.29
126.28,66.51
126.32,68.44
126.36,67.47
126.40,66.85
126.44,66.80
126.48,66.39
126.52,65.80
126.56,65.29
126.60,67.22
126.64,67.50
126.68,63.42
126.72,65.63
126.76,66.43
126.80,67.02
126.84,63.92
126.88,64.92
126.92,65.71
126.96,65.96
127.00,67.00
127.04,63.90
127.08,62.77
127.12,66.31
127.16,64.62
127.20,65.26
127.24,65.83
127.28,65.97
127.32,66.68
127.36,66.88
127.40,66.54
127.44,66.69
127.48,66.85
127.52,66.14
127.56,66.85
127.60,66.54
127.64,66.76
127.68,66.21
127.72,69.01
127.76,67.70
127.80,68.11
127.84,66.69
127.88,68.62
127.92,67.95
127.96,69.06
128.00,68.40
128.04,70.01
128.08,68.70
128.12,69.04
128.16,69.37
128.20,69.39
128.24,69.45
128.28,69.71
128.32,70.35
128.36,71.69
128.40,70.88
128.44,72.47
128.48,70.66
128.52,70.95
128.56,70.10
128.60,68.99
128.64,70.80
128.68,72.31
128.72,71.93
128.76,72.36
128.80,71.64
128.84,72.28
128.88,69.79
128.92,71.58
128.96,72.28
129.00,71.94
129.04,72.34
129.08,72.51
129.12,71.50
129.16,72.43
129.20,73.06
129.24,71.88
129.28,70.69
129.32,73.17
129.36,72.09
129.40,71.56
129.44,71.63
129.48,70.21
129.52,69.62
129.56,70.78
129.60,72.70
129.64,69.27
129.68,69.22
129.72,69.31
129.76,70.84
129.80,71.85
129.84,70.84
129.88,71.29
129.92,69.41
129.96,69.25
130.00,70.15
130.04,68.04
130.08,68.42
130.12,67.92
130.16,67.26
130.20,68.96
130.24,68.65
130.28,67.18
130.32,66.86
130.36,69.84
130.40,67.38
130.44,68.35
130.48,67.78
130.52,66.42
130.56,66.54
130.60,67.56
130.64,65.78
130.68,66.10
130.72,65.00
130.76,65.47
130.80,65.65
130.84,64.91
130.88,67.45
130.92,66.73
130.96,65.32
131.00,66.48
131.04,66.62
131.08,64.81
131.12,66.28
131.16,65.95
131.20,66.47
131.24,67.06
131.28,66.74
131.32,65.67
131.36,66.81
131.40,66.75
131.44,65.64
131.48,65.35
131.52,68.09
131.56,67.89
131.60,67.24
131.64,67.39
131.68,67.07
131.72,68.37
131.76,69.29
131.80,69.07
131.84,68.30
131.88,70.32
131.92,68.00
131.96,67.28
132.00,68.73
132.04,70.05
132.08,69.90
132.12,70.32
132.16,69.47
132.20,70.25
132.24,71.18
132.28,69.98
132.32,71.09
132.36,69.63
132.40,71.11
132.44,70.51
132.48,71.32
132.52,71.35
132.56,70.07
132.60,72.74
132.64,71.60
132.68,73.62
132.72,71.25
132.76,72.16
132.80,72.68
132.84,72.76
132.88,71.89
132.92,73.02
132.96,71.15
133.00,72.03
133.04,70.95
133.08,72.18
133.12,71.21
133.16,69.77
133.20,71.76
133.24,71.42
133.28,69.96
133.32,72.31
133.36,70.85
133.40,72.07
133.44,70.21
133.48,72.21
133.52,71.27
133.56,70.96
133.60,71.43
133.64,70.08
133.68,71.43
133.72,70.17
133.76,71.25
133.80,69.34
133.84,69.81
133.88,69.96
133.92,69.69
133.96,68.23
134.00,67.68
134.04,67.97
134.08,69.95
134.12,67.88
134.16,69.38
134.20,69.53
134.24,66.93
134.28,67.78
134.32,67.08
134.36,67.44
134.40,67.08
134.44,67.58
134.48,67.28
134.52,67.55
134.56,66.63
134.60,65.85
134.64,67.18
134.68,66.05
134.72,67.10
134.76,64.74
134.80,65.93
134.84,65.95
134.88,65.12
134.92,65.50
134.96,66.20
135.00,65.46
135.04,66.75
135.08,65.88
135.12,67.25
135.16,65.55
135.20,66.93
135.24,65.50
135.28,64.97
135.32,65.28
135.36,65.75
135.40,66.36
135.44,66.57
135.48,66.74
135.52,67.48
135.56,68.55
135.60,66.88
135.64,66.87
135.68,66.96
135.72,66.23
135.76,67.94
135.80,66.68
135.84,67.49
135.88,68.49
135.92,67.22
135.96,67.33
136.00,68.88
136.04,67.81
136.08,68.76
136.12,68.62
136.16,69.37
136.20,68.81
136.24,69.79
136.28,70.08
136.32,70.14
136.36,68.72
136.40,70.49
136.44,70.88
136.48,70.96
136.52,72.00
136.56,70.09
136.60,70.16
136.64,71.47
136.68,71.33
136.72,69.96
136.76,72.98
136.80,71.53
136.84,70.13
136.88,70.91
136.92,71.77
136.96,68.96
137.00,71.74
137.04,71.76
137.08,71.76
137.12,73.47
137.16,71.29
137.20,70.17
137.24,70.95
137.28,70.32
137.32,70.56
137.36,71.25
137.40,69.25
137.44,71.38
137.48,70.46
137.52,69.05
137.56,70.77
137.60,72.06
137.64,71.29
137.68,69.50
137.72,68.98
137.76,69.08
137.80,69.33
137.84,68.39
137.88,67.48
137.92,68.15
137.96,68.99
138.00,67.41
138.04,66.99
138.08,66.58
138.12,69.62
138.16,68.14
138.20,66.95
138.24,66.13
138.28,65.11
138.32,67.03
138.36,65.97
138.40,65.70
138.44,66.64
138.48,66.27
138.52,65.64
138.56,65.51
138.60,65.73
138.64,64.80
138.68,65.17
138.72,64.79
138.76,65.10
138.80,64.65
138.84,63.46
138.88,64.59
138.92,65.11
138.96,64.11
139.00,64.97
139.04,64.97
139.08,65.26
139.12,63.51
139.16,64.14
139.20,64.96
139.24,65.05
139.28,65.42
139.32,64.71
139.36,67.04
139.40,65.85
139.44,64.68
139.48,64.76
139.52,65.83
139.56,65.02
139.60,64.97
139.64,65.70
139.68,65.89
139.72,65.62
139.76,64.59
139.80,67.03
139.84,65.48
139.88,67.62
139.92,67.81
139.96,67.57
140.00,68.53
140.04,66.36
140.08,67.99
140.12,68.11
140.16,67.40
140.20,67.17
140.24,69.55
140.28,67.93
140.32,68.93
140.36,68.14
140.40,67.79
140.44,69.26
140.48,70.42
140.52,69.53
140.56,68.19
140.60,69.78
140.64,69.46
140.68,70.77
140.72,70.52
140.76,70.49
140.80,69.51
140.84,69.74
140.88,71.52
140.92,71.24
140.96,69.26
141.00,70.27
141.04,69.96
141.08,68.99
141.12,68.54
141.16,69.86
141.20,68.29
141.24,69.49
141.28,70.46
141.32,69.16
141.36,70.95
141.40,69.54
141.44,69.23
141.48,69.52
141.52,68.69
141.56,66.76
141.60,68.99
141.64,68.38
141.68,69.98
141.72,68.81
141.76,68.48
141.80,67.04
141.84,66.72
141.88,67.08
141.92,67.30
141.96,66.47
142.00,68.64
142.04,66.45
142.08,65.28
142.12,64.68
142.16,65.84
142.20,64.26
142.24,64.70
142.28,66.18
142.32,65.80
142.36,63.47
142.40,64.78
142.44,65.35
142.48,64.44
142.52,64.00
142.56,63.95
142.60,64.65
142.64,60.84
142.68,62.95
142.72,63.09
142.76,63.38
142.80,63.64
142.84,63.79
142.88,63.06
142.92,64.34
142.96,62.33
143.00,63.50
143.04,61.56
143.08,62.83
143.12,65.32
143.16,64.92
143.20,61.62
143.24,63.50
143.28,63.84
143.32,63.59
143.36,65.30
143.40,63.53
143.44,62.35
143.48,62.90
143.52,64.50
143.56,63.16
143.60,63.21
143.64,63.97
143.68,65.64
143.72,64.52
143.76,65.27
143.80,65.21
143.84,64.30
143.88,65.00
143.92,67.32
143.96,66.62
144.00,66.93
144.04,66.32
144.08,66.43
144.12,65.80
144.16,66.20
144.20,66.58
144.24,66.64
144.28,67.57
144.32,67.58
144.36,67.44
144.40,67.13
144.44,67.51
144.48,67.94
144.52,67.88
144.56,68.74
144.60,67.11
144.64,68.97
144.68,67.67
144.72,67.46
144.76,68.11
144.80,68.26
144.84,69.09
144.88,69.02
144.92,68.54
144.96,68.37
145.00,65.91
145.04,69.58
145.08,68.11
145.12,69.00
145.16,67.55
145.20,66.84
145.24,66.91
145.28,68.50
145.32,68.23
145.36,69.15
145.40,66.82
145.44,67.98
145.48,67.81
145.52,66.87
145.56,68.62
145.60,67.68
145.64,69.16
145.68,68.53
145.72,67.72
145.76,67.52
145.80,66.32
145.84,65.26
145.88,66.61
145.92,66.24
145.96,64.13
146.00,65.28
146.04,66.11
146.08,64.34
146.12,64.85
146.16,65.65
146.20,64.23
146.24,63.52
146.28,64.88
146.32,62.86
146.36,61.09
146.40,62.65
146.44,62.63
146.48,62.27
146.52,63.57
146.56,62.38
146.60,60.78
146.64,62.02
146.68,62.06
146.72,62.05
146.76,61.71
146.80,62.53
146.84,63.46
146.88,60.24
146.92,63.03
146.96,62.87
147.00,62.20
147.04,62.73
147.08,62.67
147.12,63.72
147.16,62.51
147.20,61.64
147.24,62.61
147.28,63.55
147.32,62.30
147.36,61.75
147.40,62.25
147.44,62.38
147.48,63.38
147.52,63.34
147.56,63.87
147.60,64.70
147.64,64.42
147.68,64.58
147.72,64.69
147.76,63.34
147.80,63.95
147.84,65.96
147.88,63.38
147.92,63.81
147.96,63.80
148.00,62.93
148.04,64.98
148.08,67.10
148.12,65.06
148.16,67.21
148.20,67.36
148.24,67.29
148.28,67.33
148.32,67.25
148.36,66.43
148.40,66.74
148.44,67.14
148.48,67.59
148.52,68.88
148.56,66.51
148.60,67.05
148.64,67.02
148.68,65.81
148.72,69.20
148.76,66.17
148.80,67.23
148.84,69.15
148.88,68.39
148.92,68.93
148.96,68.59
149.00,70.12
149.04,68.09
149.08,67.15
149.12,67.78
149.16,66.91
149.20,68.90
149.24,68.22
149.28,66.40
149.32,66.96
149.36,67.56
149.40,66.85
149.44,67.72
149.48,66.45
149.52,68.29
149.56,67.03
149.60,66.47
149.64,67.75
149.68,65.90
149.72,68.01
149.76,66.20
149.80,66.36
149.84,64.60
149.88,65.39
149.92,65.99
149.96,64.63
150.00,65.02
150.04,64.75
150.08,64.48
150.12,65.87
150.16,63.94
150.20,65.83
150.24,62.28
150.28,64.65
150.32,63.70
150.36,61.97
150.40,62.12
150.44,62.12
150.48,62.11
150.52,62.33
150.56,62.31
150.60,63.53
150.64,63.66
150.68,60.97
150.72,62.61
150.76,62.04
150.80,60.95
150.84,60.75
150.88,62.67
150.92,63.43
150.96,61.13
151.00,61.27
151.04,61.37
151.08,61.98
151.12,61.86
151.16,62.47
151.20,62.56
151.24,64.34
151.28,61.96
151.32,62.93
151.36,61.50
151.40,61.09
151.44,62.01
151.48,63.50
151.52,62.39
151.56,61.34
151.60,63.67
151.64,63.70
151.68,62.64
151.72,63.02
151.76,64.09
151.80,64.47
151.84,64.63
151.88,66.10
151.92,64.84
151.96,64.23
152.00,63.97
152.04,66.27
152.08,65.65
152.12,65.29
152.16,65.56
152.20,66.53
152.24,64.67
152.28,64.10
152.32,66.63
152.36,66.42
152.40,66.42
152.44,66.01
152.48,68.65
152.52,66.01
152.56,66.58
152.60,67.56
152.64,66.28
152.68,68.06
152.72,68.69
152.76,68.01
152.80,68.53
152.84,68.76
152.88,68.78
152.92,69.01
152.96,69.17
153.00,67.87
153.04,69.08
153.08,69.11
153.12,69.15
153.16,67.44
153.20,67.07
153.24,65.63
153.28,69.14
153.32,67.18
153.36,68.10
153.40,67.33
153.44,67.51
153.48,68.36
153.52,67.57
153.56,65.73
153.60,69.12
153.64,66.75
153.68,68.64
153.72,67.11
153.76,66.70
153.80,66.65
153.84,65.78
153.88,65.94
153.92,65.43
153.96,65.40
154.00,65.85
154.04,64.07
154.08,66.12
154.12,65.18
154.16,63.06
154.20,65.14
154.24,64.66
154.28,64.83
154.32,64.53
154.36,64.03
154.40,65.21
154.44,63.71
154.48,63.14
154.52,64.28
154.56,64.56
154.60,63.57
154.64,61.85
154.68,61.69
154.72,63.00
154.76,61.07
154.80,64.33
154.84,63.63
154.88,63.11
154.92,63.11
154.96,61.77
155.00,63.28
155.04,62.31
155.08,63.70
155.12,63.14
155.16,65.52
155.20,62.68
155.24,64.10
155.28,62.10
155.32,62.52
155.36,63.13
155.40,63.67
155.44,62.71
155.48,63.54
155.52,63.11
155.56,65.15
155.60,66.00
155.64,66.05
155.68,63.97
155.72,64.52
155.76,65.33
155.80,67.08
155.84,65.41
155.88,64.94
155.92,65.43
155.96,64.82
156.00,66.76
156.04,65.31
156.08,65.14
156.12,66.90
156.16,65.99
156.20,68.75
156.24,67.01
156.28,69.30
156.32,67.09
156.36,69.10
156.40,67.82
156.44,68.46
156.48,70.08
156.52,68.44
156.56,70.14
156.60,69.07
156.64,69.40
156.68,69.87
156.72,69.14
156.76,68.95
156.80,70.29
156.84,69.80
156.88,69.58
156.92,69.98
156.96,69.79
157.00,70.36
157.04,70.79
157.08,70.04
157.12,69.54
157.16,69.00
157.20,69.45
157.24,71.26
157.28,68.99
157.32,70.36
157.36,70.17
157.40,70.22
157.44,69.04
157.48,69.29
157.52,69.65
157.56,68.86
157.60,69.04
157.64,70.77
157.68,68.84
157.72,68.95
157.76,68.86
157.80,68.20
157.84,68.29
157.88,69.79
157.92,68.10
157.96,68.42
158.00,67.47
158.04,64.73
158.08,64.78
158.12,64.03
158.16,63.00
158.20,63.40
158.24,62.00
158.28,62.17
158.32,62.96
158.36,61.19
158.40,59.93
158.44,63.42
158.48,61.36
158.52,59.99
158.56,60.15
158.60,60.61
158.64,60.59
158.68,60.26
158.72,60.50
158.76,61.03
158.80,61.44
158.84,59.83
158.88,60.28
158.92,60.55
158.96,60.78
159.00,62.33
159.04,63.71
159.08,65.69
159.12,66.32
159.16,69.65
159.20,71.18
159.24,71.00
159.28,72.35
159.32,73.70
159.36,76.26
159.40,76.40
159.44,78.18
159.48,78.26
159.52,78.06
159.56,78.83
159.60,78.86
159.64,79.74
159.68,81.33
159.72,82.37
159.76,84.11
159.80,83.57
159.84,83.37
159.88,84.85
159.92,85.55
159.96,86.37
160.00,86.25
160.04,88.77
160.08,86.86
160.12,89.33
160.16,88.23
160.20,89.67
160.24,88.24
160.28,89.86
160.32,88.47
160.36,90.44
160.40,91.42
160.44,91.01
160.48,91.22
160.52,90.85
160.56,90.34
160.60,91.07
160.64,91.00
160.68,89.46
160.72,91.05
160.76,93.95
160.80,90.86
160.84,91.10
160.88,92.04
160.92,90.37
160.96,90.79
161.00,91.33
161.04,92.82
161.08,90.94
161.12,88.85
161.16,89.99
161.20,91.40
161.24,90.27
161.28,88.65
161.32,89.51
161.36,92.15
161.40,90.36
161.44,91.04
161.48,90.89
161.52,89.59
161.56,88.83
161.60,88.99
161.64,90.51
161.68,89.60
161.72,91.17
161.76,88.15
161.80,88.11
161.84,88.61
161.88,88.47
161.92,86.76
161.96,87.97
162.00,87.27
162.04,86.50
162.08,84.58
162.12,85.92
162.16,85.51
162.20,84.95
162.24,85.02
162.28,84.36
162.32,83.60
162.36,82.90
162.40,84.03
162.44,84.17
162.48,83.91
162.52,83.05
162.56,81.97
162.60,82.93
162.64,81.57
162.68,82.51
162.72,81.05
162.76,83.12
162.80,79.58
162.84,81.32
162.88,81.67
162.92,80.18
162.96,78.94
163.00,79.62
163.04,80.72
163.08,81.57
163.12,80.39
163.16,80.97
163.20,82.14
163.24,80.79
163.28,81.28
163.32,79.01
163.36,82.18
163.40,80.65
163.44,79.23
163.48,82.05
163.52,81.52
163.56,81.68
163.60,82.11
163.64,82.15
163.68,82.63
163.72,80.64
163.76,81.96
163.80,79.97
163.84,80.27
163.88,80.49
163.92,81.61
163.96,82.75
164.00,83.02
164.04,82.03
164.08,81.37
164.12,81.51
164.16,83.18
164.20,82.46
164.24,81.79
164.28,82.01
164.32,83.39
164.36,83.94
164.40,83.40
164.44,83.08
164.48,84.12
164.52,82.29
164.56,83.53
164.60,83.99
164.64,82.89
164.68,84.08
164.72,83.03
164.76,84.28
164.80,83.08
164.84,82.73
164.88,83.07
164.92,84.69
164.96,82.78
165.00,83.86
165.04,81.23
165.08,83.21
165.12,83.26
165.16,82.10
165.20,83.04
165.24,81.54
165.28,84.41
165.32,80.78
165.36,82.06
165.40,84.36
165.44,81.92
165.48,80.80
165.52,81.05
165.56,80.76
165.60,80.58
165.64,81.14
165.68,81.81
165.72,80.31
165.76,79.91
165.80,79.14
165.84,79.76
165.88,77.29
165.92,79.07
165.96,79.47
166.00,80.56
166.04,78.84
166.08,77.18
166.12,76.03
166.16,76.88
166.20,77.57
166.24,75.62
166.28,77.32
166.32,77.53
166.36,74.71
166.40,78.08
166.44,75.71
166.48,75.55
166.52,76.76
166.56,75.18
166.60,73.25
166.64,74.12
166.68,76.03
166.72,73.33
166.76,73.39
166.80,75.69
166.84,72.70
166.88,74.58
166.92,74.74
166.96,75.61
167.00,74.63
167.04,72.97
167.08,73.41
167.12,74.13
167.16,73.91
167.20,72.83
167.24,74.53
167.28,73.26
167.32,75.41
167.36,75.53
167.40,74.61
167.44,73.13
167.48,73.65
167.52,74.17
167.56,74.29
167.60,74.05
167.64,74.35
167.68,74.26
167.72,75.33
167.76,76.20
167.80,76.42
167.84,75.32
167.88,76.90
167.92,75.79
167.96,75.11
168.00,75.83
168.04,75.10
168.08,76.95
168.12,77.08
168.16,77.24
168.20,75.93
168.24,75.98
168.28,76.88
168.32,77.68
168.36,77.49
168.40,76.57
168.44,76.99
168.48,76.46
168.52,75.79
168.56,78.69
168.60,78.54
168.64,77.90
168.68,79.60
168.72,78.18
168.76,77.48
168.80,78.80
168.84,79.47
168.88,77.81
168.92,79.15
168.96,78.11
169.00,78.68
169.04,77.93
169.08,79.00
169.12,77.41
169.16,77.68
169.20,78.42
169.24,77.74
169.28,76.74
169.32,76.93
169.36,76.67
169.40,77.99
169.44,76.98
169.48,77.09
169.52,74.68
169.56,76.04
169.60,76.31
169.64,75.33
169.68,76.29
169.72,76.01
169.76,74.67
169.80,74.45
169.84,74.11
169.88,74.94
169.92,76.49
169.96,76.92
170.00,75.51
170.04,72.89
170.08,76.11
170.12,72.97
170.16,72.60
170.20,72.14
170.24,72.25
170.28,72.38
170.32,72.90
170.36,72.41
170.40,72.14
170.44,72.00
170.48,72.41
170.52,72.35
170.56,70.58
170.60,69.69
170.64,71.45
170.68,70.66
170.72,70.24
170.76,71.87
170.80,71.97
170.84,70.86
170.88,71.66
170.92,70.72
170.96,69.30
171.00,70.83
171.04,70.63
171.08,71.33
171.12,71.88
171.16,70.38
171.20,70.81
171.24,69.93
171.28,70.69
171.32,71.10
171.36,68.46
171.40,70.30
171.44,70.39
171.48,70.89
171.52,70.61
171.56,72.41
171.60,71.41
171.64,69.69
171.68,69.04
171.72,70.59
171.76,71.86
171.80,72.85
171.84,71.34
171.88,72.95
171.92,72.16
171.96,71.73
172.00,72.10
172.04,72.27
172.08,72.15
172.12,71.54
172.16,74.75
172.20,73.80
172.24,73.08
172.28,74.02
172.32,75.12
172.36,74.15
172.40,75.99
172.44,73.78
172.48,74.65
172.52,73.72
172.56,75.67
172.60,74.86
172.64,75.87
172.68,73.50
172.72,75.32
172.76,75.62
172.80,74.92
172.84,75.16
172.88,75.02
172.92,76.26
172.96,74.71
173.00,75.59
173.04,73.93
173.08,75.18
173.12,74.03
173.16,77.42
173.20,75.98
173.24,74.31
173.28,74.17
173.32,74.78
173.36,75.02
173.40,74.00
173.44,74.56
173.48,73.95
173.52,74.58
173.56,73.02
173.60,72.49
173.64,74.38
173.68,72.29
173.72,73.57
173.76,72.19
173.80,73.00
173.84,72.46
173.88,72.35
173.92,73.31
173.96,69.62
174.00,71.78
174.04,69.92
174.08,70.80
174.12,70.43
174.16,72.38
174.20,68.75
174.24,70.69
174.28,69.32
174.32,69.44
174.36,69.33
174.40,69.54
174.44,70.39
174.48,68.89
174.52,71.43
174.56,68.72
174.60,68.32
174.64,68.08
174.68,69.56
174.72,69.02
174.76,67.53
174.80,67.82
174.84,68.18
174.88,67.52
174.92,66.87
174.96,67.77
175.00,69.63
175.04,67.03
175.08,68.05
175.12,68.33
175.16,68.95
175.20,67.12
175.24,68.84
175.28,66.09
175.32,68.12
175.36,67.85
175.40,69.08
175.44,68.15
175.48,68.43
175.52,69.13
175.56,69.96
175.60,68.63
175.64,69.17
175.68,68.47
175.72,68.57
175.76,69.28
175.80,68.74
175.84,69.92
175.88,69.24
175.92,68.83
175.96,68.97
176.00,69.44
176.04,70.69
176.08,71.09
176.12,70.05
176.16,71.22
176.20,69.91
176.24,71.18
176.28,70.12
176.32,71.49
176.36,72.71
176.40,70.49
176.44,71.46
176.48,73.27
176.52,72.09
176.56,74.02
176.60,73.55
176.64,72.19
176.68,72.93
176.72,71.54
176.76,71.07
176.80,72.28
176.84,73.06
176.88,73.90
176.92,73.30
176.96,71.56
177.00,72.84
177.04,71.10
177.08,72.02
177.12,73.62
177.16,71.32
177.20,70.94
177.24,72.44
177.28,71.60
177.32,72.84
177.36,72.99
177.40,71.52
177.44,72.34
177.48,71.27
177.52,71.01
177.56,70.30
177.60,70.16
177.64,69.69
177.68,71.23
177.72,71.12
177.76,71.25
177.80,69.45
177.84,70.30
177.88,70.38
177.92,69.73
177.96,69.70
178.00,68.17
178.04,68.40
178.08,67.88
178.12,67.32
178.16,68.93
178.20,67.45
178.24,67.37
178.28,65.47
178.32,67.92
178.36,66.54
178.40,66.37
178.44,66.87
178.48,67.23
178.52,67.76
178.56,65.98
178.60,66.11
178.64,65.77
178.68,66.58
178.72,65.39
178.76,65.94
178.80,63.42
178.84,66.04
178.88,65.04
178.92,63.39
178.96,64.46
179.00,64.84
179.04,63.48
179.08,66.67
179.12,63.75
179.16,65.51
179.20,64.72
179.24,64.79
179.28,64.83
179.32,63.80
179.36,66.36
179.40,65.10
179.44,65.41
179.48,65.84
179.52,66.36
179.56,67.75
179.60,66.83
179.64,66.84
179.68,66.50
179.72,66.00
179.76,67.55
179.80,67.52
179.84,65.75
179.88,67.68
179.92,67.58
179.96,68.67
180.00,66.48
180.04,67.46
180.08,68.54
180.12,68.89
180.16,66.36
180.20,70.14
180.24,68.57
180.28,68.57
180.32,67.61
180.36,70.82
180.40,70.17
180.44,68.85
180.48,67.66
180.52,70.93
180.56,68.39
180.60,69.73
180.64,70.17
180.68,69.78
180.72,70.05
180.76,69.23
180.80,70.20
180.84,69.92
180.88,70.91
180.92,71.31
180.96,70.43
181.00,70.55
181.04,68.98
181.08,71.89
181.12,68.75
181.16,68.81
181.20,67.92
181.24,69.43
181.28,67.81
181.32,70.71
181.36,68.87
181.40,69.03
181.44,68.10
181.48,69.11
181.52,70.52
181.56,67.38
181.60,68.52
181.64,69.61
181.68,67.33
181.72,68.40
181.76,67.40
181.80,68.36
181.84,66.05
181.88,67.30
181.92,65.97
181.96,66.18
182.00,67.72
182.04,66.93
182.08,66.14
182.12,65.71
182.16,66.18
182.20,65.25
182.24,64.48
182.28,65.09
182.32,64.54
182.36,66.63
182.40,65.26
182.44,66.00
182.48,64.05
182.52,64.04
182.56,64.34
182.60,64.78
182.64,63.95
182.68,63.64
182.72,64.95
182.76,63.11
182.80,63.17
182.84,63.15
182.88,63.61
182.92,62.57
182.96,61.62
183.00,61.04
183.04,63.01
183.08,62.69
183.12,62.34
183.16,61.76
183.20,62.51
183.24,62.78
183.28,64.49
183.32,63.90
183.36,64.44
183.40,63.21
183.44,63.36
183.48,64.04
183.52,62.87
183.56,65.73
183.60,62.75
183.64,65.23
183.68,63.97
183.72,64.96
183.76,65.75
183.80,62.90
183.84,64.52
183.88,66.34
183.92,66.22
183.96,64.73
184.00,65.35
184.04,65.57
184.08,65.48
184.12,65.14
184.16,65.72
184.20,66.84
184.24,66.20
184.28,67.98
184.32,67.38
184.36,67.25
184.40,66.77
184.44,65.12
184.48,67.88
184.52,67.27
184.56,66.99
184.60,66.04
184.64,67.60
184.68,67.57
184.72,69.60
184.76,67.74
184.80,67.41
184.84,69.15
184.88,66.96
184.92,66.61
184.96,66.46
185.00,67.09
185.04,67.06
185.08,66.71
185.12,67.31
185.16,66.81
185.20,68.31
185.24,66.84
185.28,66.86
185.32,67.23
185.36,67.30
185.40,65.61
185.44,67.52
185.48,66.34
185.52,66.02
185.56,66.88
185.60,66.94
185.64,66.30
185.68,66.73
185.72,65.46
185.76,64.68
185.80,62.78
185.84,64.92
185.88,64.61
185.92,65.43
185.96,65.31
186.00,63.54
186.04,61.51
186.08,62.84
186.12,62.64
186.16,65.34
186.20,63.13
186.24,63.16
186.28,61.60
186.32,63.99
186.36,63.30
186.40,63.14
186.44,62.69
186.48,63.28
186.52,61.77
186.56,62.57
186.60,60.52
186.64,61.02
186.68,61.07
186.72,61.02
186.76,60.32
186.80,61.76
186.84,60.88
186.88,61.95
186.92,60.85
186.96,60.67
187.00,59.90
187.04,61.29
187.08,61.31
187.12,61.30
187.16,61.63
187.20,60.22
187.24,61.54
187.28,61.19
187.32,62.13
187.36,61.16
187.40,61.23
187.44,60.54
187.48,62.26
187.52,60.84
187.56,61.97
187.60,61.67
187.64,63.20
187.68,62.75
187.72,63.57
187.76,63.43
187.80,62.47
187.84,62.55
187.88,62.03
187.92,64.47
187.96,64.20
188.00,63.07
188.04,64.36
188.08,64.90
188.12,63.75
188.16,64.45
188.20,63.35
188.24,65.45
188.28,64.79
188.32,65.57
188.36,64.94
188.40,66.26
188.44,64.29
188.48,66.65
188.52,65.48
188.56,65.91
188.60,66.82
188.64,65.74
188.68,66.25
188.72,67.44
188.76,66.58
188.80,66.24
188.84,66.10
188.88,66.90
188.92,66.25
188.96,65.90
189.00,66.93
189.04,66.45
189.08,66.95
189.12,68.34
189.16,64.49
189.20,65.80
189.24,64.91
189.28,67.10
189.32,66.13
189.36,66.56
189.40,64.21
189.44,65.39
189.48,65.90
189.52,64.30
189.56,65.51
189.60,65.55
189.64,65.06
189.68,66.13
189.72,65.02
189.76,64.41
189.80,64.88
189.84,62.35
189.88,62.77
189.92,64.82
189.96,63.26
190.00,63.80
190.04,61.79
190.08,62.62
190.12,61.63
190.16,61.70
190.20,62.10
190.24,61.56
190.28,61.24
190.32,61.62
190.36,61.41
190.40,61.34
190.44,58.61
190.48,60.47
190.52,61.03
190.56,61.05
190.60,59.98
190.64,62.12
190.68,61.44
190.72,60.22
190.76,61.48
190.80,59.76
190.84,60.84
190.88,60.23
190.92,59.96
190.96,60.14
191.00,59.97
191.04,59.93
191.08,59.31
191.12,59.61
191.16,60.18
191.20,59.96
191.24,60.28
191.28,59.92
191.32,58.87
191.36,61.10
191.40,58.57
191.44,60.08
191.48,62.37
191.52,60.80
191.56,62.01
191.60,61.65
191.64,61.29
191.68,60.89
191.72,61.84
191.76,62.16
191.80,62.59
191.84,64.25
191.88,60.92
191.92,63.10
191.96,63.01
192.00,62.33
192.04,62.80
192.08,62.56
192.12,63.95
192.16,63.60
192.20,64.03
192.24,64.50
192.28,65.93
192.32,64.78
192.36,64.20
192.40,64.72
192.44,64.46
192.48,66.07
192.52,65.87
192.56,65.91
192.60,65.71
192.64,65.72
192.68,65.86
192.72,64.86
192.76,66.10
192.80,65.84
192.84,65.80
192.88,64.57
192.92,66.01
192.96,65.37
193.00,66.81
193.04,65.53
193.08,65.69
193.12,65.15
193.16,67.58
193.20,64.48
193.24,66.17
193.28,65.84
193.32,65.85
193.36,63.93
193.40,64.92
193.44,64.07
193.48,64.99
193.52,65.96
193.56,65.41
193.60,65.26
193.64,63.71
193.68,63.21
193.72,65.59
193.76,63.82
193.80,63.14
193.84,64.61
193.88,63.90
193.92,63.05
193.96,61.24
194.00,61.41
194.04,63.04
194.08,61.84
194.12,62.46
194.16,63.01
194.20,64.27
194.24,62.74
194.28,62.34
194.32,63.41
194.36,63.16
194.40,61.69
194.44,61.82
194.48,61.25
194.52,60.60
194.56,60.27
194.60,60.50
194.64,58.80
194.68,60.55
194.72,60.57
194.76,62.14
194.80,61.18
194.84,59.56
194.88,61.57
194.92,58.97
194.96,61.02
195.00,60.63
195.04,60.80
195.08,61.49
195.12,60.55
195.16,59.64
195.20,61.37
195.24,60.47
195.28,60.18
195.32,59.41
195.36,61.40
195.40,62.13
195.44,60.73
195.48,61.07
195.52,62.09
195.56,61.38
195.60,61.24
195.64,61.08
195.68,61.00
195.72,60.76
195.76,61.67
195.80,63.75
195.84,62.01
195.88,63.06
195.92,64.22
195.96,62.99
196.00,65.24
196.04,64.65
196.08,63.59
196.12,64.91
196.16,63.39
196.20,64.16
196.24,65.25
196.28,63.88
196.32,65.42
196.36,65.31
196.40,65.99
196.44,66.16
196.48,67.42
196.52,65.77
196.56,66.52
196.60,65.83
196.64,65.76
196.68,67.39
196.72,66.69
196.76,67.81
196.80,65.72
196.84,68.07
196.88,67.15
196.92,65.35
196.96,66.32
197.00,67.84
197.04,65.21
197.08,66.49
197.12,65.73
197.16,66.70
197.20,67.36
197.24,69.11
197.28,67.34
197.32,66.07
197.36,65.10
197.40,66.12
197.44,66.15
197.48,65.14
197.52,65.69
197.56,63.91
197.60,65.35
197.64,65.94
197.68,64.80
197.72,65.86
197.76,66.23
197.80,65.11
197.84,65.54
197.88,64.91
197.92,63.35
197.96,65.65
198.00,63.27
198.04,63.90
198.08,61.43
198.12,63.17
198.16,63.88
198.20,62.87
198.24,62.27
198.28,61.05
198.32,61.60
198.36,62.87
198.40,63.01
198.44,62.17
198.48,61.03
198.52,62.15
198.56,62.62
198.60,60.66
198.64,61.08
198.68,59.98
198.72,61.55
198.76,62.45
198.80,60.06
198.84,61.35
198.88,60.81
198.92,61.65
198.96,61.78
199.00,61.51
199.04,62.47
199.08,61.05
199.12,59.57
199.16,60.00
199.20,60.97
199.24,62.38
199.28,61.88
199.32,63.03
199.36,62.11
199.40,62.12
199.44,61.21
199.48,60.88
199.52,62.73
199.56,63.40
199.60,62.81
199.64,63.52
199.68,63.40
199.72,60.97
199.76,61.79
199.80,64.61
199.84,62.61
199.88,64.16
199.92,64.48
199.96,65.18
200.00,63.85
200.04,65.10
200.08,64.65
200.12,64.86
200.16,65.88
200.20,66.17
200.24,66.22
200.28,65.81
200.32,66.19
200.36,66.18
200.40,66.63
200.44,67.62
200.48,68.76
200.52,67.86
200.56,66.85
200.60,66.50
200.64,67.81
200.68,66.82
200.72,68.53
200.76,67.65
200.80,67.08
200.84,68.03
200.88,66.36
200.92,67.70
200.96,67.86
201.00,68.41
201.04,68.56
201.08,66.69
201.12,67.03
201.16,68.64
201.20,67.78
201.24,67.31
201.28,68.23
201.32,68.35
201.36,66.90
201.40,68.45
201.44,66.82
201.48,67.14
201.52,66.49
201.56,67.48
201.60,65.62
201.64,66.72
201.68,65.59
201.72,66.13
201.76,67.35
201.80,65.67
201.84,67.60
201.88,64.21
201.92,64.73
201.96,65.72
202.00,65.61
202.04,64.89
202.08,65.74
202.12,65.16
202.16,65.40
202.20,62.83
202.24,64.64
202.28,64.92
202.32,63.94
202.36,64.72
202.40,64.10
202.44,63.69
202.48,62.94
202.52,62.16
202.56,62.68
202.60,63.57
202.64,63.67
202.68,63.14
202.72,61.94
202.76,63.04
202.80,63.35
202.84,62.29
202.88,62.07
202.92,63.02
202.96,62.07
203.00,61.20
203.04,63.46
203.08,62.52
203.12,61.31
203.16,63.63
203.20,61.96
203.24,62.74
203.28,61.93
203.32,62.46
203.36,63.87
203.40,62.42
203.44,61.38
203.48,63.50
203.52,63.46
203.56,63.59
203.60,64.70
203.64,63.90
203.68,63.27
203.72,63.73
203.76,66.64
203.80,66.41
203.84,65.45
203.88,65.74
203.92,65.90
203.96,65.85
204.00,66.22
204.04,66.95
204.08,64.91
204.12,65.73
204.16,66.93
204.20,65.62
204.24,66.86
204.28,66.93
204.32,67.45
204.36,66.43
204.40,66.53
204.44,66.26
204.48,69.00
204.52,70.18
204.56,66.99
204.60,69.09
204.64,67.73
204.68,69.92
204.72,68.49
204.76,67.93
204.80,69.08
204.84,68.66
204.88,68.80
204.92,71.03
204.96,70.36
205.00,68.09
205.04,69.80
205.08,69.67
205.12,69.06
205.16,68.61
205.20,69.31
205.24,69.82
205.28,68.93
205.32,69.08
205.36,68.96
205.40,68.22
205.44,67.94
205.48,67.23
205.52,69.91
205.56,68.92
205.60,67.88
205.64,69.51
205.68,68.67
205.72,66.89
205.76,67.21
205.80,67.01
205.84,67.57
205.88,67.43
205.92,68.07
205.96,65.21
206.00,65.51
206.04,67.78
206.08,65.52
206.12,64.86
206.16,66.12
206.20,65.49
206.24,66.46
206.28,66.46
206.32,64.90
206.36,64.12
206.40,64.91
206.44,65.38
206.48,64.16
206.52,63.74
206.56,65.01
206.60,63.02
206.64,64.42
206.68,64.73
206.72,62.21
206.76,64.07
206.80,61.87
206.84,64.04
206.88,63.53
206.92,63.40
206.96,63.50
207.00,61.91
207.04,63.88
207.08,63.92
207.12,64.72
207.16,63.24
207.20,64.73
207.24,65.14
207.28,63.06
207.32,65.93
207.36,64.36
207.40,64.22
207.44,63.66
207.48,65.07
207.52,64.22
207.56,64.04
207.60,64.08
207.64,65.24
207.68,65.39
207.72,64.66
207.76,66.18
207.80,65.15
207.84,67.11
207.88,66.58
207.92,66.26
207.96,68.53
208.00,66.34
208.04,65.74
208.08,66.46
208.12,66.77
208.16,68.51
208.20,65.92
208.24,65.59
208.28,68.61
208.32,68.93
208.36,66.96
208.40,67.49
208.44,68.92
208.48,69.15
208.52,67.45
208.56,71.27
208.60,68.86
208.64,69.74
208.68,69.84
208.72,69.95
208.76,69.81
208.80,72.14
208.84,69.79
208.88,69.67
208.92,71.20
208.96,68.70
209.00,69.16
209.04,70.25
209.08,70.65
209.12,68.45
209.16,69.17
209.20,69.67
209.24,69.75
209.28,69.82
209.32,69.58
209.36,69.43
209.40,69.01
209.44,69.86
209.48,69.35
209.52,69.55
209.56,68.94
209.60,67.68
209.64,68.77
209.68,68.92
209.72,69.24
209.76,69.28
209.80,68.21
209.84,68.13
209.88,66.83
209.92,67.58
209.96,66.98
210.00,67.63
210.04,66.34
210.08,66.21
210.12,67.09
210.16,68.38
210.20,66.39
210.24,64.60
210.28,66.79
210.32,66.27
210.36,64.78
210.40,65.25
210.44,65.36
210.48,64.75
210.52,65.42
210.56,63.99
210.60,63.87
210.64,64.24
210.68,64.53
210.72,62.58
210.76,63.49
210.80,64.48
210.84,64.86
210.88,62.83
210.92,63.10
210.96,62.44
211.00,65.70
211.04,63.21
211.08,62.42
211.12,63.96
211.16,63.45
211.20,66.20
211.24,64.05
211.28,62.95
211.32,65.14
211.36,64.53
211.40,63.79
211.44,64.93
211.48,64.63
211.52,65.79
211.56,65.78
211.60,64.41
211.64,65.77
211.68,65.71
211.72,65.80
211.76,65.23
211.80,66.55
211.84,64.29
211.88,65.52
211.92,64.68
211.96,65.87
212.00,66.40
212.04,66.59
212.08,67.29
212.12,66.56
212.16,67.29
212.20,69.67
212.24,68.04
212.28,68.75
212.32,67.81
212.36,67.85
212.40,68.23
212.44,69.41
212.48,67.72
212.52,68.66
212.56,70.08
212.60,68.52
212.64,67.67
212.68,69.16
212.72,69.24
212.76,69.58
212.80,70.35
212.84,70.12
212.88,69.82
212.92,68.62
212.96,69.15
213.00,70.94
213.04,71.15
213.08,69.22
213.12,69.56
213.16,69.30
213.20,69.85
213.24,70.23
213.28,69.63
213.32,69.31
213.36,69.55
213.40,70.15
213.44,68.32
213.48,67.91
213.52,68.51
213.56,68.56
213.60,67.78
213.64,68.33
213.68,68.21
213.72,69.01
213.76,67.13
213.80,67.14
213.84,66.92
213.88,67.06
213.92,68.23
213.96,65.96
214.00,66.43
214.04,64.97
214.08,64.96
214.12,66.54
214.16,66.70
214.20,65.78
214.24,66.04
214.28,66.41
214.32,64.29
214.36,64.86
214.40,64.28
214.44,63.36
214.48,63.70
214.52,63.42
214.56,64.06
214.60,63.18
214.64,65.99
214.68,64.49
214.72,64.62
214.76,62.62
214.80,62.95
214.84,62.75
214.88,63.64
214.92,63.17
214.96,63.54
215.00,63.63
215.04,63.54
215.08,61.95
215.12,62.47
215.16,63.63
215.20,62.98
215.24,63.88
215.28,62.85
215.32,63.24
215.36,63.04
215.40,64.33
215.44,65.61
215.48,63.10
215.52,63.60
215.56,64.34
215.60,66.01
215.64,65.69
215.68,63.48
215.72,64.57
215.76,65.73
215.80,66.42
215.84,66.57
215.88,66.79
215.92,66.29
215.96,65.90
216.00,64.04
216.04,65.90
216.08,66.38
216.12,66.67
216.16,66.09
216.20,66.82
216.24,66.35
216.28,67.98
216.32,65.91
216.36,68.09
216.40,69.04
216.44,67.98
216.48,67.92
216.52,67.69
216.56,67.86
216.60,68.34
216.64,68.79
216.68,68.19
216.72,69.51
216.76,68.17
216.80,67.55
216.84,66.87
216.88,68.03
216.92,70.45
216.96,69.13
217.00,68.16
217.04,69.05
217.08,67.62
217.12,69.10
217.16,68.62
217.20,67.93
217.24,69.09
217.28,68.00
217.32,67.34
217.36,67.61
217.40,68.07
217.44,66.64
217.48,68.01
217.52,67.22
217.56,67.53
217.60,66.03
217.64,66.64
217.68,67.29
217.72,67.45
217.76,65.58
217.80,67.08
217.84,66.23
217.88,66.26
217.92,66.60
217.96,62.87
218.00,66.19
218.04,64.59
218.08,65.75
218.12,66.02
218.16,63.28
218.20,64.90
218.24,65.09
218.28,64.36
218.32,65.13
218.36,63.13
218.40,63.03
218.44,64.58
218.48,63.76
218.52,63.18
218.56,61.57
218.60,61.14
218.64,62.24
218.68,63.50
218.72,62.02
218.76,63.48
218.80,63.13
218.84,61.70
218.88,60.11
218.92,60.97
218.96,61.70
219.00,60.35
219.04,62.37
219.08,62.17
219.12,61.13
219.16,62.06
219.20,62.25
219.24,63.14
219.28,62.41
219.32,62.73
219.36,60.78
219.40,61.09
219.44,63.92
219.48,62.58
219.52,62.09
219.56,62.29
219.60,62.75
219.64,61.85
219.68,62.77
219.72,64.76
219.76,63.25
219.80,63.73
219.84,64.27
219.88,63.26
219.92,63.65
219.96,63.45
220.00,65.03
220.04,64.93
220.08,64.60
220.12,64.73
220.16,67.75
220.20,65.05
220.24,64.88
220.28,65.33
220.32,66.21
220.36,64.63
220.40,65.71
220.44,67.00
220.48,67.08
220.52,67.82
220.56,66.80
220.60,66.19
220.64,67.03
220.68,67.03
220.72,67.16
220.76,68.96
220.80,65.81
220.84,67.93
220.88,65.53
220.92,67.18
220.96,68.42
221.00,68.04
221.04,65.05
221.08,67.13
221.12,66.36
221.16,67.32
221.20,68.37
221.24,66.99
221.28,67.61
221.32,67.93
221.36,67.22
221.40,64.70
221.44,66.83
221.48,67.00
221.52,66.13
221.56,65.05
221.60,65.13
221.64,65.35
221.68,65.75
221.72,66.18
221.76,65.96
221.80,65.42
221.84,66.40
221.88,64.16
221.92,64.08
221.96,63.11
222.00,65.41
222.04,63.79
222.08,64.67
222.12,63.78
222.16,63.07
222.20,63.43
222.24,61.62
222.28,63.61
222.32,61.04
222.36,61.72
222.40,62.35
222.44,62.29
222.48,61.64
222.52,61.30
222.56,61.93
222.60,60.57
222.64,62.37
222.68,60.42
222.72,61.87
222.76,60.23
222.80,60.65
222.84,60.59
222.88,60.37
222.92,59.70
222.96,60.85
223.00,59.65
223.04,62.89
223.08,61.50
223.12,61.54
223.16,59.47
223.20,59.83
223.24,60.69
223.28,62.12
223.32,62.26
223.36,59.79
223.40,60.74
223.44,59.77
223.48,59.96
223.52,60.98
223.56,63.00
223.60,61.09
223.64,63.29
223.68,60.82
223.72,64.03
223.76,63.06
223.80,62.50
223.84,63.78
223.88,63.53
223.92,63.97
223.96,62.43
224.00,64.58
224.04,64.26
224.08,63.02
224.12,63.93
224.16,64.11
224.20,64.38
224.24,63.65
224.28,64.77
224.32,65.73
224.36,64.32
224.40,65.21
224.44,65.63
224.48,64.90
224.52,64.99
224.56,66.38
224.60,66.24
224.64,63.65
224.68,66.86
224.72,64.86
224.76,67.33
224.80,67.95
224.84,65.46
224.88,66.12
224.92,66.53
224.96,66.27
225.00,67.62
225.04,67.17
225.08,65.04
225.12,65.65
225.16,66.17
225.20,65.96
225.24,64.52
225.28,64.89
225.32,63.98
225.36,63.36
225.40,63.01
225.44,62.43
225.48,61.97
225.52,61.76
225.56,62.48
225.60,61.36
225.64,59.91
225.68,59.50
225.72,61.25
225.76,59.98
225.80,60.10
225.84,61.63
225.88,58.02
225.92,60.09
225.96,59.04
226.00,59.38
226.04,58.56
226.08,59.07
226.12,60.19
226.16,59.08
226.20,59.83
226.24,60.80
226.28,61.70
226.32,63.54
226.36,64.79
226.40,66.19
226.44,65.29
226.48,67.13
226.52,66.46
226.56,66.50
226.60,67.62
226.64,69.20
226.68,71.16
226.72,72.47
226.76,72.98
226.80,72.29
226.84,73.64
226.88,72.81
226.92,73.33
226.96,73.64
227.00,73.52
227.04,73.91
227.08,74.93
227.12,75.05
227.16,75.68
227.20,76.15
227.24,75.74
227.28,76.07
227.32,77.02
227.36,77.51
227.40,77.43
227.44,77.62
227.48,77.11
227.52,76.34
227.56,78.07
227.60,77.59
227.64,77.49
227.68,79.17
227.72,78.96
227.76,80.40
227.80,80.28
227.84,78.18
227.88,79.54
227.92,81.67
227.96,81.13
228.00,80.97
228.04,80.74
228.08,81.27
228.12,79.70
228.16,80.40
228.20,82.09
228.24,82.09
228.28,81.21
228.32,81.40
228.36,82.24
228.40,81.36
228.44,81.22
228.48,81.92
228.52,80.59
228.56,81.91
228.60,82.47
228.64,81.47
228.68,84.07
228.72,82.00
228.76,83.79
228.80,82.96
228.84,81.82
228.88,82.60
228.92,81.16
228.96,80.46
229.00,82.02
229.04,80.92
229.08,82.11
229.12,82.43
229.16,80.25
229.20,81.96
229.24,80.92
229.28,82.24
229.32,79.90
229.36,80.11
229.40,79.74
229.44,80.80
229.48,79.85
229.52,78.10
229.56,80.57
229.60,78.19
229.64,78.57
229.68,78.36
229.72,77.54
229.76,77.00
229.80,77.11
229.84,77.58
229.88,75.74
229.92,78.36
229.96,75.54
230.00,75.73
230.04,76.74
230.08,75.99
230.12,76.03
230.16,75.86
230.20,73.96
230.24,75.11
230.28,73.97
230.32,74.66
230.36,74.61
230.40,73.88
230.44,73.01
230.48,72.64
230.52,73.94
230.56,72.88
230.60,70.36
230.64,71.32
230.68,72.48
230.72,72.06
230.76,71.52
230.80,71.70
230.84,70.52
230.88,70.78
230.92,69.82
230.96,70.83
231.00,71.77
231.04,71.80
231.08,71.12
231.12,70.51
231.16,70.97
231.20,71.12
231.24,70.64
231.28,70.41
231.32,69.26
231.36,70.49
231.40,70.29
231.44,70.23
231.48,70.49
231.52,71.50
231.56,68.95
231.60,71.22
231.64,70.24
231.68,71.43
231.72,71.55
231.76,70.28
231.80,71.74
231.84,71.25
231.88,71.29
231.92,72.22
231.96,70.87
232.00,71.47
232.04,72.05
232.08,73.37
232.12,71.71
232.16,73.17
232.20,71.14
232.24,71.31
232.28,71.14
232.32,71.17
232.36,73.89
232.40,72.30
232.44,72.11
232.48,73.44
232.52,73.28
232.56,72.82
232.60,75.80
232.64,73.85
232.68,74.56
232.72,74.14
232.76,74.11
232.80,73.38
232.84,73.38
232.88,73.78
232.92,73.58
232.96,74.10
233.00,74.14
233.04,73.24
233.08,72.73
233.12,72.87
233.16,73.63
233.20,73.40
233.24,72.15
233.28,72.57
233.32,71.85
233.36,72.06
233.40,71.21
233.44,72.64
233.48,71.46
233.52,71.60
233.56,71.54
233.60,70.52
233.64,69.51
233.68,70.40
233.72,72.06
233.76,69.34
233.80,70.74
233.84,68.39
233.88,70.06
233.92,69.85
233.96,68.76
234.00,68.90
234.04,67.89
234.08,68.41
234.12,67.70
234.16,67.91
234.20,66.65
234.24,67.18
234.28,68.19
234.32,65.57
234.36,68.13
234.40,67.39
234.44,66.15
234.48,67.65
234.52,65.77
234.56,65.33
234.60,67.38
234.64,64.61
234.68,63.92
234.72,65.65
234.76,64.30
234.80,66.02
234.84,64.25
234.88,65.23
234.92,66.54
234.96,62.80
235.00,66.74
235.04,66.10
235.08,66.23
235.12,63.59
235.16,64.44
235.20,65.31
235.24,65.06
235.28,64.40
235.32,66.28
235.36,65.00
235.40,64.75
235.44,65.23
235.48,64.15
235.52,65.05
235.56,65.71
235.60,65.91
235.64,65.89
235.68,66.20
235.72,65.98
235.76,66.32
235.80,67.00
235.84,67.41
235.88,67.25
235.92,67.28
235.96,67.16
236.00,66.64
236.04,66.92
236.08,67.13
236.12,67.28
236.16,68.19
236.20,67.55
236.24,67.69
236.28,68.42
236.32,68.50
236.36,68.22
236.40,68.81
236.44,69.23
236.48,67.28
236.52,68.15
236.56,68.50
236.60,70.97
236.64,68.49
236.68,69.44
236.72,70.03
236.76,68.22
236.80,69.93
236.84,68.43
236.88,69.34
236.92,69.70
236.96,70.20
237.00,70.85
237.04,68.78
237.08,68.35
237.12,69.64
237.16,67.65
237.20,68.20
237.24,69.41
237.28,67.64
237.32,69.16
237.36,68.10
237.40,68.47
237.44,67.59
237.48,69.04
237.52,68.23
237.56,68.46
237.60,68.04
237.64,67.03
237.68,66.81
237.72,68.85
237.76,67.84
237.80,67.97
237.84,67.23
237.88,65.60
237.92,66.25
237.96,66.22
238.00,65.90
238.04,65.78
238.08,65.69
238.12,66.20
238.16,66.81
238.20,65.57
238.24,66.32
238.28,65.18
238.32,63.91
238.36,63.47
238.40,64.10
238.44,64.60
238.48,64.59
238.52,62.95
238.56,64.40
238.60,62.14
238.64,63.85
238.68,63.85
238.72,64.98
238.76,62.98
238.80,63.48
238.84,62.08
238.88,62.52
238.92,62.78
238.96,63.10
239.00,61.63
239.04,63.28
239.08,61.25
239.12,63.78
239.16,63.96
239.20,63.62
239.24,62.87
239.28,63.72
239.32,62.22
239.36,64.59
239.40,64.32
239.44,62.77
239.48,64.48
239.52,61.94
239.56,63.80
239.60,65.47
239.64,62.76
239.68,64.53
239.72,65.46
239.76,63.82
239.80,64.21
239.84,65.57
239.88,64.71
239.92,65.34
239.96,64.40
240.00,66.39
240.04,67.63
240.08,66.25
240.12,65.87
240.16,66.32
240.20,67.37
240.24,65.76
240.28,67.30
240.32,68.55
240.36,66.36
240.40,67.74
240.44,69.66
240.48,67.87
240.52,67.00
240.56,69.03
240.60,68.39
240.64,68.75
240.68,68.10
240.72,69.29
240.76,67.48
240.80,68.85
240.84,67.50
240.88,69.35
240.92,69.17
240.96,68.25
241.00,70.13
241.04,68.51
241.08,67.84
241.12,68.04
241.16,68.58
241.20,70.67
241.24,68.96
241.28,68.26
241.32,68.76
241.36,68.18
241.40,67.38
241.44,67.66
241.48,68.69
241.52,68.94
241.56,67.55
241.60,69.19
241.64,69.35
241.68,66.68
241.72,67.95
241.76,67.71
241.80,66.17
241.84,66.53
241.88,66.87
241.92,66.00
241.96,67.04
242.00,66.57
242.04,65.17
242.08,66.42
242.12,66.64
242.16,63.90
242.20,65.86
242.24,64.78
242.28,64.08
242.32,64.29
242.36,63.26
242.40,64.66
242.44,63.20
242.48,63.77
242.52,64.78
242.56,63.29
242.60,64.16
242.64,63.20
242.68,64.81
242.72,63.03
242.76,63.20
242.80,64.71
242.84,62.62
242.88,63.71
242.92,63.01
242.96,64.54
243.00,63.83
243.04,64.62
243.08,64.01
243.12,62.76
243.16,63.45
243.20,64.76
243.24,61.95
243.28,63.26
243.32,62.65
243.36,63.77
243.40,65.13
243.44,64.12
243.48,65.83
243.52,65.46
243.56,63.50
243.60,64.82
243.64,64.58
243.68,64.83
243.72,65.21
243.76,65.49
243.80,66.63
243.84,66.64
243.88,66.22
243.92,64.71
243.96,66.84
244.00,68.52
244.04,66.56
244.08,67.74
244.12,66.03
244.16,67.43
244.20,68.03
244.24,68.14
244.28,69.35
244.32,68.62
244.36,68.65
244.40,70.16
244.44,70.31
244.48,68.70
244.52,70.62
244.56,69.77
244.60,68.30
244.64,69.87
244.68,68.18
244.72,69.35
244.76,68.94
244.80,69.85
244.84,71.46
244.88,70.28
244.92,69.63
244.96,68.04
245.00,70.36
245.04,70.94
245.08,70.53
245.12,69.59
245.16,68.64
245.20,69.83
245.24,69.56
245.28,69.64
245.32,68.94
245.36,69.68
245.40,70.02
245.44,69.68
245.48,69.21
245.52,72.11
245.56,69.55
245.60,66.88
245.64,68.88
245.68,68.39
245.72,68.46
245.76,67.99
245.80,68.09
245.84,67.18
245.88,67.86
245.92,66.77
245.96,66.96
246.00,67.22
246.04,66.50
246.08,66.78
246.12,67.32
246.16,65.56
246.20,66.32
246.24,66.41
246.28,65.52
246.32,64.40
246.36,64.91
246.40,65.34
246.44,64.71
246.48,65.17
246.52,61.76
246.56,65.76
246.60,66.48
246.64,65.05
246.68,65.18
246.72,64.40
246.76,63.75
246.80,63.89
246.84,64.20
246.88,64.71
246.92,63.63
246.96,66.00
247.00,64.24
247.04,65.63
247.08,63.48
247.12,63.80
247.16,64.65
247.20,65.47
247.24,65.55
247.28,64.01
247.32,62.85
247.36,64.25
247.40,64.05
247.44,63.73
247.48,65.17
247.52,63.64
247.56,64.75
247.60,64.38
247.64,65.57
247.68,65.29
247.72,66.57
247.76,66.53
247.80,67.75
247.84,66.73
247.88,66.27
247.92,66.40
247.96,66.90
248.00,67.61
248.04,67.60
248.08,70.05
248.12,68.02
248.16,69.35
248.20,69.89
248.24,69.56
248.28,69.29
248.32,69.31
248.36,70.85
248.40,69.09
248.44,70.60
248.48,69.57
248.52,68.86
248.56,72.03
248.60,69.65
248.64,69.52
248.68,69.60
248.72,72.36
248.76,70.42
248.80,69.91
248.84,72.02
248.88,69.14
248.92,71.67
248.96,71.69
249.00,70.51
249.04,71.66
249.08,72.10
249.12,70.78
249.16,72.57
249.20,70.44
249.24,70.69
249.28,70.98
249.32,71.46
249.36,70.56
249.40,72.58
249.44,70.49
249.48,70.69
249.52,70.44
249.56,70.50
249.60,69.40
249.64,68.88
249.68,70.28
249.72,69.74
249.76,70.11
249.80,69.71
249.84,68.49
249.88,69.23
249.92,68.53
249.96,68.09
250.00,67.06
250.04,66.83
250.08,67.75
250.12,68.00
250.16,66.56
250.20,67.38
250.24,65.27
250.28,65.97
250.32,68.59
250.36,67.42
250.40,67.05
250.44,66.86
250.48,66.49
250.52,65.06
250.56,66.47
250.60,65.66
250.64,65.08
250.68,66.64
250.72,65.12
250.76,65.87
250.80,66.04
250.84,65.10
250.88,64.13
250.92,65.33
250.96,65.15
251.00,65.03
251.04,65.90
251.08,64.40
251.12,65.72
251.16,65.87
251.20,66.18
251.24,64.60
251.28,64.59
251.32,65.83
251.36,65.77
251.40,66.55
251.44,66.25
251.48,66.59
251.52,65.05
251.56,66.18
251.60,67.51
251.64,67.96
251.68,66.28
251.72,64.86
251.76,66.38
251.80,67.87
251.84,66.59
251.88,68.23
251.92,67.05
251.96,68.83
252.00,68.48
252.04,67.02
252.08,69.75
252.12,68.36
252.16,69.87
252.20,69.64
252.24,69.64
252.28,68.58
252.32,69.61
252.36,70.23
252.40,71.39
252.44,70.03
252.48,70.82
252.52,71.87
252.56,70.36
252.60,70.18
252.64,71.85
252.68,71.60
252.72,69.44
252.76,71.76
252.80,72.85
252.84,71.28
252.88,71.78
252.92,74.91
252.96,71.06
253.00,70.83
253.04,72.99
253.08,72.69
253.12,72.03
253.16,71.44
253.20,70.17
253.24,70.23
253.28,70.81
253.32,72.44
253.36,71.21
253.40,72.11
253.44,71.50
253.48,70.75
253.52,70.27
253.56,70.13
253.60,67.42
253.64,65.80
253.68,65.49
253.72,66.72
253.76,67.33
253.80,65.26
253.84,66.03
253.88,64.94
253.92,65.28
253.96,63.75
254.00,64.80
254.04,65.20
254.08,63.59
254.12,63.47
254.16,64.33
254.20,62.30
254.24,63.46
254.28,63.10
254.32,64.08
254.36,63.41
254.40,62.33
254.44,62.52
254.48,63.06
254.52,62.95
254.56,65.75
254.60,66.19
254.64,68.11
254.68,67.74
254.72,68.29
254.76,69.71
254.80,71.06
254.84,72.24
254.88,72.58
254.92,73.95
254.96,73.66
255.00,74.99
255.04,75.41
255.08,75.09
255.12,76.14
255.16,78.45
255.20,75.84
255.24,77.10
255.28,77.31
255.32,79.03
255.36,77.68
255.40,78.99
255.44,79.62
255.48,81.32
255.52,80.49
255.56,79.07
255.60,81.45
255.64,82.57
255.68,81.60
255.72,82.12
255.76,81.84
255.80,81.55
255.84,81.80
255.88,83.39
255.92,84.45
255.96,82.71
256.00,85.66
256.04,83.84
256.08,84.15
256.12,86.26
256.16,83.41
256.20,86.02
256.24,85.25
256.28,83.91
256.32,85.40
256.36,86.63
256.40,86.19
256.44,86.27
256.48,87.46
256.52,85.66
256.56,84.69
256.60,85.56
256.64,85.74
256.68,85.58
256.72,84.81
256.76,85.81
256.80,85.76
256.84,85.09
256.88,85.39
256.92,85.76
256.96,85.25
257.00,85.58
257.04,85.70
257.08,85.75
257.12,86.37
257.16,84.99
257.20,84.31
257.24,83.76
257.28,84.91
257.32,84.19
257.36,84.56
257.40,84.11
257.44,83.24
257.48,84.75
257.52,82.55
257.56,84.39
257.60,83.74
257.64,83.61
257.68,82.64
257.72,81.72
257.76,82.62
257.80,84.08
257.84,82.03
257.88,81.06
257.92,81.23
257.96,79.36
258.00,81.03
258.04,81.26
258.08,79.78
258.12,80.73
258.16,77.95
258.20,80.40
258.24,78.29
258.28,78.33
258.32,78.70
258.36,77.60
258.40,76.32
258.44,77.36
258.48,76.85
258.52,75.32
258.56,76.33
258.60,76.48
258.64,75.68
258.68,76.62
258.72,76.46
258.76,75.10
258.80,74.81
258.84,74.78
258.88,74.90
258.92,73.44
258.96,74.33
259.00,75.24
259.04,74.51
259.08,74.45
259.12,73.27
259.16,74.93
259.20,75.24
259.24,74.29
259.28,74.13
259.32,73.76
259.36,74.83
259.40,75.34
259.44,75.25
259.48,75.11
259.52,75.34
259.56,74.79
259.60,75.64
259.64,74.32
259.68,75.53
259.72,74.36
259.76,74.39
259.80,74.19
259.84,75.82
259.88,75.84
259.92,74.06
259.96,75.81
260.00,75.70
260.04,77.57
260.08,75.92
260.12,76.63
260.16,75.26
260.20,77.34
260.24,74.80
260.28,78.71
260.32,77.77
260.36,74.87
260.40,77.44
260.44,75.56
260.48,77.70
260.52,75.02
260.56,76.56
260.60,79.33
260.64,78.66
260.68,77.42
260.72,75.84
260.76,78.41
260.80,75.94
260.84,76.90
260.88,78.11
260.92,76.68
260.96,77.26
261.00,77.24
261.04,76.67
261.08,76.87
261.12,76.07
261.16,76.78
261.20,75.63
261.24,75.05
261.28,75.63
261.32,76.48
261.36,75.89
261.40,75.37
261.44,75.66
261.48,74.60
261.52,74.29
261.56,74.79
261.60,72.20
261.64,72.55
261.68,75.72
261.72,74.23
261.76,74.15
261.80,73.50
261.84,73.10
261.88,72.61
261.92,72.11
261.96,71.74
262.00,73.11
262.04,72.25
262.08,71.48
262.12,72.12
262.16,70.08
262.20,71.53
262.24,70.65
262.28,70.81
262.32,70.90
262.36,69.14
262.40,68.12
262.44,69.79
262.48,68.34
262.52,70.36
262.56,68.94
262.60,65.81
262.64,69.18
262.68,67.60
262.72,68.33
262.76,69.02
262.80,67.92
262.84,66.35
262.88,67.25
262.92,70.96
262.96,67.75
263.00,67.55
263.04,68.40
263.08,68.53
263.12,67.36
263.16,66.31
263.20,66.86
263.24,67.96
263.28,67.34
263.32,67.38
263.36,67.22
263.40,68.31
263.44,67.17
263.48,66.40
263.52,67.77
263.56,68.05
263.60,67.49
263.64,68.93
263.68,70.34
263.72,69.51
263.76,68.81
263.80,69.61
263.84,67.17
263.88,68.14
263.92,67.78
263.96,70.18
264.00,69.00
264.04,68.45
264.08,69.90
264.12,69.98
264.16,69.82
264.20,71.39
264.24,70.10
264.28,69.73
264.32,70.96
264.36,71.70
264.40,68.43
264.44,70.66
264.48,70.21
264.52,70.56
264.56,70.25
264.60,71.71
264.64,70.98
264.68,70.51
264.72,70.35
264.76,70.22
264.80,71.94
264.84,70.56
264.88,71.37
264.92,72.32
264.96,70.88
265.00,71.27
265.04,70.66
265.08,71.28
265.12,70.52
265.16,72.03
265.20,71.08
265.24,71.64
265.28,71.12
265.32,70.82
265.36,70.20
265.40,70.37
265.44,69.96
265.48,69.03
265.52,69.60
265.56,70.20
265.60,69.10
265.64,70.27
265.68,68.42
265.72,67.09
265.76,70.09
265.80,68.08
265.84,67.67
265.88,68.22
265.92,68.10
265.96,69.12
266.00,66.91
266.04,66.39
266.08,66.87
266.12,67.19
266.16,64.22
266.20,67.70
266.24,65.08
266.28,65.25
266.32,65.07
266.36,66.63
266.40,65.14
266.44,65.88
266.48,65.25
266.52,64.43
266.56,64.95
266.60,64.53
266.64,64.05
266.68,65.30
266.72,63.25
266.76,62.98
266.80,64.45
266.84,64.19
266.88,62.66
266.92,64.28
266.96,61.54
267.00,64.50
267.04,65.44
267.08,63.65
267.12,63.24
267.16,62.99
267.20,63.89
267.24,64.53
267.28,64.11
267.32,63.59
267.36,62.39
267.40,65.29
267.44,62.36
267.48,63.23
267.52,63.77
267.56,64.35
267.60,64.00
267.64,64.62
267.68,64.85
267.72,64.58
267.76,66.00
267.80,65.62
267.84,64.91
267.88,65.17
267.92,66.13
267.96,64.93
268.00,65.75
268.04,66.32
268.08,66.94
268.12,66.49
268.16,65.53
268.20,65.24
268.24,66.53
268.28,67.02
268.32,67.81
268.36,66.86
268.40,67.15
268.44,67.73
268.48,68.00
268.52,67.23
268.56,68.27
268.60,69.60
268.64,68.39
268.68,66.63
268.72,67.88
268.76,69.10
268.80,67.33
268.84,68.43
268.88,69.40
268.92,68.56
268.96,68.28
269.00,68.69
269.04,70.32
269.08,68.72
269.12,67.41
269.16,68.84
269.20,68.00
269.24,68.58
269.28,69.25
269.32,66.06
269.36,67.07
269.40,67.76
269.44,69.65
269.48,68.71
269.52,67.41
269.56,68.07
269.60,65.50
269.64,66.01
269.68,67.20
269.72,68.10
269.76,66.72
269.80,65.35
269.84,66.03
269.88,65.42
269.92,65.95
269.96,65.84
270.00,66.48
270.04,66.17
270.08,65.11
270.12,64.21
270.16,64.45
270.20,64.35
270.24,64.08
270.28,66.04
270.32,64.13
270.36,63.80
270.40,64.08
270.44,63.89
270.48,62.59
270.52,62.33
270.56,64.16
270.60,61.30
270.64,60.65
270.68,62.23
270.72,63.14
270.76,62.24
270.80,61.47
270.84,62.25
270.88,62.64
270.92,60.15
270.96,61.03
271.00,61.98
271.04,62.55
271.08,61.32
271.12,61.74
271.16,61.34
271.20,63.83
271.24,60.90
271.28,61.03
271.32,62.74
271.36,61.68
271.40,62.69
271.44,62.65
271.48,62.48
271.52,63.81
271.56,63.55
271.60,63.93
271.64,63.40
271.68,61.96
271.72,61.80
271.76,62.63
271.80,64.18
271.84,64.13
271.88,63.89
271.92,65.47
271.96,65.35
272.00,64.87
272.04,65.82
272.08,63.28
272.12,65.60
272.16,66.46
272.20,64.90
272.24,66.27
272.28,66.27
272.32,67.75
272.36,66.33
272.40,66.54
272.44,68.40
272.48,66.80
272.52,66.43
272.56,66.81
272.60,65.56
272.64,68.49
272.68,66.96
272.72,66.87
272.76,66.20
272.80,68.60
272.84,66.51
272.88,67.44
272.92,67.57
272.96,68.27
273.00,67.30
273.04,67.22
273.08,68.65
273.12,67.30
273.16,66.54
273.20,68.92
273.24,67.90
273.28,68.19
273.32,67.77
273.36,67.76
273.40,65.89
273.44,67.12
273.48,67.70
273.52,66.14
273.56,65.59
273.60,66.76
273.64,67.39
273.68,67.68
273.72,67.94
273.76,66.43
273.80,65.34
273.84,64.65
273.88,66.41
273.92,66.79
273.96,64.83
274.00,63.86
274.04,65.11
274.08,67.28
274.12,64.84
274.16,63.94
274.20,64.55
274.24,63.93
274.28,64.65
274.32,65.12
274.36,63.92
274.40,63.74
274.44,64.93
274.48,60.81
274.52,62.97
274.56,62.43
274.60,63.03
274.64,62.55
274.68,61.76
274.72,62.06
274.76,64.81
274.80,62.22
274.84,61.87
274.88,62.04
274.92,61.82
274.96,61.71
275.00,62.67
275.04,59.67
275.08,62.18
275.12,61.47
275.16,63.14
275.20,62.69
275.24,62.18
275.28,62.91
275.32,63.08
275.36,62.49
275.40,63.08
275.44,64.22
275.48,61.65
275.52,63.17
275.56,62.86
275.60,63.53
275.64,64.13
275.68,64.26
275.72,65.03
275.76,63.11
275.80,65.23
275.84,63.31
275.88,63.59
275.92,64.12
275.96,65.51
276.00,65.89
276.04,64.48
276.08,64.46
276.12,67.51
276.16,66.50
276.20,65.27
276.24,67.37
276.28,66.17
276.32,67.63
276.36,67.00
276.40,67.67
276.44,67.79
276.48,66.62
276.52,68.02
276.56,66.99
276.60,67.56
276.64,66.83
276.68,67.89
276.72,67.28
276.76,66.93
276.80,66.92
276.84,68.65
276.88,68.87
276.92,68.20
276.96,67.51
277.00,68.21
277.04,67.51
277.08,70.03
277.12,67.75
277.16,68.45
277.20,66.01
277.24,68.72
277.28,68.53
277.32,69.73
277.36,68.04
277.40,67.97
277.44,67.02
277.48,66.03
277.52,68.95
277.56,68.73
277.60,67.29
277.64,65.91
277.68,67.33
277.72,67.63
277.76,67.34
277.80,65.88
277.84,66.96
277.88,66.31
277.92,66.04
277.96,66.93
278.00,65.19
278.04,66.08
278.08,65.44
278.12,65.49
278.16,64.92
278.20,64.96
278.24,63.92
278.28,63.70
278.32,65.16
278.36,64.46
278.40,62.54
278.44,65.62
278.48,64.85
278.52,64.82
278.56,62.50
278.60,62.89
278.64,64.34
278.68,65.28
278.72,64.15
278.76,62.51
278.80,62.84
278.84,62.94
278.88,63.52
278.92,61.85
278.96,63.77
279.00,63.63
279.04,62.30
279.08,64.72
279.12,61.50
279.16,62.74
279.20,62.11
279.24,62.36
279.28,63.40
279.32,62.46
279.36,64.48
279.40,63.09
279.44,65.36
279.48,64.08
279.52,64.42
279.56,64.95
279.60,62.81
279.64,66.11
279.68,64.31
279.72,65.62
279.76,64.70
279.80,65.40
279.84,65.74
279.88,65.67
279.92,66.84
279.96,66.85
280.00,66.61
280.04,64.60
280.08,67.02
280.12,66.37
280.16,68.11
280.20,67.06
280.24,68.17
280.28,67.08
280.32,67.42
280.36,68.35
280.40,69.17
280.44,67.65
280.48,68.70
280.52,68.62
280.56,68.23
280.60,70.69
280.64,69.12
280.68,70.63
280.72,70.25
280.76,71.53
280.80,68.77
280.84,69.83
280.88,69.89
280.92,70.23
280.96,71.11
281.00,70.13
281.04,69.36
281.08,69.95
281.12,70.77
281.16,69.59
281.20,70.72
281.24,68.68
281.28,69.23
281.32,70.43
281.36,70.16
281.40,70.64
281.44,68.91
281.48,68.98
281.52,70.51
281.56,70.31
281.60,68.37
281.64,68.37
281.68,69.70
281.72,68.05
281.76,69.32
281.80,68.18
281.84,68.01
281.88,69.33
281.92,68.19
281.96,68.28
282.00,67.85
282.04,67.34
282.08,66.74
282.12,66.75
282.16,65.82
282.20,67.54
282.24,67.29
282.28,67.60
282.32,65.27
282.36,66.74
282.40,65.57
282.44,65.05
282.48,66.52
282.52,63.86
282.56,64.63
282.60,64.62
282.64,64.98
282.68,65.84
282.72,66.25
282.76,67.26
282.80,66.15
282.84,65.19
282.88,64.33
282.92,65.25
282.96,65.00
283.00,64.90
283.04,66.23
283.08,67.39
283.12,67.24
283.16,66.65
283.20,66.70
283.24,68.26
283.28,66.70
283.32,66.40
283.36,66.13
283.40,66.76
283.44,66.24
283.48,65.13
283.52,65.51
283.56,68.35
283.60,67.74
283.64,67.27
283.68,68.01
283.72,67.31
283.76,69.00
283.80,68.48
283.84,68.24
283.88,68.60
283.92,68.60
283.96,68.77
284.00,67.97
284.04,68.84
284.08,70.65
284.12,68.70
284.16,71.06
284.20,69.23
284.24,69.74
284.28,71.21
284.32,69.91
284.36,71.25
284.40,70.11
284.44,71.89
284.48,72.15
284.52,71.16
284.56,71.38
284.60,71.23
284.64,71.20
284.68,72.79
284.72,71.72
284.76,71.65
284.80,68.84
284.84,69.97
284.88,68.25
284.92,68.85
284.96,69.64
285.00,68.94
285.04,70.24
285.08,69.04
285.12,69.33
285.16,69.05
285.20,67.99
285.24,68.08
285.28,67.90
285.32,69.16
285.36,67.82
285.40,68.61
285.44,68.59
285.48,69.79
285.52,67.68
285.56,67.63
285.60,69.87
285.64,68.24
285.68,66.74
285.72,67.77
285.76,68.75
285.80,70.51
285.84,71.92
285.88,71.62
285.92,72.36
285.96,73.37
286.00,74.18
286.04,72.91
286.08,75.97
286.12,77.00
286.16,76.07
286.20,77.09
286.24,77.85
286.28,76.76
286.32,77.65
286.36,77.25
286.40,78.57
286.44,79.69
286.48,77.21
286.52,76.68
286.56,79.79
286.60,78.85
286.64,78.41
286.68,80.00
286.72,80.06
286.76,80.67
286.80,79.71
286.84,81.65
286.88,80.20
286.92,79.18
286.96,80.30
287.00,82.21
287.04,81.47
287.08,80.92
287.12,82.02
287.16,81.91
287.20,82.29
287.24,81.74
287.28,81.54
287.32,82.57
287.36,82.18
287.40,81.83
287.44,82.26
287.48,81.65
287.52,81.21
287.56,84.09
287.60,81.86
287.64,81.55
287.68,82.23
287.72,81.32
287.76,82.30
287.80,84.20
287.84,83.88
287.88,82.61
287.92,84.39
287.96,83.81
288.00,82.88
288.04,83.78
288.08,84.58
288.12,85.52
288.16,83.83
288.20,84.20
288.24,84.92
288.28,84.86
288.32,84.54
288.36,84.92
288.40,82.54
288.44,82.72
288.48,84.24
288.52,86.28
288.56,85.95
288.60,86.31
288.64,85.52
288.68,86.26
288.72,84.68
288.76,85.34
288.80,85.95
288.84,85.28
288.88,86.18
288.92,85.91
288.96,85.01
289.00,84.38
289.04,86.12
289.08,85.25
289.12,85.37
289.16,83.84
289.20,84.94
289.24,86.09
289.28,85.75
289.32,82.88
289.36,85.56
289.40,83.63
289.44,84.63
289.48,84.64
289.52,83.07
289.56,81.67
289.60,82.19
289.64,83.19
289.68,82.40
289.72,81.89
289.76,82.43
289.80,82.70
289.84,81.95
289.88,81.42
289.92,81.06
289.96,80.46
290.00,83.13
290.04,79.82
290.08,80.59
290.12,78.92
290.16,80.06
290.20,79.97
290.24,78.09
290.28,78.68
290.32,79.09
290.36,78.74
290.40,79.23
290.44,77.54
290.48,77.27
290.52,77.12
290.56,77.37
290.60,76.98
290.64,76.26
290.68,76.07
290.72,78.35
290.76,77.32
290.80,76.70
290.84,77.81
290.88,77.27
290.92,75.61
290.96,75.76
291.00,75.14
291.04,75.72
291.08,75.75
291.12,76.32
291.16,76.64
291.20,75.84
291.24,76.81
291.28,76.45
291.32,75.56
291.36,76.61
291.40,76.61
291.44,75.41
291.48,76.21
291.52,76.30
291.56,76.48
291.60,76.92
291.64,77.40
291.68,77.18
291.72,76.18
291.76,76.82
291.80,76.51
291.84,77.02
291.88,77.90
291.92,78.32
291.96,76.92
292.00,78.32
292.04,77.90
292.08,78.24
292.12,76.91
292.16,78.60
292.20,76.59
292.24,79.19
292.28,78.97
292.32,77.13
292.36,77.60
292.40,78.71
292.44,79.30
292.48,78.59
292.52,79.50
292.56,79.98
292.60,79.04
292.64,78.92
292.68,77.24
292.72,79.24
292.76,79.55
292.80,78.17
292.84,78.91
292.88,79.31
292.92,80.32
292.96,79.76
293.00,78.82
293.04,78.18
293.08,79.11
293.12,78.77
293.16,79.78
293.20,79.91
293.24,78.43
293.28,81.91
293.32,78.82
293.36,76.54
293.40,77.78
293.44,79.54
293.48,79.19
293.52,76.93
293.56,77.49
293.60,74.76
293.64,74.94
293.68,76.99
293.72,76.21
293.76,76.87
293.80,77.56
293.84,76.32
293.88,77.26
293.92,74.98
293.96,75.73
294.00,74.95
294.04,73.75
294.08,76.21
294.12,76.07
294.16,75.42
294.20,74.01
294.24,72.37
294.28,74.05
294.32,72.53
294.36,72.70
294.40,74.30
294.44,72.09
294.48,74.56
294.52,73.41
294.56,72.37
294.60,72.80
294.64,71.94
294.68,72.20
294.72,70.85
294.76,71.35
294.80,70.56
294.84,69.98
294.88,70.21
294.92,70.06
294.96,70.84
295.00,71.22
295.04,71.23
295.08,71.12
295.12,70.46
295.16,71.29
295.20,71.64
295.24,72.54
295.28,72.01
295.32,72.32
295.36,71.89
295.40,71.67
295.44,72.13
295.48,72.92
295.52,71.21
295.56,72.33
295.60,73.39
295.64,73.83
295.68,71.54
295.72,71.50
295.76,71.42
295.80,72.51
295.84,72.17
295.88,72.45
295.92,73.05
295.96,73.76
296.00,72.43
296.04,74.28
296.08,73.51
296.12,73.96
296.16,73.45
296.20,74.58
296.24,73.53
296.28,73.72
296.32,73.76
296.36,73.56
296.40,74.81
296.44,73.87
296.48,75.80
296.52,76.17
296.56,74.71
296.60,74.39
296.64,74.12
296.68,75.11
296.72,76.12
296.76,74.77
296.80,75.30
296.84,73.67
296.88,75.02
296.92,75.66
296.96,76.00
297.00,75.65
297.04,73.94
297.08,75.98
297.12,74.91
297.16,74.62
297.20,74.13
297.24,76.42
297.28,73.28
297.32,74.95
297.36,73.87
297.40,74.27
297.44,73.92
297.48,73.14
297.52,74.26
297.56,74.80
297.60,72.56
297.64,73.78
297.68,74.08
297.72,73.05
297.76,73.84
297.80,73.35
297.84,71.68
297.88,72.82
297.92,70.69
297.96,73.03
298.00,71.54
298.04,71.28
298.08,70.16
298.12,71.61
298.16,71.44
298.20,70.10
298.24,70.53
298.28,70.37
298.32,68.74
298.36,69.21
298.40,70.43
298.44,69.26
298.48,67.84
298.52,68.70
298.56,67.73
298.60,68.03
298.64,67.48
298.68,67.94
298.72,67.44
298.76,66.21
298.80,66.68
298.84,67.50
298.88,67.91
298.92,69.18
298.96,67.21
299.00,69.44
299.04,67.40
299.08,67.57
299.12,66.72
299.16,68.77
299.20,67.77
299.24,69.49
299.28,65.99
299.32,66.85
299.36,67.57
299.40,67.53
299.44,65.98
299.48,68.67
299.52,67.23
299.56,68.12
299.60,69.70
299.64,68.86
299.68,68.75
299.72,70.44
299.76,69.84
299.80,68.14
299.84,68.01
299.88,70.10
299.92,69.43
299.96,69.78
