# SIMULARE — semnal generat de genereaza_simulare.py, nu inregistrat. Rol: control pozitiv pentru validarea lantului de analiza.
t_s,bpm
0.00,77.01
0.04,78.67
0.08,77.99
0.12,76.94
0.16,80.26
0.20,77.60
0.24,79.39
0.28,80.23
0.32,79.99
0.36,78.78
0.40,79.42
0.44,80.15
0.48,79.07
0.52,80.59
0.56,80.04
0.60,81.32
0.64,80.26
0.68,81.07
0.72,79.94
0.76,81.01
0.80,78.34
0.84,80.16
0.88,80.23
0.92,79.13
0.96,81.37
1.00,79.98
1.04,80.64
1.08,80.72
1.12,81.15
1.16,81.47
1.20,80.96
1.24,80.76
1.28,80.86
1.32,80.37
1.36,80.19
1.40,80.91
1.44,79.21
1.48,79.45
1.52,80.74
1.56,81.75
1.60,79.98
1.64,79.51
1.68,79.91
1.72,80.14
1.76,79.73
1.80,77.60
1.84,77.59
1.88,80.36
1.92,76.46
1.96,77.23
2.00,78.28
2.04,79.53
2.08,78.10
2.12,77.24
2.16,79.40
2.20,78.63
2.24,77.04
2.28,77.80
2.32,77.95
2.36,76.40
2.40,76.07
2.44,77.01
2.48,77.41
2.52,77.88
2.56,77.33
2.60,77.19
2.64,78.13
2.68,77.15
2.72,76.06
2.76,76.49
2.80,74.92
2.84,75.48
2.88,75.09
2.92,73.90
2.96,75.22
3.00,74.61
3.04,74.62
3.08,76.53
3.12,76.79
3.16,75.68
3.20,75.86
3.24,76.65
3.28,78.02
3.32,76.16
3.36,77.18
3.40,77.09
3.44,76.69
3.48,77.87
3.52,76.72
3.56,76.40
3.60,75.14
3.64,76.93
3.68,78.56
3.72,76.46
3.76,77.80
3.80,78.94
3.84,77.65
3.88,78.63
3.92,78.86
3.96,77.57
4.00,78.68
4.04,79.77
4.08,80.20
4.12,80.51
4.16,80.13
4.20,81.62
4.24,81.87
4.28,81.68
4.32,80.26
4.36,80.13
4.40,80.82
4.44,80.27
4.48,81.04
4.52,82.65
4.56,81.83
4.60,82.38
4.64,82.10
4.68,82.28
4.72,82.73
4.76,83.54
4.80,82.77
4.84,83.13
4.88,83.54
4.92,82.93
4.96,81.89
5.00,83.05
5.04,81.81
5.08,81.70
5.12,82.94
5.16,84.20
5.20,82.49
5.24,81.61
5.28,81.65
5.32,83.78
5.36,82.66
5.40,83.29
5.44,79.18
5.48,82.73
5.52,81.38
5.56,82.18
5.60,79.57
5.64,81.42
5.68,81.50
5.72,81.78
5.76,81.47
5.80,80.63
5.84,81.66
5.88,79.92
5.92,80.63
5.96,80.06
6.00,78.83
6.04,80.65
6.08,80.23
6.12,80.76
6.16,81.12
6.20,80.43
6.24,79.46
6.28,77.07
6.32,78.47
6.36,78.24
6.40,78.73
6.44,79.11
6.48,78.51
6.52,77.01
6.56,77.76
6.60,78.00
6.64,77.68
6.68,77.14
6.72,76.53
6.76,77.15
6.80,78.36
6.84,77.18
6.88,77.23
6.92,77.16
6.96,76.79
7.00,76.39
7.04,77.19
7.08,76.44
7.12,77.59
7.16,78.06
7.20,76.98
7.24,76.36
7.28,78.22
7.32,77.63
7.36,77.81
7.40,78.10
7.44,77.64
7.48,79.26
7.52,77.66
7.56,78.15
7.60,77.13
7.64,78.64
7.68,80.64
7.72,78.64
7.76,80.88
7.80,78.59
7.84,79.38
7.88,79.63
7.92,80.38
7.96,80.73
8.00,81.28
8.04,80.72
8.08,80.20
8.12,80.57
8.16,81.25
8.20,81.05
8.24,80.14
8.28,81.44
8.32,81.59
8.36,80.59
8.40,80.70
8.44,80.93
8.48,83.57
8.52,83.35
8.56,82.77
8.60,83.65
8.64,81.58
8.68,83.04
8.72,82.79
8.76,82.95
8.80,81.74
8.84,84.64
8.88,83.39
8.92,82.87
8.96,83.17
9.00,83.09
9.04,82.55
9.08,82.94
9.12,83.38
9.16,83.83
9.20,84.04
9.24,82.72
9.28,83.97
9.32,81.40
9.36,83.79
9.40,83.17
9.44,81.06
9.48,82.78
9.52,82.56
9.56,82.28
9.60,83.06
9.64,82.55
9.68,80.88
9.72,82.98
9.76,81.91
9.80,81.53
9.84,81.25
9.88,81.06
9.92,81.66
9.96,80.76
10.00,81.65
10.04,79.06
10.08,80.82
10.12,82.00
10.16,80.81
10.20,79.60
10.24,78.43
10.28,78.66
10.32,77.90
10.36,77.23
10.40,77.41
10.44,77.76
10.48,78.12
10.52,78.87
10.56,78.95
10.60,78.11
10.64,78.44
10.68,77.46
10.72,76.19
10.76,77.33
10.80,78.29
10.84,77.76
10.88,77.41
10.92,76.89
10.96,77.22
11.00,76.92
11.04,76.73
11.08,76.84
11.12,78.81
11.16,77.12
11.20,78.21
11.24,77.57
11.28,78.05
11.32,76.99
11.36,78.31
11.40,77.31
11.44,79.23
11.48,78.80
11.52,79.99
11.56,77.53
11.60,79.57
11.64,78.38
11.68,80.07
11.72,78.98
11.76,77.81
11.80,80.58
11.84,80.59
11.88,81.69
11.92,81.30
11.96,79.52
12.00,80.06
12.04,79.34
12.08,81.16
12.12,80.52
12.16,81.40
12.20,80.14
12.24,79.73
12.28,80.96
12.32,81.96
12.36,81.88
12.40,80.90
12.44,82.75
12.48,82.23
12.52,82.59
12.56,82.53
12.60,82.99
12.64,82.66
12.68,81.48
12.72,82.66
12.76,82.35
12.80,82.51
12.84,82.06
12.88,83.25
12.92,83.96
12.96,81.26
13.00,83.85
13.04,82.61
13.08,81.68
13.12,82.17
13.16,84.24
13.20,81.92
13.24,82.53
13.28,82.39
13.32,82.84
13.36,83.23
13.40,83.05
13.44,82.90
13.48,81.57
13.52,82.32
13.56,81.50
13.60,81.39
13.64,82.66
13.68,81.16
13.72,82.45
13.76,80.85
13.80,81.19
13.84,80.21
13.88,79.64
13.92,78.88
13.96,82.03
14.00,78.80
14.04,80.54
14.08,78.77
14.12,79.33
14.16,78.41
14.20,78.27
14.24,78.81
14.28,78.71
14.32,78.45
14.36,76.73
14.40,77.87
14.44,79.17
14.48,78.61
14.52,77.87
14.56,76.76
14.60,76.88
14.64,77.00
14.68,78.52
14.72,76.30
14.76,76.63
14.80,75.89
14.84,77.12
14.88,76.92
14.92,77.11
14.96,77.06
15.00,76.99
15.04,78.80
15.08,76.97
15.12,76.45
15.16,77.49
15.20,75.70
15.24,76.49
15.28,78.09
15.32,74.90
15.36,77.09
15.40,76.39
15.44,78.06
15.48,77.02
15.52,75.09
15.56,77.48
15.60,77.37
15.64,78.01
15.68,79.26
15.72,77.40
15.76,77.08
15.80,77.24
15.84,79.21
15.88,78.54
15.92,80.16
15.96,78.57
16.00,78.63
16.04,79.72
16.08,78.89
16.12,80.62
16.16,80.34
16.20,79.69
16.24,79.94
16.28,80.80
16.32,82.18
16.36,80.24
16.40,79.25
16.44,80.24
16.48,81.62
16.52,83.33
16.56,79.83
16.60,80.48
16.64,81.52
16.68,81.29
16.72,82.03
16.76,81.65
16.80,80.57
16.84,82.27
16.88,81.88
16.92,81.14
16.96,82.93
17.00,81.64
17.04,81.88
17.08,81.81
17.12,81.35
17.16,82.43
17.20,82.09
17.24,82.63
17.28,81.81
17.32,80.21
17.36,79.73
17.40,80.09
17.44,81.84
17.48,81.42
17.52,82.02
17.56,80.74
17.60,80.27
17.64,82.00
17.68,80.47
17.72,79.37
17.76,80.03
17.80,79.91
17.84,77.89
17.88,78.70
17.92,79.56
17.96,80.22
18.00,77.37
18.04,78.33
18.08,77.11
18.12,77.41
18.16,77.78
18.20,77.76
18.24,78.01
18.28,78.35
18.32,76.02
18.36,77.39
18.40,75.14
18.44,76.14
18.48,75.65
18.52,78.07
18.56,75.30
18.60,76.08
18.64,76.90
18.68,77.35
18.72,72.97
18.76,75.58
18.80,74.63
18.84,74.66
18.88,73.80
18.92,72.91
18.96,77.04
19.00,74.78
19.04,74.25
19.08,77.23
19.12,76.56
19.16,74.13
19.20,76.54
19.24,75.31
19.28,75.89
19.32,75.14
19.36,74.31
19.40,73.66
19.44,76.01
19.48,76.90
19.52,76.50
19.56,77.04
19.60,76.05
19.64,77.18
19.68,75.65
19.72,78.11
19.76,77.65
19.80,75.31
19.84,78.82
19.88,76.74
19.92,77.46
19.96,77.53
20.00,77.72
20.04,78.56
20.08,78.32
20.12,77.56
20.16,80.02
20.20,78.79
20.24,80.49
20.28,78.44
20.32,80.70
20.36,78.93
20.40,78.85
20.44,79.20
20.48,79.27
20.52,78.99
20.56,81.39
20.60,78.86
20.64,79.38
20.68,79.96
20.72,81.83
20.76,80.21
20.80,80.93
20.84,80.33
20.88,80.12
20.92,79.87
20.96,80.54
21.00,80.61
21.04,81.49
21.08,81.39
21.12,82.43
21.16,81.89
21.20,80.50
21.24,79.50
21.28,79.66
21.32,78.89
21.36,79.73
21.40,79.10
21.44,78.78
21.48,79.67
21.52,79.33
21.56,78.18
21.60,77.62
21.64,76.79
21.68,77.78
21.72,77.59
21.76,77.57
21.80,78.53
21.84,77.15
21.88,79.79
21.92,76.76
21.96,74.76
22.00,77.36
22.04,77.56
22.08,75.28
22.12,75.72
22.16,76.43
22.20,75.24
22.24,74.92
22.28,75.62
22.32,74.93
22.36,74.54
22.40,75.13
22.44,76.00
22.48,75.72
22.52,73.21
22.56,74.28
22.60,73.69
22.64,74.34
22.68,73.54
22.72,72.93
22.76,72.79
22.80,74.26
22.84,72.02
22.88,74.32
22.92,72.10
22.96,73.15
23.00,72.75
23.04,72.67
23.08,74.06
23.12,73.82
23.16,73.11
23.20,73.89
23.24,74.60
23.28,73.73
23.32,74.13
23.36,74.41
23.40,75.90
23.44,72.94
23.48,72.99
23.52,73.86
23.56,74.50
23.60,75.27
23.64,73.87
23.68,74.40
23.72,76.10
23.76,75.05
23.80,73.79
23.84,76.39
23.88,75.18
23.92,75.22
23.96,75.70
24.00,77.96
24.04,75.52
24.08,79.04
24.12,75.61
24.16,77.27
24.20,76.19
24.24,76.30
24.28,77.93
24.32,76.66
24.36,77.38
24.40,77.14
24.44,77.37
24.48,79.73
24.52,79.31
24.56,78.63
24.60,77.77
24.64,77.73
24.68,77.32
24.72,78.75
24.76,78.65
24.80,78.88
24.84,78.94
24.88,79.30
24.92,77.76
24.96,78.03
25.00,77.49
25.04,79.98
25.08,78.29
25.12,78.21
25.16,77.94
25.20,79.30
25.24,77.07
25.28,79.67
25.32,77.86
25.36,78.90
25.40,77.64
25.44,78.19
25.48,77.60
25.52,79.21
25.56,75.67
25.60,77.78
25.64,76.61
25.68,77.59
25.72,75.60
25.76,77.52
25.80,76.98
25.84,76.13
25.88,76.35
25.92,76.12
25.96,73.24
26.00,76.03
26.04,76.39
26.08,74.85
26.12,74.94
26.16,74.03
26.20,75.56
26.24,73.60
26.28,72.82
26.32,72.82
26.36,73.32
26.40,74.51
26.44,73.67
26.48,73.39
26.52,73.71
26.56,70.42
26.60,71.92
26.64,72.99
26.68,73.07
26.72,72.04
26.76,70.32
26.80,70.71
26.84,72.85
26.88,72.31
26.92,73.77
26.96,73.25
27.00,71.92
27.04,71.05
27.08,72.30
27.12,72.76
27.16,73.15
27.20,72.34
27.24,72.14
27.28,71.70
27.32,73.01
27.36,72.85
27.40,72.55
27.44,74.98
27.48,72.31
27.52,70.33
27.56,73.80
27.60,74.56
27.64,74.99
27.68,73.39
27.72,71.99
27.76,74.04
27.80,73.65
27.84,73.40
27.88,75.34
27.92,74.89
27.96,76.73
28.00,74.79
28.04,74.44
28.08,75.81
28.12,74.94
28.16,75.25
28.20,76.25
28.24,74.63
28.28,75.24
28.32,76.55
28.36,77.73
28.40,76.08
28.44,77.16
28.48,75.90
28.52,76.71
28.56,78.88
28.60,77.57
28.64,77.70
28.68,75.57
28.72,77.15
28.76,78.31
28.80,76.37
28.84,77.79
28.88,78.14
28.92,78.59
28.96,77.96
29.00,77.91
29.04,79.03
29.08,76.57
29.12,77.05
29.16,77.33
29.20,77.05
29.24,78.03
29.28,78.15
29.32,76.04
29.36,78.68
29.40,76.92
29.44,76.05
29.48,76.29
29.52,77.53
29.56,76.04
29.60,75.95
29.64,78.07
29.68,75.52
29.72,76.18
29.76,75.02
29.80,73.91
29.84,75.93
29.88,75.37
29.92,76.07
29.96,74.89
30.00,74.04
30.04,74.71
30.08,74.81
30.12,73.94
30.16,74.26
30.20,72.80
30.24,74.03
30.28,70.62
30.32,72.36
30.36,72.79
30.40,72.22
30.44,71.56
30.48,72.17
30.52,72.93
30.56,71.42
30.60,72.49
30.64,71.81
30.68,72.84
30.72,71.55
30.76,71.56
30.80,70.61
30.84,73.32
30.88,70.32
30.92,71.94
30.96,72.40
31.00,73.27
31.04,72.00
31.08,70.68
31.12,72.19
31.16,71.36
31.20,70.00
31.24,72.76
31.28,72.45
31.32,70.78
31.36,72.81
31.40,72.57
31.44,71.97
31.48,72.22
31.52,72.88
31.56,73.14
31.60,73.97
31.64,73.73
31.68,73.33
31.72,72.79
31.76,75.90
31.80,76.11
31.84,72.95
31.88,74.49
31.92,74.92
31.96,74.94
32.00,74.49
32.04,74.53
32.08,76.26
32.12,75.83
32.16,75.22
32.20,74.14
32.24,75.83
32.28,76.05
32.32,78.07
32.36,76.50
32.40,76.18
32.44,76.51
32.48,75.98
32.52,76.35
32.56,77.00
32.60,77.23
32.64,77.68
32.68,76.64
32.72,77.41
32.76,77.10
32.80,78.59
32.84,77.80
32.88,78.19
32.92,76.81
32.96,77.41
33.00,78.01
33.04,78.27
33.08,77.80
33.12,77.88
33.16,77.26
33.20,77.01
33.24,78.16
33.28,76.59
33.32,76.66
33.36,76.39
33.40,76.21
33.44,78.06
33.48,78.20
33.52,77.33
33.56,75.24
33.60,77.60
33.64,74.52
33.68,76.44
33.72,75.27
33.76,76.30
33.80,74.08
33.84,75.56
33.88,76.33
33.92,74.24
33.96,73.22
34.00,74.87
34.04,73.19
34.08,76.27
34.12,72.88
34.16,72.15
34.20,74.89
34.24,74.97
34.28,74.09
34.32,74.85
34.36,73.33
34.40,73.87
34.44,73.56
34.48,73.94
34.52,72.12
34.56,72.84
34.60,72.38
34.64,71.47
34.68,72.81
34.72,72.03
34.76,72.92
34.80,71.52
34.84,71.94
34.88,73.12
34.92,72.23
34.96,71.85
35.00,71.60
35.04,71.91
35.08,72.68
35.12,71.30
35.16,73.43
35.20,72.43
35.24,72.22
35.28,71.99
35.32,73.42
35.36,72.72
35.40,73.79
35.44,73.77
35.48,72.91
35.52,71.98
35.56,72.52
35.60,74.26
35.64,72.97
35.68,73.73
35.72,74.03
35.76,74.10
35.80,73.14
35.84,74.55
35.88,75.12
35.92,74.58
35.96,74.18
36.00,74.19
36.04,75.38
36.08,76.02
36.12,75.72
36.16,74.91
36.20,77.46
36.24,76.61
36.28,77.56
36.32,76.25
36.36,77.21
36.40,77.17
36.44,77.14
36.48,76.76
36.52,77.43
36.56,77.48
36.60,76.95
36.64,76.18
36.68,78.11
36.72,78.30
36.76,77.92
36.80,78.31
36.84,78.81
36.88,78.22
36.92,76.95
36.96,79.12
37.00,76.88
37.04,78.76
37.08,79.66
37.12,78.91
37.16,76.88
37.20,80.17
37.24,80.62
37.28,77.16
37.32,77.81
37.36,76.79
37.40,78.30
37.44,76.44
37.48,78.69
37.52,77.14
37.56,77.50
37.60,78.79
37.64,77.34
37.68,76.87
37.72,77.32
37.76,76.81
37.80,75.92
37.84,76.59
37.88,76.02
37.92,76.59
37.96,76.38
38.00,75.49
38.04,75.62
38.08,75.11
38.12,75.82
38.16,75.20
38.20,75.53
38.24,75.19
38.28,74.77
38.32,75.61
38.36,74.71
38.40,74.10
38.44,74.09
38.48,73.81
38.52,73.82
38.56,71.43
38.60,74.07
38.64,73.52
38.68,74.82
38.72,73.69
38.76,72.33
38.80,71.73
38.84,71.36
38.88,73.13
38.92,74.01
38.96,72.31
39.00,73.68
39.04,73.14
39.08,73.33
39.12,73.26
39.16,73.17
39.20,73.35
39.24,73.88
39.28,75.77
39.32,71.88
39.36,74.37
39.40,73.66
39.44,74.83
39.48,74.18
39.52,73.87
39.56,75.00
39.60,73.33
39.64,75.31
39.68,75.61
39.72,75.79
39.76,74.04
39.80,75.80
39.84,75.23
39.88,76.73
39.92,77.44
39.96,75.90
40.00,77.73
40.04,75.58
40.08,75.96
40.12,76.76
40.16,77.20
40.20,78.31
40.24,77.93
40.28,76.38
40.32,78.72
40.36,78.80
40.40,77.31
40.44,79.04
40.48,79.77
40.52,79.00
40.56,79.16
40.60,78.94
40.64,79.14
40.68,79.52
40.72,79.03
40.76,79.35
40.80,81.37
40.84,78.31
40.88,79.50
40.92,81.80
40.96,80.40
41.00,81.29
41.04,78.86
41.08,81.30
41.12,79.14
41.16,80.84
41.20,78.99
41.24,79.19
41.28,78.69
41.32,77.15
41.36,79.09
41.40,80.97
41.44,78.98
41.48,77.73
41.52,78.72
41.56,78.60
41.60,78.97
41.64,78.90
41.68,78.15
41.72,78.37
41.76,78.55
41.80,77.13
41.84,77.07
41.88,77.72
41.92,78.03
41.96,77.80
42.00,76.86
42.04,76.37
42.08,77.15
42.12,76.46
42.16,78.01
42.20,77.47
42.24,74.49
42.28,74.46
42.32,77.61
42.36,74.43
42.40,75.86
42.44,75.71
42.48,74.02
42.52,76.13
42.56,74.34
42.60,75.89
42.64,74.83
42.68,74.80
42.72,74.45
42.76,76.52
42.80,74.94
42.84,74.58
42.88,73.85
42.92,73.91
42.96,74.85
43.00,74.63
43.04,74.18
43.08,73.69
43.12,74.19
43.16,73.74
43.20,74.15
43.24,72.99
43.28,75.03
43.32,74.14
43.36,74.89
43.40,73.32
43.44,74.70
43.48,74.91
43.52,76.16
43.56,75.46
43.60,76.23
43.64,75.80
43.68,74.85
43.72,76.24
43.76,75.84
43.80,77.03
43.84,76.76
43.88,77.16
43.92,76.57
43.96,74.93
44.00,77.55
44.04,77.96
44.08,77.82
44.12,77.82
44.16,77.51
44.20,78.44
44.24,78.29
44.28,79.09
44.32,79.01
44.36,79.77
44.40,79.91
44.44,79.50
44.48,79.10
44.52,81.21
44.56,80.58
44.60,78.95
44.64,82.57
44.68,80.01
44.72,80.42
44.76,79.78
44.80,81.18
44.84,81.04
44.88,81.21
44.92,83.08
44.96,80.97
45.00,83.16
45.04,80.40
45.08,80.65
45.12,81.04
45.16,80.05
45.20,80.17
45.24,81.17
45.28,79.87
45.32,81.74
45.36,80.70
45.40,78.68
45.44,80.43
45.48,79.96
45.52,79.40
45.56,78.59
45.60,81.23
45.64,79.88
45.68,78.65
45.72,79.08
45.76,78.04
45.80,78.71
45.84,77.38
45.88,78.12
45.92,80.01
45.96,78.27
46.00,78.28
46.04,78.07
46.08,79.34
46.12,77.56
46.16,77.17
46.20,78.84
46.24,76.50
46.28,77.09
46.32,76.11
46.36,77.04
46.40,76.84
46.44,75.78
46.48,76.97
46.52,77.12
46.56,75.27
46.60,76.49
46.64,73.92
46.68,75.81
46.72,75.86
46.76,75.28
46.80,76.76
46.84,75.47
46.88,75.37
46.92,75.58
46.96,75.17
47.00,75.79
47.04,74.76
47.08,76.20
47.12,75.80
47.16,75.47
47.20,76.10
47.24,75.96
47.28,76.76
47.32,76.38
47.36,75.04
47.40,75.44
47.44,74.55
47.48,77.04
47.52,76.20
47.56,75.75
47.60,77.66
47.64,76.32
47.68,76.48
47.72,78.82
47.76,77.12
47.80,76.60
47.84,77.24
47.88,77.62
47.92,77.10
47.96,77.13
48.00,78.62
48.04,77.67
48.08,79.18
48.12,77.87
48.16,79.64
48.20,78.94
48.24,79.92
48.28,78.94
48.32,80.14
48.36,80.76
48.40,81.51
48.44,80.26
48.48,80.33
48.52,81.14
48.56,81.13
48.60,80.51
48.64,80.90
48.68,80.34
48.72,81.41
48.76,81.17
48.80,79.43
48.84,82.28
48.88,82.69
48.92,81.54
48.96,80.74
49.00,81.38
49.04,81.27
49.08,80.92
49.12,81.85
49.16,80.40
49.20,80.21
49.24,80.81
49.28,82.34
49.32,83.73
49.36,80.76
49.40,82.26
49.44,80.37
49.48,81.50
49.52,80.04
49.56,80.50
49.60,80.69
49.64,80.73
49.68,80.88
49.72,79.33
49.76,78.71
49.80,78.28
49.84,78.76
49.88,77.06
49.92,79.45
49.96,77.93
50.00,78.41
50.04,77.61
50.08,77.84
50.12,77.76
50.16,77.73
50.20,75.98
50.24,79.11
50.28,77.62
50.32,76.98
50.36,76.78
50.40,76.05
50.44,76.49
50.48,75.13
50.52,76.31
50.56,76.26
50.60,75.20
50.64,75.18
50.68,76.24
50.72,75.04
50.76,74.80
50.80,75.47
50.84,75.08
50.88,75.42
50.92,73.88
50.96,74.61
51.00,73.47
51.04,74.54
51.08,74.73
51.12,75.39
51.16,75.12
51.20,75.74
51.24,75.79
51.28,75.97
51.32,74.55
51.36,75.84
51.40,74.88
51.44,75.87
51.48,76.50
51.52,76.66
51.56,75.70
51.60,75.46
51.64,75.93
51.68,77.34
51.72,76.29
51.76,77.65
51.80,77.22
51.84,76.50
51.88,78.31
51.92,79.13
51.96,78.47
52.00,77.63
52.04,78.20
52.08,77.07
52.12,78.22
52.16,79.31
52.20,78.90
52.24,79.01
52.28,80.50
52.32,79.03
52.36,79.50
52.40,80.62
52.44,79.98
52.48,81.89
52.52,81.97
52.56,80.46
52.60,80.66
52.64,79.64
52.68,80.58
52.72,80.83
52.76,79.46
52.80,80.83
52.84,81.92
52.88,80.21
52.92,81.79
52.96,80.79
53.00,81.07
53.04,80.07
53.08,80.95
53.12,79.90
53.16,80.73
53.20,80.81
53.24,80.55
53.28,81.04
53.32,80.04
53.36,80.74
53.40,80.80
53.44,79.94
53.48,78.40
53.52,80.12
53.56,81.22
53.60,79.71
53.64,80.11
53.68,79.13
53.72,79.45
53.76,78.09
53.80,78.21
53.84,77.42
53.88,77.57
53.92,78.10
53.96,76.83
54.00,75.22
54.04,76.66
54.08,76.59
54.12,76.62
54.16,77.21
54.20,76.24
54.24,77.37
54.28,76.28
54.32,77.06
54.36,76.36
54.40,74.73
54.44,75.81
54.48,74.52
54.52,75.46
54.56,75.89
54.60,73.89
54.64,74.23
54.68,76.07
54.72,75.41
54.76,73.60
54.80,72.93
54.84,74.06
54.88,73.92
54.92,75.00
54.96,75.10
55.00,73.65
55.04,74.13
55.08,75.61
55.12,74.50
55.16,73.85
55.20,76.17
55.24,73.58
55.28,75.82
55.32,75.45
55.36,72.71
55.40,75.02
55.44,75.32
55.48,75.94
55.52,75.57
55.56,74.48
55.60,75.28
55.64,74.87
55.68,75.86
55.72,76.33
55.76,75.07
55.80,76.63
55.84,76.08
55.88,77.25
55.92,76.46
55.96,74.62
56.00,77.94
56.04,78.14
56.08,79.37
56.12,77.79
56.16,76.60
56.20,78.04
56.24,76.80
56.28,77.28
56.32,78.19
56.36,78.33
56.40,77.44
56.44,78.73
56.48,78.90
56.52,79.96
56.56,78.80
56.60,77.67
56.64,79.19
56.68,78.44
56.72,78.23
56.76,78.68
56.80,79.09
56.84,80.66
56.88,82.33
56.92,78.83
56.96,79.63
57.00,81.26
57.04,81.03
57.08,78.22
57.12,79.35
57.16,79.29
57.20,79.92
57.24,79.06
57.28,78.36
57.32,79.58
57.36,78.16
57.40,76.75
57.44,78.38
57.48,77.86
57.52,77.33
57.56,77.45
57.60,77.70
57.64,76.49
57.68,77.84
57.72,77.39
57.76,76.88
57.80,75.78
57.84,76.35
57.88,75.39
57.92,76.16
57.96,76.02
58.00,76.89
58.04,77.72
58.08,76.23
58.12,74.62
58.16,74.29
58.20,74.60
58.24,74.71
58.28,74.64
58.32,75.95
58.36,73.76
58.40,75.37
58.44,72.32
58.48,74.13
58.52,73.99
58.56,73.57
58.60,74.10
58.64,74.03
58.68,73.66
58.72,73.05
58.76,72.52
58.80,72.53
58.84,72.77
58.88,74.17
58.92,72.97
58.96,73.85
59.00,72.81
59.04,72.34
59.08,73.80
59.12,73.92
59.16,72.54
59.20,72.20
59.24,72.87
59.28,73.71
59.32,72.98
59.36,73.71
59.40,72.65
59.44,73.98
59.48,71.57
59.52,72.57
59.56,72.72
59.60,73.21
59.64,75.46
59.68,72.33
59.72,74.96
59.76,74.41
59.80,75.56
59.84,73.37
59.88,74.72
59.92,73.92
59.96,76.22
60.00,74.18
60.04,75.52
60.08,76.66
60.12,74.85
60.16,75.84
60.20,75.14
60.24,74.73
60.28,77.37
60.32,76.18
60.36,75.01
60.40,76.03
60.44,76.97
60.48,75.65
60.52,77.02
60.56,78.71
60.60,77.09
60.64,77.40
60.68,75.87
60.72,78.91
60.76,77.12
60.80,76.69
60.84,77.11
60.88,78.41
60.92,77.48
60.96,78.65
61.00,77.32
61.04,78.29
61.08,78.39
61.12,76.89
61.16,75.25
61.20,79.18
61.24,77.06
61.28,76.88
61.32,78.00
61.36,78.46
61.40,77.78
61.44,77.02
61.48,75.74
61.52,76.33
61.56,75.47
61.60,76.29
61.64,76.24
61.68,77.32
61.72,75.10
61.76,75.00
61.80,74.87
61.84,75.43
61.88,74.58
61.92,74.54
61.96,73.95
62.00,74.18
62.04,74.31
62.08,73.16
62.12,72.35
62.16,73.67
62.20,73.71
62.24,74.77
62.28,73.53
62.32,72.89
62.36,71.59
62.40,72.72
62.44,73.01
62.48,73.10
62.52,71.80
62.56,71.14
62.60,71.46
62.64,72.37
62.68,70.22
62.72,72.05
62.76,70.14
62.80,68.69
62.84,71.75
62.88,70.85
62.92,69.97
62.96,68.14
63.00,71.95
63.04,68.02
63.08,71.58
63.12,70.81
63.16,72.92
63.20,72.32
63.24,71.17
63.28,70.40
63.32,70.81
63.36,71.00
63.40,71.92
63.44,73.26
63.48,70.52
63.52,72.61
63.56,72.45
63.60,72.95
63.64,72.00
63.68,71.60
63.72,72.83
63.76,71.60
63.80,73.13
63.84,71.30
63.88,73.05
63.92,73.76
63.96,73.15
64.00,73.90
64.04,71.69
64.08,74.34
64.12,74.70
64.16,74.05
64.20,73.47
64.24,74.84
64.28,73.20
64.32,74.49
64.36,73.51
64.40,75.77
64.44,75.29
64.48,75.20
64.52,74.59
64.56,74.65
64.60,77.81
64.64,76.10
64.68,76.88
64.72,75.94
64.76,75.05
64.80,75.31
64.84,75.15
64.88,76.04
64.92,75.90
64.96,75.82
65.00,77.65
65.04,76.32
65.08,75.08
65.12,75.07
65.16,76.80
65.20,75.98
65.24,76.31
65.28,76.44
65.32,75.53
65.36,74.49
65.40,75.92
65.44,75.19
65.48,72.56
65.52,74.98
65.56,75.16
65.60,75.55
65.64,74.43
65.68,74.75
65.72,72.10
65.76,72.87
65.80,73.40
65.84,70.46
65.88,72.57
65.92,73.20
65.96,71.58
66.00,72.23
66.04,73.60
66.08,72.43
66.12,71.49
66.16,72.06
66.20,70.17
66.24,71.93
66.28,70.64
66.32,70.89
66.36,70.27
66.40,70.74
66.44,70.61
66.48,72.16
66.52,70.85
66.56,70.72
66.60,70.00
66.64,71.78
66.68,69.01
66.72,70.10
66.76,71.00
66.80,68.71
66.84,69.03
66.88,68.81
66.92,67.27
66.96,69.18
67.00,68.92
67.04,69.41
67.08,70.07
67.12,68.94
67.16,68.61
67.20,68.26
67.24,69.22
67.28,69.56
67.32,70.91
67.36,69.25
67.40,71.29
67.44,69.74
67.48,69.96
67.52,70.01
67.56,71.10
67.60,72.57
67.64,70.66
67.68,72.31
67.72,70.21
67.76,71.76
67.80,71.07
67.84,70.68
67.88,73.61
67.92,71.64
67.96,71.76
68.00,72.72
68.04,71.49
68.08,72.45
68.12,70.85
68.16,72.46
68.20,75.07
68.24,73.52
68.28,72.19
68.32,73.23
68.36,73.55
68.40,73.93
68.44,73.45
68.48,74.73
68.52,73.29
68.56,73.72
68.60,74.37
68.64,75.22
68.68,75.57
68.72,75.64
68.76,75.04
68.80,75.64
68.84,74.73
68.88,74.83
68.92,74.79
68.96,73.80
69.00,74.99
69.04,75.85
69.08,75.19
69.12,75.08
69.16,74.76
69.20,74.81
69.24,74.76
69.28,73.51
69.32,74.01
69.36,73.91
69.40,75.12
69.44,75.50
69.48,73.08
69.52,73.21
69.56,74.03
69.60,74.22
69.64,72.04
69.68,72.89
69.72,72.09
69.76,73.82
69.80,73.28
69.84,72.81
69.88,71.75
69.92,72.82
69.96,73.04
70.00,70.29
70.04,73.36
70.08,72.24
70.12,72.56
70.16,71.21
70.20,69.95
70.24,69.72
70.28,69.79
70.32,70.06
70.36,70.39
70.40,70.79
70.44,70.11
70.48,69.12
70.52,71.39
70.56,69.92
70.60,70.25
70.64,69.92
70.68,68.83
70.72,69.44
70.76,69.47
70.80,68.07
70.84,69.10
70.88,68.85
70.92,68.83
70.96,68.59
71.00,66.56
71.04,67.36
71.08,68.58
71.12,67.83
71.16,69.32
71.20,69.17
71.24,68.08
71.28,68.34
71.32,70.26
71.36,68.87
71.40,69.69
71.44,70.08
71.48,71.39
71.52,70.44
71.56,69.63
71.60,71.48
71.64,70.04
71.68,71.13
71.72,70.47
71.76,71.38
71.80,71.80
71.84,71.29
71.88,72.46
71.92,70.15
71.96,71.08
72.00,71.56
72.04,72.19
72.08,74.01
72.12,70.85
72.16,73.47
72.20,72.62
72.24,71.90
72.28,73.62
72.32,74.65
72.36,73.85
72.40,73.75
72.44,73.12
72.48,73.68
72.52,73.53
72.56,73.42
72.60,75.55
72.64,76.73
72.68,74.84
72.72,73.97
72.76,75.72
72.80,74.90
72.84,74.87
72.88,75.36
72.92,75.32
72.96,75.07
73.00,76.50
73.04,74.10
73.08,75.74
73.12,74.49
73.16,75.08
73.20,77.44
73.24,74.90
73.28,74.55
73.32,75.03
73.36,75.28
73.40,73.37
73.44,74.88
73.48,74.18
73.52,74.52
73.56,73.31
73.60,72.81
73.64,74.13
73.68,72.19
73.72,73.26
73.76,73.53
73.80,72.30
73.84,72.11
73.88,71.46
73.92,72.22
73.96,71.33
74.00,72.66
74.04,71.25
74.08,72.01
74.12,72.27
74.16,72.48
74.20,72.14
74.24,71.13
74.28,71.34
74.32,70.82
74.36,70.87
74.40,69.61
74.44,71.34
74.48,69.01
74.52,68.82
74.56,69.60
74.60,69.10
74.64,69.63
74.68,71.09
74.72,69.90
74.76,68.93
74.80,70.81
74.84,70.87
74.88,67.89
74.92,69.84
74.96,67.33
75.00,68.85
75.04,69.38
75.08,67.43
75.12,69.07
75.16,69.14
75.20,69.28
75.24,71.92
75.28,69.11
75.32,68.25
75.36,69.95
75.40,70.36
75.44,70.33
75.48,70.39
75.52,69.87
75.56,69.76
75.60,72.75
75.64,71.68
75.68,71.01
75.72,71.65
75.76,69.84
75.80,70.21
75.84,72.38
75.88,72.64
75.92,72.81
75.96,72.43
76.00,71.08
76.04,71.17
76.08,73.48
76.12,72.40
76.16,72.33
76.20,74.05
76.24,73.45
76.28,72.81
76.32,75.12
76.36,75.31
76.40,73.84
76.44,74.24
76.48,75.33
76.52,73.97
76.56,74.39
76.60,76.48
76.64,74.62
76.68,76.05
76.72,74.84
76.76,75.37
76.80,75.14
76.84,75.33
76.88,75.40
76.92,76.04
76.96,75.15
77.00,76.40
77.04,75.15
77.08,76.57
77.12,76.52
77.16,75.58
77.20,75.77
77.24,76.00
77.28,74.95
77.32,75.44
77.36,75.95
77.40,74.94
77.44,75.25
77.48,73.71
77.52,73.86
77.56,74.85
77.60,73.95
77.64,73.04
77.68,76.05
77.72,75.71
77.76,75.37
77.80,74.15
77.84,74.03
77.88,74.60
77.92,74.97
77.96,73.94
78.00,73.05
78.04,74.74
78.08,74.23
78.12,72.70
78.16,71.96
78.20,72.10
78.24,73.12
78.28,72.88
78.32,73.00
78.36,72.08
78.40,72.32
78.44,72.43
78.48,72.47
78.52,73.59
78.56,73.04
78.60,72.40
78.64,71.44
78.68,73.02
78.72,71.04
78.76,72.29
78.80,71.55
78.84,71.85
78.88,70.82
78.92,72.05
78.96,71.22
79.00,72.41
79.04,70.69
79.08,70.43
79.12,71.45
79.16,69.87
79.20,72.39
79.24,71.43
79.28,71.30
79.32,71.13
79.36,70.33
79.40,72.54
79.44,73.44
79.48,72.02
79.52,70.56
79.56,72.46
79.60,71.56
79.64,74.83
79.68,72.50
79.72,73.90
79.76,73.16
79.80,73.54
79.84,73.33
79.88,74.72
79.92,75.19
79.96,72.98
80.00,73.99
80.04,74.87
80.08,74.83
80.12,74.47
80.16,74.85
80.20,75.40
80.24,77.40
80.28,75.71
80.32,74.62
80.36,78.08
80.40,77.00
80.44,77.17
80.48,78.51
80.52,76.27
80.56,75.03
80.60,78.23
80.64,78.95
80.68,77.98
80.72,78.15
80.76,77.37
80.80,78.82
80.84,78.56
80.88,78.54
80.92,78.26
80.96,78.15
81.00,80.75
81.04,78.36
81.08,77.58
81.12,78.35
81.16,76.90
81.20,77.87
81.24,76.98
81.28,78.52
81.32,78.31
81.36,78.51
81.40,78.71
81.44,78.69
81.48,77.96
81.52,78.92
81.56,76.85
81.60,77.05
81.64,78.07
81.68,77.66
81.72,76.53
81.76,75.81
81.80,75.62
81.84,77.19
81.88,76.44
81.92,75.55
81.96,76.72
82.00,75.58
82.04,75.14
82.08,75.81
82.12,75.14
82.16,76.97
82.20,74.49
82.24,75.06
82.28,73.81
82.32,69.79
82.36,70.49
82.40,70.85
82.44,70.35
82.48,69.49
82.52,70.13
82.56,69.61
82.60,69.59
82.64,68.87
82.68,66.91
82.72,68.48
82.76,68.42
82.80,66.84
82.84,66.33
82.88,65.31
82.92,66.19
82.96,66.55
83.00,68.03
83.04,69.07
83.08,67.25
83.12,67.98
83.16,68.86
83.20,67.99
83.24,68.94
83.28,71.23
83.32,73.35
83.36,76.05
83.40,78.98
83.44,79.51
83.48,82.12
83.52,85.38
83.56,84.60
83.60,88.51
83.64,87.66
83.68,89.99
83.72,92.77
83.76,93.92
83.80,93.57
83.84,95.25
83.88,95.88
83.92,96.91
83.96,97.77
84.00,98.63
84.04,101.97
84.08,102.85
84.12,100.79
84.16,101.93
84.20,103.35
84.24,103.36
84.28,104.44
84.32,103.66
84.36,104.91
84.40,107.25
84.44,104.23
84.48,105.95
84.52,107.70
84.56,107.70
84.60,106.15
84.64,108.58
84.68,108.84
84.72,107.41
84.76,107.06
84.80,108.26
84.84,108.12
84.88,109.72
84.92,109.70
84.96,109.66
85.00,108.69
85.04,108.72
85.08,109.51
85.12,107.85
85.16,108.01
85.20,107.79
85.24,108.89
85.28,108.07
85.32,109.31
85.36,108.38
85.40,107.62
85.44,107.14
85.48,107.93
85.52,106.88
85.56,107.58
85.60,107.15
85.64,107.72
85.68,105.41
85.72,106.34
85.76,106.32
85.80,106.56
85.84,105.06
85.88,105.18
85.92,106.00
85.96,103.16
86.00,104.43
86.04,102.12
86.08,102.34
86.12,102.86
86.16,102.22
86.20,102.25
86.24,103.07
86.28,101.61
86.32,100.51
86.36,102.47
86.40,100.86
86.44,99.93
86.48,99.18
86.52,99.55
86.56,99.01
86.60,99.22
86.64,97.64
86.68,99.17
86.72,98.25
86.76,99.15
86.80,98.25
86.84,98.04
86.88,98.05
86.92,96.84
86.96,95.60
87.00,97.83
87.04,95.56
87.08,96.91
87.12,96.21
87.16,97.79
87.20,97.19
87.24,94.17
87.28,96.12
87.32,95.60
87.36,95.15
87.40,97.24
87.44,93.71
87.48,95.52
87.52,96.59
87.56,96.07
87.60,98.23
87.64,95.81
87.68,97.05
87.72,94.22
87.76,96.48
87.80,96.36
87.84,94.85
87.88,94.75
87.92,95.72
87.96,95.26
88.00,96.62
88.04,97.13
88.08,95.59
88.12,96.21
88.16,97.14
88.20,97.59
88.24,96.92
88.28,97.58
88.32,96.23
88.36,97.38
88.40,97.59
88.44,95.51
88.48,98.70
88.52,98.28
88.56,97.36
88.60,97.47
88.64,97.23
88.68,97.45
88.72,98.08
88.76,96.56
88.80,95.32
88.84,94.78
88.88,96.98
88.92,97.05
88.96,95.87
89.00,96.17
89.04,95.47
89.08,94.57
89.12,96.57
89.16,95.40
89.20,94.91
89.24,97.08
89.28,95.81
89.32,94.83
89.36,95.10
89.40,94.32
89.44,95.75
89.48,94.67
89.52,93.90
89.56,95.28
89.60,93.14
89.64,92.86
89.68,93.53
89.72,93.11
89.76,92.94
89.80,91.90
89.84,90.82
89.88,91.95
89.92,91.46
89.96,92.51
90.00,90.23
90.04,91.83
90.08,90.08
90.12,91.45
90.16,88.87
90.20,90.94
90.24,89.44
90.28,90.49
90.32,86.62
90.36,89.42
90.40,87.76
90.44,88.89
90.48,87.21
90.52,87.75
90.56,89.77
90.60,86.41
90.64,87.07
90.68,87.03
90.72,85.00
90.76,86.86
90.80,85.45
90.84,86.92
90.88,85.62
90.92,86.38
90.96,84.20
91.00,83.78
91.04,85.55
91.08,83.69
91.12,84.83
91.16,85.12
91.20,84.83
91.24,84.87
91.28,85.84
91.32,85.24
91.36,85.00
91.40,85.36
91.44,83.98
91.48,84.14
91.52,86.02
91.56,85.28
91.60,86.36
91.64,85.57
91.68,86.06
91.72,85.75
91.76,87.71
91.80,86.12
91.84,86.43
91.88,85.70
91.92,85.66
91.96,85.88
92.00,86.75
92.04,87.05
92.08,85.47
92.12,86.09
92.16,86.85
92.20,86.71
92.24,85.40
92.28,87.19
92.32,88.88
92.36,88.74
92.40,88.70
92.44,90.18
92.48,90.24
92.52,87.18
92.56,88.12
92.60,89.44
92.64,87.34
92.68,88.12
92.72,87.19
92.76,87.51
92.80,87.58
92.84,87.10
92.88,87.43
92.92,88.45
92.96,87.01
93.00,87.93
93.04,88.13
93.08,88.31
93.12,87.52
93.16,87.41
93.20,87.91
93.24,89.25
93.28,87.52
93.32,88.89
93.36,86.58
93.40,87.13
93.44,85.73
93.48,86.24
93.52,84.44
93.56,86.68
93.60,84.15
93.64,86.44
93.68,84.13
93.72,85.61
93.76,85.86
93.80,84.58
93.84,85.10
93.88,84.68
93.92,83.75
93.96,85.37
94.00,84.22
94.04,82.85
94.08,82.28
94.12,81.54
94.16,82.76
94.20,80.57
94.24,82.18
94.28,81.26
94.32,80.83
94.36,81.90
94.40,82.06
94.44,80.38
94.48,79.93
94.52,80.14
94.56,80.20
94.60,81.10
94.64,78.82
94.68,79.58
94.72,81.42
94.76,79.39
94.80,80.38
94.84,77.30
94.88,77.96
94.92,79.23
94.96,78.88
95.00,79.92
95.04,78.53
95.08,79.39
95.12,78.94
95.16,79.00
95.20,79.57
95.24,80.25
95.28,80.28
95.32,78.97
95.36,79.10
95.40,79.19
95.44,80.90
95.48,80.45
95.52,80.36
95.56,78.63
95.60,80.97
95.64,79.17
95.68,79.09
95.72,79.13
95.76,80.43
95.80,81.13
95.84,79.44
95.88,80.00
95.92,81.65
95.96,80.30
96.00,81.56
96.04,80.94
96.08,81.94
96.12,81.75
96.16,81.20
96.20,82.23
96.24,80.84
96.28,81.17
96.32,81.24
96.36,83.89
96.40,80.29
96.44,82.17
96.48,82.11
96.52,84.63
96.56,81.69
96.60,81.07
96.64,82.48
96.68,82.35
96.72,82.32
96.76,81.31
96.80,83.77
96.84,83.24
96.88,82.08
96.92,82.65
96.96,82.70
97.00,83.09
97.04,82.25
97.08,82.51
97.12,82.99
97.16,82.91
97.20,82.17
97.24,82.55
97.28,82.14
97.32,83.33
97.36,81.15
97.40,83.11
97.44,82.63
97.48,80.81
97.52,81.13
97.56,81.17
97.60,80.92
97.64,81.66
97.68,80.25
97.72,80.75
97.76,81.26
97.80,79.09
97.84,81.50
97.88,78.34
97.92,81.67
97.96,77.46
98.00,78.35
98.04,79.29
98.08,75.97
98.12,77.76
98.16,78.82
98.20,76.79
98.24,77.44
98.28,76.92
98.32,77.59
98.36,75.59
98.40,75.82
98.44,77.13
98.48,76.29
98.52,75.58
98.56,74.84
98.60,76.27
98.64,76.32
98.68,76.52
98.72,76.39
98.76,75.04
98.80,75.16
98.84,75.92
98.88,77.19
98.92,75.21
98.96,73.88
99.00,73.93
99.04,75.25
99.08,74.34
99.12,76.07
99.16,74.87
99.20,74.52
99.24,76.10
99.28,75.23
99.32,73.53
99.36,73.74
99.40,78.10
99.44,74.27
99.48,74.10
99.52,76.30
99.56,75.73
99.60,76.29
99.64,77.19
99.68,75.35
99.72,76.79
99.76,75.26
99.80,75.09
99.84,76.67
99.88,76.61
99.92,77.35
99.96,76.89
100.00,77.57
100.04,78.06
100.08,77.29
100.12,75.43
100.16,75.60
100.20,77.78
100.24,78.33
100.28,76.99
100.32,77.14
100.36,77.74
100.40,78.61
100.44,77.62
100.48,79.41
100.52,78.60
100.56,77.66
100.60,80.54
100.64,80.38
100.68,78.27
100.72,79.10
100.76,78.93
100.80,80.40
100.84,79.41
100.88,80.11
100.92,81.70
100.96,79.11
101.00,78.86
101.04,78.56
101.08,80.78
101.12,80.73
101.16,79.20
101.20,79.52
101.24,79.98
101.28,78.18
101.32,79.26
101.36,79.88
101.40,77.96
101.44,80.20
101.48,78.40
101.52,78.87
101.56,78.63
101.60,77.82
101.64,76.84
101.68,76.26
101.72,76.73
101.76,77.27
101.80,76.19
101.84,79.06
101.88,75.76
101.92,77.20
101.96,76.29
102.00,74.23
102.04,76.30
102.08,76.25
102.12,75.87
102.16,73.96
102.20,75.46
102.24,73.16
102.28,73.80
102.32,74.73
102.36,72.65
102.40,72.09
102.44,73.68
102.48,73.51
102.52,72.87
102.56,72.21
102.60,72.90
102.64,72.41
102.68,72.77
102.72,72.93
102.76,72.85
102.80,72.68
102.84,71.57
102.88,72.71
102.92,73.85
102.96,72.74
103.00,72.69
103.04,71.50
103.08,73.54
103.12,74.24
103.16,71.86
103.20,71.56
103.24,71.88
103.28,72.80
103.32,74.01
103.36,72.24
103.40,72.25
103.44,71.45
103.48,71.83
103.52,71.72
103.56,72.83
103.60,72.73
103.64,72.77
103.68,74.13
103.72,72.81
103.76,73.56
103.80,73.63
103.84,74.13
103.88,73.45
103.92,73.77
103.96,74.94
104.00,74.72
104.04,75.25
104.08,74.05
104.12,75.14
104.16,76.06
104.20,73.42
104.24,75.48
104.28,74.48
104.32,76.27
104.36,77.26
104.40,77.23
104.44,76.20
104.48,76.52
104.52,76.68
104.56,76.99
104.60,76.67
104.64,76.52
104.68,76.60
104.72,78.47
104.76,76.69
104.80,77.57
104.84,78.54
104.88,75.79
104.92,76.25
104.96,76.64
105.00,78.24
105.04,78.02
105.08,77.43
105.12,78.87
105.16,76.08
105.20,76.49
105.24,78.05
105.28,77.59
105.32,76.97
105.36,78.74
105.40,75.35
105.44,76.99
105.48,76.50
105.52,76.96
105.56,74.78
105.60,75.72
105.64,75.83
105.68,77.06
105.72,75.70
105.76,74.59
105.80,76.16
105.84,75.68
105.88,72.51
105.92,73.76
105.96,74.18
106.00,73.11
106.04,73.32
106.08,73.14
106.12,74.12
106.16,73.98
106.20,73.25
106.24,73.27
106.28,71.49
106.32,72.73
106.36,71.47
106.40,75.15
106.44,72.03
106.48,72.00
106.52,71.23
106.56,70.58
106.60,71.23
106.64,73.23
106.68,69.33
106.72,72.37
106.76,71.24
106.80,71.24
106.84,71.06
106.88,70.45
106.92,72.21
106.96,72.10
107.00,69.78
107.04,71.11
107.08,71.24
107.12,71.78
107.16,70.16
107.20,71.28
107.24,72.06
107.28,70.77
107.32,70.26
107.36,71.95
107.40,70.71
107.44,71.18
107.48,73.13
107.52,72.87
107.56,71.70
107.60,71.68
107.64,71.66
107.68,72.77
107.72,72.77
107.76,72.82
107.80,73.11
107.84,74.20
107.88,74.77
107.92,74.99
107.96,74.17
108.00,73.12
108.04,75.60
108.08,74.24
108.12,74.43
108.16,75.21
108.20,74.19
108.24,74.02
108.28,74.53
108.32,74.96
108.36,74.47
108.40,75.61
108.44,74.59
108.48,75.96
108.52,74.83
108.56,75.86
108.60,76.13
108.64,76.98
108.68,73.90
108.72,76.85
108.76,75.52
108.80,77.25
108.84,76.98
108.88,75.15
108.92,75.71
108.96,76.03
109.00,76.77
109.04,76.16
109.08,76.83
109.12,77.85
109.16,78.03
109.20,75.88
109.24,74.82
109.28,78.30
109.32,76.54
109.36,76.07
109.40,74.29
109.44,75.32
109.48,75.09
109.52,74.86
109.56,75.87
109.60,74.06
109.64,76.42
109.68,75.88
109.72,74.15
109.76,74.98
109.80,73.89
109.84,75.07
109.88,74.26
109.92,73.88
109.96,72.61
110.00,75.02
110.04,73.26
110.08,73.38
110.12,72.91
110.16,73.20
110.20,73.24
110.24,72.60
110.28,72.53
110.32,72.93
110.36,74.25
110.40,72.43
110.44,73.20
110.48,69.59
110.52,68.38
110.56,69.12
110.60,67.88
110.64,67.23
110.68,67.77
110.72,66.10
110.76,66.87
110.80,65.07
110.84,65.55
110.88,66.74
110.92,65.81
110.96,65.04
111.00,65.96
111.04,64.27
111.08,64.18
111.12,64.35
111.16,64.21
111.20,64.39
111.24,66.59
111.28,65.01
111.32,66.07
111.36,66.18
111.40,65.91
111.44,69.99
111.48,72.44
111.52,74.22
111.56,75.27
111.60,76.46
111.64,80.70
111.68,81.31
111.72,83.45
111.76,84.04
111.80,84.28
111.84,85.74
111.88,87.22
111.92,87.40
111.96,91.22
112.00,93.70
112.04,91.41
112.08,92.39
112.12,92.97
112.16,94.78
112.20,95.86
112.24,95.01
112.28,95.93
112.32,97.51
112.36,98.86
112.40,98.08
112.44,99.80
112.48,98.78
112.52,99.99
112.56,101.01
112.60,102.44
112.64,100.83
112.68,100.38
112.72,101.02
112.76,102.50
112.80,101.93
112.84,101.97
112.88,100.97
112.92,101.76
112.96,101.97
113.00,102.53
113.04,101.58
113.08,101.62
113.12,101.11
113.16,104.95
113.20,104.06
113.24,102.30
113.28,103.16
113.32,100.63
113.36,103.25
113.40,101.41
113.44,103.04
113.48,101.46
113.52,101.52
113.56,100.47
113.60,101.06
113.64,101.78
113.68,101.72
113.72,101.10
113.76,97.65
113.80,99.48
113.84,100.56
113.88,98.88
113.92,98.98
113.96,100.16
114.00,99.38
114.04,98.35
114.08,97.99
114.12,97.02
114.16,97.64
114.20,94.97
114.24,96.23
114.28,95.28
114.32,95.34
114.36,96.42
114.40,93.80
114.44,96.02
114.48,95.54
114.52,93.94
114.56,94.11
114.60,94.66
114.64,93.85
114.68,93.61
114.72,91.54
114.76,92.83
114.80,92.98
114.84,93.34
114.88,92.43
114.92,93.48
114.96,93.93
115.00,91.89
115.04,93.57
115.08,92.01
115.12,90.52
115.16,91.21
115.20,93.05
115.24,91.74
115.28,91.34
115.32,92.34
115.36,90.90
115.40,91.73
115.44,92.49
115.48,91.90
115.52,92.04
115.56,91.68
115.60,92.07
115.64,92.08
115.68,92.41
115.72,92.13
115.76,91.83
115.80,92.24
115.84,91.99
115.88,91.48
115.92,94.15
115.96,93.32
116.00,91.44
116.04,93.78
116.08,92.39
116.12,94.83
116.16,91.77
116.20,90.45
116.24,92.51
116.28,92.36
116.32,93.61
116.36,94.02
116.40,93.86
116.44,92.04
116.48,92.13
116.52,91.17
116.56,92.55
116.60,92.57
116.64,93.57
116.68,94.59
116.72,94.64
116.76,92.27
116.80,91.72
116.84,91.33
116.88,91.33
116.92,92.68
116.96,93.07
117.00,92.89
117.04,93.08
117.08,92.88
117.12,95.15
117.16,93.16
117.20,91.14
117.24,90.78
117.28,91.22
117.32,91.70
117.36,90.36
117.40,91.25
117.44,93.18
117.48,90.08
117.52,91.59
117.56,90.13
117.60,90.42
117.64,88.81
117.68,88.60
117.72,88.68
117.76,90.16
117.80,89.38
117.84,88.73
117.88,88.30
117.92,87.46
117.96,86.17
118.00,86.68
118.04,87.10
118.08,87.66
118.12,86.72
118.16,87.63
118.20,88.43
118.24,87.28
118.28,87.78
118.32,86.53
118.36,86.67
118.40,84.36
118.44,85.19
118.48,84.91
118.52,85.28
118.56,83.91
118.60,84.12
118.64,84.80
118.68,83.98
118.72,83.64
118.76,84.19
118.80,83.59
118.84,82.26
118.88,83.26
118.92,84.00
118.96,84.21
119.00,82.96
119.04,83.53
119.08,80.60
119.12,81.86
119.16,82.73
119.20,83.03
119.24,83.48
119.28,82.29
119.32,81.70
119.36,82.57
119.40,84.61
119.44,82.98
119.48,82.94
119.52,83.95
119.56,82.57
119.60,83.42
119.64,82.97
119.68,85.88
119.72,83.75
119.76,83.24
119.80,83.58
119.84,84.10
119.88,83.56
119.92,83.94
119.96,83.61
120.00,84.28
120.04,85.13
120.08,85.36
120.12,83.57
120.16,85.08
120.20,87.14
120.24,86.20
120.28,84.37
120.32,85.68
120.36,84.10
120.40,84.10
120.44,86.56
120.48,84.91
120.52,85.31
120.56,86.97
120.60,87.47
120.64,85.30
120.68,86.54
120.72,86.54
120.76,86.21
120.80,86.44
120.84,87.31
120.88,85.92
120.92,87.65
120.96,87.66
121.00,86.12
121.04,88.07
121.08,86.93
121.12,86.59
121.16,85.81
121.20,86.86
121.24,87.49
121.28,84.92
121.32,86.75
121.36,83.93
121.40,85.15
121.44,84.99
121.48,84.99
121.52,85.59
121.56,84.52
121.60,84.43
121.64,82.64
121.68,84.44
121.72,83.91
121.76,84.95
121.80,83.78
121.84,84.45
121.88,82.16
121.92,83.53
121.96,84.27
122.00,83.58
122.04,82.59
122.08,81.87
122.12,80.90
122.16,82.97
122.20,82.34
122.24,81.86
122.28,82.01
122.32,80.64
122.36,79.29
122.40,82.09
122.44,81.16
122.48,81.02
122.52,79.34
122.56,80.80
122.60,79.86
122.64,80.38
122.68,80.34
122.72,79.87
122.76,79.28
122.80,78.11
122.84,80.36
122.88,77.73
122.92,78.74
122.96,78.93
123.00,77.88
123.04,78.33
123.08,79.12
123.12,79.86
123.16,79.12
123.20,78.68
123.24,77.16
123.28,79.63
123.32,79.74
123.36,78.82
123.40,79.63
123.44,80.32
123.48,78.72
123.52,79.84
123.56,78.86
123.60,81.77
123.64,80.94
123.68,79.92
123.72,80.44
123.76,79.75
123.80,80.14
123.84,82.39
123.88,80.85
123.92,79.36
123.96,81.50
124.00,82.07
124.04,81.68
124.08,81.37
124.12,83.49
124.16,82.78
124.20,82.95
124.24,83.27
124.28,84.08
124.32,82.39
124.36,83.83
124.40,85.83
124.44,83.51
124.48,84.11
124.52,82.45
124.56,83.32
124.60,83.76
124.64,85.66
124.68,84.15
124.72,83.00
124.76,84.32
124.80,85.25
124.84,85.65
124.88,83.64
124.92,84.80
124.96,85.72
125.00,85.23
125.04,84.10
125.08,85.05
125.12,83.29
125.16,84.02
125.20,84.60
125.24,84.42
125.28,85.37
125.32,85.40
125.36,83.63
125.40,83.53
125.44,84.58
125.48,83.73
125.52,83.74
125.56,82.74
125.60,82.70
125.64,83.88
125.68,83.83
125.72,82.00
125.76,82.80
125.80,80.53
125.84,83.78
125.88,82.94
125.92,82.56
125.96,80.63
126.00,81.89
126.04,82.21
126.08,79.20
126.12,79.60
126.16,80.38
126.20,80.26
126.24,79.17
126.28,81.93
126.32,80.05
126.36,79.52
126.40,79.85
126.44,78.95
126.48,78.93
126.52,78.56
126.56,78.12
126.60,80.45
126.64,78.46
126.68,78.54
126.72,78.92
126.76,78.16
126.80,78.32
126.84,78.71
126.88,79.94
126.92,77.91
126.96,77.73
127.00,78.84
127.04,78.35
127.08,79.27
127.12,78.31
127.16,78.23
127.20,76.75
127.24,78.52
127.28,79.10
127.32,78.46
127.36,77.94
127.40,77.88
127.44,79.39
127.48,76.99
127.52,80.28
127.56,79.74
127.60,78.09
127.64,79.46
127.68,79.43
127.72,79.50
127.76,79.70
127.80,79.06
127.84,81.30
127.88,80.41
127.92,81.17
127.96,81.51
128.00,81.31
128.04,81.59
128.08,79.27
128.12,82.91
128.16,81.17
128.20,81.77
128.24,81.06
128.28,81.88
128.32,83.03
128.36,81.38
128.40,82.65
128.44,83.79
128.48,83.13
128.52,82.88
128.56,82.27
128.60,83.08
128.64,83.85
128.68,83.46
128.72,83.60
128.76,83.41
128.80,83.08
128.84,84.99
128.88,84.13
128.92,84.61
128.96,84.44
129.00,83.10
129.04,84.09
129.08,83.09
129.12,83.62
129.16,84.59
129.20,84.97
129.24,83.35
129.28,84.72
129.32,83.22
129.36,83.43
129.40,82.76
129.44,82.82
129.48,83.54
129.52,82.67
129.56,82.77
129.60,81.69
129.64,82.39
129.68,81.84
129.72,81.72
129.76,82.65
129.80,81.60
129.84,80.42
129.88,81.76
129.92,80.75
129.96,81.92
130.00,80.56
130.04,81.03
130.08,80.10
130.12,78.70
130.16,78.67
130.20,81.40
130.24,81.00
130.28,79.01
130.32,79.72
130.36,79.04
130.40,79.26
130.44,78.89
130.48,78.86
130.52,78.40
130.56,78.86
130.60,78.08
130.64,78.40
130.68,79.20
130.72,78.19
130.76,78.24
130.80,77.30
130.84,78.36
130.88,77.70
130.92,78.03
130.96,78.44
131.00,76.75
131.04,77.97
131.08,75.85
131.12,78.48
131.16,76.73
131.20,77.42
131.24,77.78
131.28,78.29
131.32,78.30
131.36,78.83
131.40,78.05
131.44,78.48
131.48,77.60
131.52,80.00
131.56,78.32
131.60,78.71
131.64,79.78
131.68,81.19
131.72,79.30
131.76,80.98
131.80,80.16
131.84,79.77
131.88,80.02
131.92,79.09
131.96,80.86
132.00,80.48
132.04,81.04
132.08,82.55
132.12,82.60
132.16,83.20
132.20,81.24
132.24,81.05
132.28,79.07
132.32,80.47
132.36,82.29
132.40,82.22
132.44,82.58
132.48,81.85
132.52,82.97
132.56,81.97
132.60,82.70
132.64,82.74
132.68,84.48
132.72,81.98
132.76,82.96
132.80,82.36
132.84,82.94
132.88,83.43
132.92,83.35
132.96,84.13
133.00,83.69
133.04,82.81
133.08,82.13
133.12,84.02
133.16,85.10
133.20,82.45
133.24,84.79
133.28,84.00
133.32,83.22
133.36,83.33
133.40,82.90
133.44,82.05
133.48,83.94
133.52,80.72
133.56,83.44
133.60,81.35
133.64,80.76
133.68,81.38
133.72,82.19
133.76,81.05
133.80,81.51
133.84,79.67
133.88,79.23
133.92,82.39
133.96,80.36
134.00,79.92
134.04,80.88
134.08,79.99
134.12,79.16
134.16,78.84
134.20,79.76
134.24,78.92
134.28,78.81
134.32,79.36
134.36,78.96
134.40,78.43
134.44,78.40
134.48,79.01
134.52,79.34
134.56,75.81
134.60,77.66
134.64,78.05
134.68,76.91
134.72,76.17
134.76,77.11
134.80,76.57
134.84,76.43
134.88,77.07
134.92,76.99
134.96,76.78
135.00,76.64
135.04,77.39
135.08,76.05
135.12,77.25
135.16,78.19
135.20,78.51
135.24,77.78
135.28,77.06
135.32,78.86
135.36,77.47
135.40,78.53
135.44,77.44
135.48,78.07
135.52,77.85
135.56,77.61
135.60,77.15
135.64,79.17
135.68,79.32
135.72,79.37
135.76,78.96
135.80,78.55
135.84,81.01
135.88,79.26
135.92,79.99
135.96,79.59
136.00,79.25
136.04,79.86
136.08,79.42
136.12,80.70
136.16,80.16
136.20,80.74
136.24,80.91
136.28,81.81
136.32,81.24
136.36,80.87
136.40,81.21
136.44,81.77
136.48,81.59
136.52,81.58
136.56,82.56
136.60,81.91
136.64,81.11
136.68,82.48
136.72,82.04
136.76,80.77
136.80,82.25
136.84,83.17
136.88,80.98
136.92,81.95
136.96,81.07
137.00,82.60
137.04,81.67
137.08,82.21
137.12,81.37
137.16,81.69
137.20,81.66
137.24,80.31
137.28,83.25
137.32,81.89
137.36,82.29
137.40,81.16
137.44,81.04
137.48,80.05
137.52,80.66
137.56,80.90
137.60,80.13
137.64,81.06
137.68,81.14
137.72,79.91
137.76,80.06
137.80,80.92
137.84,80.06
137.88,81.65
137.92,79.61
137.96,80.26
138.00,80.80
138.04,79.56
138.08,79.95
138.12,79.17
138.16,78.92
138.20,80.62
138.24,77.31
138.28,78.79
138.32,80.23
138.36,78.52
138.40,77.59
138.44,78.73
138.48,77.92
138.52,77.45
138.56,76.82
138.60,76.78
138.64,76.04
138.68,75.10
138.72,77.37
138.76,76.17
138.80,74.99
138.84,76.62
138.88,76.56
138.92,78.25
138.96,74.75
139.00,77.18
139.04,77.19
139.08,75.60
139.12,77.61
139.16,77.45
139.20,75.80
139.24,75.78
139.28,75.88
139.32,77.25
139.36,76.06
139.40,73.00
139.44,74.28
139.48,73.41
139.52,73.53
139.56,74.36
139.60,74.49
139.64,73.62
139.68,73.17
139.72,73.67
139.76,73.82
139.80,73.51
139.84,72.67
139.88,73.97
139.92,72.55
139.96,74.09
140.00,74.87
140.04,73.32
140.08,73.25
140.12,74.97
140.16,73.52
140.20,73.88
140.24,74.26
140.28,76.56
140.32,76.03
140.36,76.97
140.40,79.02
140.44,81.34
140.48,83.60
140.52,86.07
140.56,86.39
140.60,87.35
140.64,88.62
140.68,90.90
140.72,92.35
140.76,94.77
140.80,93.33
140.84,96.28
140.88,94.94
140.92,96.51
140.96,96.50
141.00,97.45
141.04,98.88
141.08,98.99
141.12,100.05
141.16,98.12
141.20,100.23
141.24,99.39
141.28,99.99
141.32,100.91
141.36,99.74
141.40,99.45
141.44,101.67
141.48,101.05
141.52,103.26
141.56,100.59
141.60,101.49
141.64,102.37
141.68,103.82
141.72,101.59
141.76,100.59
141.80,100.85
141.84,101.28
141.88,100.37
141.92,101.21
141.96,101.26
142.00,100.40
142.04,99.37
142.08,100.18
142.12,99.13
142.16,98.75
142.20,98.32
142.24,99.83
142.28,99.17
142.32,99.66
142.36,100.01
142.40,97.33
142.44,97.42
142.48,97.85
142.52,98.64
142.56,98.00
142.60,97.58
142.64,97.30
142.68,96.61
142.72,95.48
142.76,97.36
142.80,96.71
142.84,94.33
142.88,95.78
142.92,95.57
142.96,95.32
143.00,94.42
143.04,95.45
143.08,94.42
143.12,94.97
143.16,94.07
143.20,94.05
143.24,94.50
143.28,95.20
143.32,94.80
143.36,94.86
143.40,94.55
143.44,95.79
143.48,94.28
143.52,94.62
143.56,97.05
143.60,94.15
143.64,94.41
143.68,95.23
143.72,96.94
143.76,93.01
143.80,95.11
143.84,97.13
143.88,96.77
143.92,95.84
143.96,95.95
144.00,94.78
144.04,96.09
144.08,95.61
144.12,94.62
144.16,95.88
144.20,96.41
144.24,95.67
144.28,96.23
144.32,95.97
144.36,96.58
144.40,95.24
144.44,95.20
144.48,95.78
144.52,96.28
144.56,94.45
144.60,94.96
144.64,96.27
144.68,97.11
144.72,97.04
144.76,94.52
144.80,95.63
144.84,94.22
144.88,96.25
144.92,96.68
144.96,95.28
145.00,96.45
145.04,94.91
145.08,94.20
145.12,95.31
145.16,93.87
145.20,93.27
145.24,93.07
145.28,93.48
145.32,93.49
145.36,92.49
145.40,92.42
145.44,91.51
145.48,92.61
145.52,92.45
145.56,93.24
145.60,90.51
145.64,90.33
145.68,91.94
145.72,92.37
145.76,89.90
145.80,91.17
145.84,89.57
145.88,89.47
145.92,91.12
145.96,88.40
146.00,89.09
146.04,91.08
146.08,90.41
146.12,87.78
146.16,88.41
146.20,88.28
146.24,87.91
146.28,87.48
146.32,87.41
146.36,87.13
146.40,85.49
146.44,86.00
146.48,85.90
146.52,84.90
146.56,84.68
146.60,84.69
146.64,84.14
146.68,85.26
146.72,84.57
146.76,86.54
146.80,85.45
146.84,84.48
146.88,86.16
146.92,84.99
146.96,84.36
147.00,83.83
147.04,84.82
147.08,84.20
147.12,83.02
147.16,82.06
147.20,82.74
147.24,82.12
147.28,83.86
147.32,83.23
147.36,83.02
147.40,82.90
147.44,83.16
147.48,82.32
147.52,82.37
147.56,85.28
147.60,83.79
147.64,84.48
147.68,83.39
147.72,84.77
147.76,84.38
147.80,83.52
147.84,83.99
147.88,84.40
147.92,85.28
147.96,85.37
148.00,82.78
148.04,84.69
148.08,84.38
148.12,84.55
148.16,85.10
148.20,85.17
148.24,83.54
148.28,86.90
148.32,85.90
148.36,86.50
148.40,85.39
148.44,85.99
148.48,85.54
148.52,86.82
148.56,85.83
148.60,85.79
148.64,87.18
148.68,84.83
148.72,84.50
148.76,86.07
148.80,87.65
148.84,87.34
148.88,85.59
148.92,86.51
148.96,84.74
149.00,85.66
149.04,85.97
149.08,87.87
149.12,85.97
149.16,86.44
149.20,84.08
149.24,85.44
149.28,85.35
149.32,86.03
149.36,85.49
149.40,84.44
149.44,85.09
149.48,84.29
149.52,84.01
149.56,84.57
149.60,82.95
149.64,82.10
149.68,83.90
149.72,84.04
149.76,84.35
149.80,83.91
149.84,83.68
149.88,82.27
149.92,81.05
149.96,81.91
150.00,83.46
150.04,81.68
150.08,80.33
150.12,80.76
150.16,81.00
150.20,79.83
150.24,80.85
150.28,80.52
150.32,81.10
150.36,80.59
150.40,79.34
150.44,78.66
150.48,79.28
150.52,79.16
150.56,79.17
150.60,78.46
150.64,77.41
150.68,78.13
150.72,77.75
150.76,77.34
150.80,78.18
150.84,76.81
150.88,77.35
150.92,77.04
150.96,78.49
151.00,77.64
151.04,78.74
151.08,77.98
151.12,78.68
151.16,76.10
151.20,77.53
151.24,78.03
151.28,78.88
151.32,77.55
151.36,78.24
151.40,78.65
151.44,77.46
151.48,77.01
151.52,78.70
151.56,77.06
151.60,79.12
151.64,78.20
151.68,78.03
151.72,78.84
151.76,78.16
151.80,79.01
151.84,79.78
151.88,80.15
151.92,79.21
151.96,80.00
152.00,80.22
152.04,79.09
152.08,79.01
152.12,80.39
152.16,79.45
152.20,81.17
152.24,80.25
152.28,80.08
152.32,81.34
152.36,81.55
152.40,81.25
152.44,80.90
152.48,82.92
152.52,80.26
152.56,80.80
152.60,83.48
152.64,82.29
152.68,82.13
152.72,81.51
152.76,81.77
152.80,81.08
152.84,81.59
152.88,82.96
152.92,80.53
152.96,82.13
153.00,82.64
153.04,82.31
153.08,81.26
153.12,81.51
153.16,80.16
153.20,80.91
153.24,82.32
153.28,82.96
153.32,81.15
153.36,82.37
153.40,81.64
153.44,80.39
153.48,80.61
153.52,79.68
153.56,81.23
153.60,80.30
153.64,80.77
153.68,81.43
153.72,79.77
153.76,80.26
153.80,80.80
153.84,77.72
153.88,79.90
153.92,79.21
153.96,78.07
154.00,79.36
154.04,79.07
154.08,78.54
154.12,76.80
154.16,77.93
154.20,77.63
154.24,76.92
154.28,78.93
154.32,77.44
154.36,75.42
154.40,75.57
154.44,75.07
154.48,76.69
154.52,75.89
154.56,76.02
154.60,77.08
154.64,74.64
154.68,74.53
154.72,77.08
154.76,76.24
154.80,75.07
154.84,76.21
154.88,75.88
154.92,74.88
154.96,76.22
155.00,76.39
155.04,75.10
155.08,73.84
155.12,74.98
155.16,73.64
155.20,74.63
155.24,75.50
155.28,74.60
155.32,74.12
155.36,74.90
155.40,74.82
155.44,76.40
155.48,78.15
155.52,75.03
155.56,76.15
155.60,76.76
155.64,76.03
155.68,76.07
155.72,77.38
155.76,78.16
155.80,78.50
155.84,77.23
155.88,78.37
155.92,78.19
155.96,78.37
156.00,77.12
156.04,77.89
156.08,78.06
156.12,77.68
156.16,78.91
156.20,78.94
156.24,79.39
156.28,79.46
156.32,79.80
156.36,78.86
156.40,79.58
156.44,80.10
156.48,80.58
156.52,80.64
156.56,80.64
156.60,79.45
156.64,79.66
156.68,80.78
156.72,79.78
156.76,80.64
156.80,81.64
156.84,81.83
156.88,80.50
156.92,80.11
156.96,80.78
157.00,80.80
157.04,80.58
157.08,82.47
157.12,82.03
157.16,80.11
157.20,79.71
157.24,81.34
157.28,81.44
157.32,81.24
157.36,82.46
157.40,80.39
157.44,81.34
157.48,80.96
157.52,79.71
157.56,79.03
157.60,79.73
157.64,79.63
157.68,79.79
157.72,78.38
157.76,79.36
157.80,79.40
157.84,78.29
157.88,79.29
157.92,77.96
157.96,79.14
158.00,80.66
158.04,76.94
158.08,76.45
158.12,78.58
158.16,77.14
158.20,78.33
158.24,76.74
158.28,76.52
158.32,75.72
158.36,75.15
158.40,76.63
158.44,75.97
158.48,76.13
158.52,73.81
158.56,73.99
158.60,76.94
158.64,76.41
158.68,76.03
158.72,76.00
158.76,75.37
158.80,76.08
158.84,76.62
158.88,75.52
158.92,75.28
158.96,75.84
159.00,75.55
159.04,73.57
159.08,74.66
159.12,76.18
159.16,76.32
159.20,74.51
159.24,74.36
159.28,75.65
159.32,76.78
159.36,76.08
159.40,76.11
159.44,76.27
159.48,76.96
159.52,78.07
159.56,76.94
159.60,75.76
159.64,76.91
159.68,78.44
159.72,77.84
159.76,77.90
159.80,77.84
159.84,77.15
159.88,78.61
159.92,76.14
159.96,78.60
160.00,78.63
160.04,78.47
160.08,79.89
160.12,77.79
160.16,80.14
160.20,80.48
160.24,79.45
160.28,79.61
160.32,79.70
160.36,80.54
160.40,80.07
160.44,80.95
160.48,80.62
160.52,80.99
160.56,81.43
160.60,81.94
160.64,82.01
160.68,80.70
160.72,81.85
160.76,81.73
160.80,80.53
160.84,81.15
160.88,82.24
160.92,82.33
160.96,81.44
161.00,82.80
161.04,81.82
161.08,80.89
161.12,82.59
161.16,83.03
161.20,83.22
161.24,84.05
161.28,83.14
161.32,82.46
161.36,82.24
161.40,80.43
161.44,80.39
161.48,82.77
161.52,82.32
161.56,80.34
161.60,80.65
161.64,81.50
161.68,81.31
161.72,80.05
161.76,79.84
161.80,79.38
161.84,80.03
161.88,81.17
161.92,79.24
161.96,80.70
162.00,78.89
162.04,79.15
162.08,78.82
162.12,79.63
162.16,78.38
162.20,77.76
162.24,76.50
162.28,76.57
162.32,78.55
162.36,77.32
162.40,79.70
162.44,76.72
162.48,78.63
162.52,77.68
162.56,76.34
162.60,77.56
162.64,76.74
162.68,76.20
162.72,77.04
162.76,76.79
162.80,76.69
162.84,76.91
162.88,77.94
162.92,75.15
162.96,77.10
163.00,77.24
163.04,76.05
163.08,76.42
163.12,76.26
163.16,78.36
163.20,76.05
163.24,76.04
163.28,78.16
163.32,76.94
163.36,78.58
163.40,78.60
163.44,79.48
163.48,78.90
163.52,77.10
163.56,77.50
163.60,76.89
163.64,78.62
163.68,77.63
163.72,77.26
163.76,79.32
163.80,78.65
163.84,79.43
163.88,79.36
163.92,79.33
163.96,80.80
164.00,81.43
164.04,80.50
164.08,80.61
164.12,80.55
164.16,80.57
164.20,81.15
164.24,80.72
164.28,81.46
164.32,81.34
164.36,83.09
164.40,83.32
164.44,83.09
164.48,81.87
164.52,83.58
164.56,81.81
164.60,83.94
164.64,82.57
164.68,82.84
164.72,84.19
164.76,84.35
164.80,83.52
164.84,84.42
164.88,84.12
164.92,84.91
164.96,84.94
165.00,84.74
165.04,82.51
165.08,83.28
165.12,83.31
165.16,83.75
165.20,82.98
165.24,83.57
165.28,83.49
165.32,80.21
165.36,82.23
165.40,78.26
165.44,79.47
165.48,78.96
165.52,79.64
165.56,79.35
165.60,79.89
165.64,77.43
165.68,77.86
165.72,76.78
165.76,78.53
165.80,77.11
165.84,76.84
165.88,75.57
165.92,74.68
165.96,77.25
166.00,75.06
166.04,75.59
166.08,75.15
166.12,74.86
166.16,75.13
166.20,75.35
166.24,74.73
166.28,76.81
166.32,78.88
166.36,78.49
166.40,82.19
166.44,80.79
166.48,81.76
166.52,84.21
166.56,85.18
166.60,86.34
166.64,88.07
166.68,88.38
166.72,88.56
166.76,91.28
166.80,90.34
166.84,91.13
166.88,89.87
166.92,92.36
166.96,92.83
167.00,92.56
167.04,93.98
167.08,94.44
167.12,95.22
167.16,92.90
167.20,95.86
167.24,95.48
167.28,95.85
167.32,96.36
167.36,94.87
167.40,97.49
167.44,96.69
167.48,97.03
167.52,95.98
167.56,99.22
167.60,96.00
167.64,97.34
167.68,98.47
167.72,99.26
167.76,98.51
167.80,100.34
167.84,98.88
167.88,99.59
167.92,99.38
167.96,99.00
168.00,100.05
168.04,100.63
168.08,99.88
168.12,101.27
168.16,98.98
168.20,101.42
168.24,100.88
168.28,101.44
168.32,101.96
168.36,102.72
168.40,101.30
168.44,103.20
168.48,102.87
168.52,102.33
168.56,101.69
168.60,101.89
168.64,103.89
168.68,102.62
168.72,102.51
168.76,103.54
168.80,103.65
168.84,102.94
168.88,102.69
168.92,104.24
168.96,101.50
169.00,102.26
169.04,101.24
169.08,102.44
169.12,101.28
169.16,101.32
169.20,100.79
169.24,100.59
169.28,101.56
169.32,100.95
169.36,99.46
169.40,100.62
169.44,100.41
169.48,100.55
169.52,100.48
169.56,99.98
169.60,97.28
169.64,99.24
169.68,99.25
169.72,98.77
169.76,97.38
169.80,98.50
169.84,96.58
169.88,96.62
169.92,98.92
169.96,97.23
170.00,95.80
170.04,95.67
170.08,96.50
170.12,97.46
170.16,96.47
170.20,94.73
170.24,95.90
170.28,93.09
170.32,93.05
170.36,93.67
170.40,94.36
170.44,93.67
170.48,93.74
170.52,94.58
170.56,92.38
170.60,92.00
170.64,92.07
170.68,92.23
170.72,91.88
170.76,91.56
170.80,91.02
170.84,91.32
170.88,90.78
170.92,92.32
170.96,89.46
171.00,91.29
171.04,90.99
171.08,92.27
171.12,92.16
171.16,90.58
171.20,92.51
171.24,90.80
171.28,90.34
171.32,91.42
171.36,90.82
171.40,90.43
171.44,90.09
171.48,89.48
171.52,90.22
171.56,88.94
171.60,89.34
171.64,91.24
171.68,90.87
171.72,91.09
171.76,91.31
171.80,90.66
171.84,93.07
171.88,91.48
171.92,91.22
171.96,92.13
172.00,91.90
172.04,92.98
172.08,89.06
172.12,92.24
172.16,91.19
172.20,91.23
172.24,93.22
172.28,93.20
172.32,92.38
172.36,92.76
172.40,91.85
172.44,92.64
172.48,93.47
172.52,93.71
172.56,92.50
172.60,94.07
172.64,93.32
172.68,92.83
172.72,92.09
172.76,93.29
172.80,92.60
172.84,93.45
172.88,93.00
172.92,93.35
172.96,94.52
173.00,92.53
173.04,92.03
173.08,92.14
173.12,92.18
173.16,93.14
173.20,90.66
173.24,91.60
173.28,91.81
173.32,91.09
173.36,92.09
173.40,90.02
173.44,91.52
173.48,92.20
173.52,91.65
173.56,92.59
173.60,89.61
173.64,88.98
173.68,89.35
173.72,89.87
173.76,89.18
173.80,88.54
173.84,89.16
173.88,87.69
173.92,88.05
173.96,87.59
174.00,87.97
174.04,87.57
174.08,86.66
174.12,85.58
174.16,85.14
174.20,85.59
174.24,87.83
174.28,86.65
174.32,84.80
174.36,84.74
174.40,85.22
174.44,85.33
174.48,83.99
174.52,83.75
174.56,84.08
174.60,83.76
174.64,85.20
174.68,85.79
174.72,82.75
174.76,84.41
174.80,84.73
174.84,84.69
174.88,82.95
174.92,83.78
174.96,82.79
175.00,83.27
175.04,81.79
175.08,82.94
175.12,82.29
175.16,83.12
175.20,83.36
175.24,84.33
175.28,82.52
175.32,83.00
175.36,84.31
175.40,82.64
175.44,82.50
175.48,84.28
175.52,82.97
175.56,83.84
175.60,83.57
175.64,83.36
175.68,84.61
175.72,83.67
175.76,84.75
175.80,85.56
175.84,83.18
175.88,83.56
175.92,84.00
175.96,84.88
176.00,86.46
176.04,85.47
176.08,84.56
176.12,85.29
176.16,84.74
176.20,84.77
176.24,85.70
176.28,85.63
176.32,85.62
176.36,87.74
176.40,85.31
176.44,86.08
176.48,86.40
176.52,84.97
176.56,87.26
176.60,86.91
176.64,86.82
176.68,86.68
176.72,86.70
176.76,85.63
176.80,86.00
176.84,87.91
176.88,86.75
176.92,87.05
176.96,87.12
177.00,86.03
177.04,85.89
177.08,86.85
177.12,86.84
177.16,85.05
177.20,86.64
177.24,85.82
177.28,85.51
177.32,84.95
177.36,85.36
177.40,84.12
177.44,86.33
177.48,84.27
177.52,85.69
177.56,85.78
177.60,83.15
177.64,84.48
177.68,84.52
177.72,84.34
177.76,83.35
177.80,83.03
177.84,83.35
177.88,82.90
177.92,82.90
177.96,81.24
178.00,83.34
178.04,83.89
178.08,81.85
178.12,81.88
178.16,81.34
178.20,81.51
178.24,80.06
178.28,80.81
178.32,79.28
178.36,80.55
178.40,78.47
178.44,79.23
178.48,79.03
178.52,78.60
178.56,78.86
178.60,78.45
178.64,78.44
178.68,78.83
178.72,78.16
178.76,78.15
178.80,77.70
178.84,76.84
178.88,78.24
178.92,78.58
178.96,77.87
179.00,78.17
179.04,76.82
179.08,77.89
179.12,79.78
179.16,78.05
179.20,76.73
179.24,77.04
179.28,78.80
179.32,77.79
179.36,78.74
179.40,77.69
179.44,79.79
179.48,77.90
179.52,79.99
179.56,78.01
179.60,80.12
179.64,78.83
179.68,80.20
179.72,78.87
179.76,79.68
179.80,79.75
179.84,80.14
179.88,79.43
179.92,78.45
179.96,78.91
180.00,80.18
180.04,81.51
180.08,80.27
180.12,80.23
180.16,81.32
180.20,82.16
180.24,79.73
180.28,79.75
180.32,81.31
180.36,82.56
180.40,81.85
180.44,82.24
180.48,80.13
180.52,81.67
180.56,82.07
180.60,83.38
180.64,81.16
180.68,82.89
180.72,83.48
180.76,82.21
180.80,81.07
180.84,81.49
180.88,80.78
180.92,81.64
180.96,81.91
181.00,82.42
181.04,81.99
181.08,81.60
181.12,81.06
181.16,81.57
181.20,83.29
181.24,82.68
181.28,81.47
181.32,81.10
181.36,82.25
181.40,79.32
181.44,81.05
181.48,80.44
181.52,79.36
181.56,79.21
181.60,79.70
181.64,79.84
181.68,79.97
181.72,78.38
181.76,80.99
181.80,78.85
181.84,80.03
181.88,78.16
181.92,79.46
181.96,78.83
182.00,77.97
182.04,77.08
182.08,77.08
182.12,77.42
182.16,76.69
182.20,78.75
182.24,78.14
182.28,76.59
182.32,76.50
182.36,75.81
182.40,76.23
182.44,75.81
182.48,75.80
182.52,76.20
182.56,74.44
182.60,74.13
182.64,74.87
182.68,75.17
182.72,73.28
182.76,75.89
182.80,73.96
182.84,75.94
182.88,73.60
182.92,72.80
182.96,73.23
183.00,74.81
183.04,76.50
183.08,75.63
183.12,75.19
183.16,74.77
183.20,75.08
183.24,73.52
183.28,73.89
183.32,73.43
183.36,73.45
183.40,73.18
183.44,75.00
183.48,75.78
183.52,74.78
183.56,75.97
183.60,74.40
183.64,74.60
183.68,74.95
183.72,75.13
183.76,76.97
183.80,76.00
183.84,76.58
183.88,77.06
183.92,76.60
183.96,74.66
184.00,77.44
184.04,77.24
184.08,77.37
184.12,78.60
184.16,78.77
184.20,77.33
184.24,78.24
184.28,79.97
184.32,78.44
184.36,76.97
184.40,77.93
184.44,79.07
184.48,78.12
184.52,79.46
184.56,77.87
184.60,77.11
184.64,80.71
184.68,78.55
184.72,79.45
184.76,79.56
184.80,78.14
184.84,79.97
184.88,79.16
184.92,79.63
184.96,78.99
185.00,78.69
185.04,78.82
185.08,78.70
185.12,79.86
185.16,79.35
185.20,78.72
185.24,79.32
185.28,78.81
185.32,78.40
185.36,76.36
185.40,78.64
185.44,78.44
185.48,77.67
185.52,78.43
185.56,76.66
185.60,77.91
185.64,78.26
185.68,77.32
185.72,77.06
185.76,75.08
185.80,76.51
185.84,75.95
185.88,77.20
185.92,77.30
185.96,75.61
186.00,75.20
186.04,76.17
186.08,75.69
186.12,74.86
186.16,75.75
186.20,76.27
186.24,73.57
186.28,72.45
186.32,75.28
186.36,71.84
186.40,74.33
186.44,73.02
186.48,72.41
186.52,73.26
186.56,74.75
186.60,74.17
186.64,73.72
186.68,72.09
186.72,74.18
186.76,73.58
186.80,70.78
186.84,71.29
186.88,71.98
186.92,70.89
186.96,71.64
187.00,71.86
187.04,71.38
187.08,73.50
187.12,72.94
187.16,72.00
187.20,72.86
187.24,72.27
187.28,73.25
187.32,73.19
187.36,72.10
187.40,70.70
187.44,71.97
187.48,73.91
187.52,73.21
187.56,72.29
187.60,73.13
187.64,73.06
187.68,74.57
187.72,72.67
187.76,74.81
187.80,73.22
187.84,72.98
187.88,73.03
187.92,74.46
187.96,73.13
188.00,75.61
188.04,75.44
188.08,74.55
188.12,76.06
188.16,75.95
188.20,75.79
188.24,74.75
188.28,74.11
188.32,76.66
188.36,76.62
188.40,75.92
188.44,76.08
188.48,75.28
188.52,76.40
188.56,77.88
188.60,77.69
188.64,76.48
188.68,76.58
188.72,77.45
188.76,77.83
188.80,78.21
188.84,77.66
188.88,76.69
188.92,79.26
188.96,77.15
189.00,78.84
189.04,77.03
189.08,77.77
189.12,77.26
189.16,78.47
189.20,78.54
189.24,76.65
189.28,76.66
189.32,76.54
189.36,76.50
189.40,78.37
189.44,76.23
189.48,75.94
189.52,75.21
189.56,75.04
189.60,76.51
189.64,75.43
189.68,75.08
189.72,75.34
189.76,76.15
189.80,76.52
189.84,73.91
189.88,73.87
189.92,73.71
189.96,74.49
190.00,73.66
190.04,72.51
190.08,72.93
190.12,72.98
190.16,74.15
190.20,72.78
190.24,74.04
190.28,71.27
190.32,71.92
190.36,72.73
190.40,72.18
190.44,72.70
190.48,72.87
190.52,71.62
190.56,70.77
190.60,72.30
190.64,72.39
190.68,71.96
190.72,71.00
190.76,71.54
190.80,71.54
190.84,72.48
190.88,71.19
190.92,70.48
190.96,71.42
191.00,70.32
191.04,72.03
191.08,70.87
191.12,72.17
191.16,71.75
191.20,72.03
191.24,70.66
191.28,70.25
191.32,71.70
191.36,70.61
191.40,71.02
191.44,71.87
191.48,72.27
191.52,71.53
191.56,72.84
191.60,72.57
191.64,71.88
191.68,72.28
191.72,74.28
191.76,72.62
191.80,75.27
191.84,73.32
191.88,73.63
191.92,73.02
191.96,74.19
192.00,74.02
192.04,73.73
192.08,74.43
192.12,74.77
192.16,75.63
192.20,74.83
192.24,74.62
192.28,76.54
192.32,74.13
192.36,74.94
192.40,76.06
192.44,78.90
192.48,74.86
192.52,76.04
192.56,76.14
192.60,74.89
192.64,76.00
192.68,76.50
192.72,76.86
192.76,76.56
192.80,77.13
192.84,77.15
192.88,76.20
192.92,77.76
192.96,77.36
193.00,78.41
193.04,76.26
193.08,75.99
193.12,76.38
193.16,77.56
193.20,76.78
193.24,77.23
193.28,75.68
193.32,75.53
193.36,77.21
193.40,76.11
193.44,77.27
193.48,76.92
193.52,75.48
193.56,76.39
193.60,75.21
193.64,76.62
193.68,75.29
193.72,75.88
193.76,75.31
193.80,75.09
193.84,75.91
193.88,75.40
193.92,74.49
193.96,73.55
194.00,74.77
194.04,74.62
194.08,75.14
194.12,74.08
194.16,72.08
194.20,73.36
194.24,72.99
194.28,73.27
194.32,72.53
194.36,73.63
194.40,72.77
194.44,72.35
194.48,72.25
194.52,71.26
194.56,71.60
194.60,69.64
194.64,70.05
194.68,69.34
194.72,70.14
194.76,68.76
194.80,67.43
194.84,67.48
194.88,69.65
194.92,68.13
194.96,67.43
195.00,68.00
195.04,65.88
195.08,66.86
195.12,66.26
195.16,67.40
195.20,66.41
195.24,66.35
195.28,67.06
195.32,68.44
195.36,67.46
195.40,67.74
195.44,66.75
195.48,68.24
195.52,68.38
195.56,71.65
195.60,71.33
195.64,72.19
195.68,75.44
195.72,76.99
195.76,78.46
195.80,79.48
195.84,80.27
195.88,80.72
195.92,81.89
195.96,84.68
196.00,84.60
196.04,84.04
196.08,88.16
196.12,86.77
196.16,88.83
196.20,88.82
196.24,88.80
196.28,88.77
196.32,89.52
196.36,90.12
196.40,91.54
196.44,92.08
196.48,92.62
196.52,93.09
196.56,93.08
196.60,92.33
196.64,93.91
196.68,94.31
196.72,94.45
196.76,94.16
196.80,94.42
196.84,95.71
196.88,94.84
196.92,95.01
196.96,96.34
197.00,93.26
197.04,95.22
197.08,95.58
197.12,96.27
197.16,96.56
197.20,94.77
197.24,97.94
197.28,95.86
197.32,93.34
197.36,94.13
197.40,93.56
197.44,94.89
197.48,95.49
197.52,93.03
197.56,93.63
197.60,95.66
197.64,93.96
197.68,94.12
197.72,93.71
197.76,93.83
197.80,92.35
197.84,94.44
197.88,92.51
197.92,92.69
197.96,92.35
198.00,92.05
198.04,90.96
198.08,91.27
198.12,91.76
198.16,91.57
198.20,89.44
198.24,91.27
198.28,91.36
198.32,91.35
198.36,89.66
198.40,91.77
198.44,89.20
198.48,88.78
198.52,89.67
198.56,88.48
198.60,88.75
198.64,88.44
198.68,88.23
198.72,87.51
198.76,86.64
198.80,87.10
198.84,88.00
198.88,86.37
198.92,88.20
198.96,87.65
199.00,87.09
199.04,85.95
199.08,86.83
199.12,87.57
199.16,86.13
199.20,87.92
199.24,87.84
199.28,85.74
199.32,85.49
199.36,86.82
199.40,86.61
199.44,87.76
199.48,85.61
199.52,86.27
199.56,87.89
199.60,86.94
199.64,86.62
199.68,87.96
199.72,86.71
199.76,87.36
199.80,87.34
199.84,87.71
199.88,88.53
199.92,88.55
199.96,86.21
200.00,88.27
200.04,87.77
200.08,88.27
200.12,88.11
200.16,87.84
200.20,88.62
200.24,90.00
200.28,88.25
200.32,90.63
200.36,90.36
200.40,88.64
200.44,88.47
200.48,89.09
200.52,91.20
200.56,88.68
200.60,89.21
200.64,90.83
200.68,89.15
200.72,90.70
200.76,88.02
200.80,91.03
200.84,89.00
200.88,88.00
200.92,89.10
200.96,88.10
201.00,89.93
201.04,89.60
201.08,88.04
201.12,89.60
201.16,89.69
201.20,87.85
201.24,87.27
201.28,90.13
201.32,88.52
201.36,89.23
201.40,89.21
201.44,87.67
201.48,87.99
201.52,87.66
201.56,87.52
201.60,86.14
201.64,88.38
201.68,88.14
201.72,85.84
201.76,85.05
201.80,85.86
201.84,86.14
201.88,86.40
201.92,85.22
201.96,84.98
202.00,85.13
202.04,85.25
202.08,85.25
202.12,84.96
202.16,84.97
202.20,83.88
202.24,83.75
202.28,82.43
202.32,83.65
202.36,83.36
202.40,83.12
202.44,81.85
202.48,81.49
202.52,81.33
202.56,81.29
202.60,82.02
202.64,80.98
202.68,82.26
202.72,81.89
202.76,81.38
202.80,80.18
202.84,79.50
202.88,80.10
202.92,79.81
202.96,79.86
203.00,81.02
203.04,79.65
203.08,79.74
203.12,80.49
203.16,81.80
203.20,80.48
203.24,79.87
203.28,78.45
203.32,80.54
203.36,78.14
203.40,82.64
203.44,78.46
203.48,80.61
203.52,81.42
203.56,82.94
203.60,81.07
203.64,82.52
203.68,81.28
203.72,81.64
203.76,81.29
203.80,78.52
203.84,81.53
203.88,81.97
203.92,82.79
203.96,83.38
204.00,82.46
204.04,83.85
204.08,83.19
204.12,83.39
204.16,82.49
204.20,82.64
204.24,83.94
204.28,84.26
204.32,83.31
204.36,84.56
204.40,83.59
204.44,83.07
204.48,83.96
204.52,84.65
204.56,83.52
204.60,83.06
204.64,83.39
204.68,84.19
204.72,86.25
204.76,84.15
204.80,85.11
204.84,84.39
204.88,85.72
204.92,85.37
204.96,84.52
205.00,84.50
205.04,85.73
205.08,84.42
205.12,83.84
205.16,83.45
205.20,84.31
205.24,85.07
205.28,84.13
205.32,84.56
205.36,84.55
205.40,83.94
205.44,85.46
205.48,83.07
205.52,84.30
205.56,83.27
205.60,82.69
205.64,81.83
205.68,83.72
205.72,82.81
205.76,81.93
205.80,83.07
205.84,80.88
205.88,81.29
205.92,81.47
205.96,80.65
206.00,82.19
206.04,81.44
206.08,81.23
206.12,80.37
206.16,79.74
206.20,79.56
206.24,80.51
206.28,80.73
206.32,78.91
206.36,78.80
206.40,78.28
206.44,78.34
206.48,77.63
206.52,79.29
206.56,79.63
206.60,79.04
206.64,77.43
206.68,77.94
206.72,77.58
206.76,77.25
206.80,76.67
206.84,78.19
206.88,77.99
206.92,77.32
206.96,77.19
207.00,76.96
207.04,76.71
207.08,76.22
207.12,77.95
207.16,76.76
207.20,76.73
207.24,77.11
207.28,76.86
207.32,76.95
207.36,78.00
207.40,77.78
207.44,79.34
207.48,77.80
207.52,79.18
207.56,77.77
207.60,79.50
207.64,79.79
207.68,79.07
207.72,79.08
207.76,80.11
207.80,79.40
207.84,80.07
207.88,78.23
207.92,79.13
207.96,79.48
208.00,79.13
208.04,79.63
208.08,81.46
208.12,83.11
208.16,79.59
208.20,81.36
208.24,81.42
208.28,82.18
208.32,79.66
208.36,80.31
208.40,81.18
208.44,80.40
208.48,83.00
208.52,81.70
208.56,81.95
208.60,83.20
208.64,82.57
208.68,81.91
208.72,81.79
208.76,83.35
208.80,81.86
208.84,81.53
208.88,81.89
208.92,83.12
208.96,82.13
209.00,83.44
209.04,80.95
209.08,82.48
209.12,82.80
209.16,83.47
209.20,82.72
209.24,81.95
209.28,83.67
209.32,81.91
209.36,81.15
209.40,81.98
209.44,82.77
209.48,82.31
209.52,84.12
209.56,81.18
209.60,79.92
209.64,81.37
209.68,79.40
209.72,80.68
209.76,81.32
209.80,80.90
209.84,79.51
209.88,81.31
209.92,79.94
209.96,80.69
210.00,80.91
210.04,78.78
210.08,76.18
210.12,78.99
210.16,79.39
210.20,77.93
210.24,79.30
210.28,79.62
210.32,78.83
210.36,77.30
210.40,77.76
210.44,77.22
210.48,77.16
210.52,77.80
210.56,76.81
210.60,77.43
210.64,76.64
210.68,77.54
210.72,75.18
210.76,75.69
210.80,77.43
210.84,75.43
210.88,77.18
210.92,74.71
210.96,74.97
211.00,76.45
211.04,74.81
211.08,75.30
211.12,76.79
211.16,75.58
211.20,76.23
211.24,76.09
211.28,76.59
211.32,77.61
211.36,74.63
211.40,76.90
211.44,76.99
211.48,77.31
211.52,77.35
211.56,77.13
211.60,76.44
211.64,77.15
211.68,76.17
211.72,77.33
211.76,77.62
211.80,77.83
211.84,77.08
211.88,77.10
211.92,77.33
211.96,79.57
212.00,78.33
212.04,79.74
212.08,78.00
212.12,77.68
212.16,80.14
212.20,79.46
212.24,80.13
212.28,79.08
212.32,81.02
212.36,79.24
212.40,79.96
212.44,79.07
212.48,79.52
212.52,80.65
212.56,81.06
212.60,81.03
212.64,80.88
212.68,82.25
212.72,81.61
212.76,81.07
212.80,80.70
212.84,82.50
212.88,80.47
212.92,79.20
212.96,81.84
213.00,80.36
213.04,81.89
213.08,80.77
213.12,81.44
213.16,81.81
213.20,82.38
213.24,80.87
213.28,81.32
213.32,81.19
213.36,81.36
213.40,80.63
213.44,80.25
213.48,80.32
213.52,79.37
213.56,80.03
213.60,79.76
213.64,79.91
213.68,79.44
213.72,79.28
213.76,78.88
213.80,79.50
213.84,77.06
213.88,78.21
213.92,79.25
213.96,77.64
214.00,78.03
214.04,76.97
214.08,78.01
214.12,77.51
214.16,76.75
214.20,77.57
214.24,75.26
214.28,76.15
214.32,75.00
214.36,76.50
214.40,75.67
214.44,75.07
214.48,74.16
214.52,75.90
214.56,75.32
214.60,75.28
214.64,76.06
214.68,76.38
214.72,74.81
214.76,74.60
214.80,73.65
214.84,73.52
214.88,74.21
214.92,74.57
214.96,76.09
215.00,74.53
215.04,74.45
215.08,74.56
215.12,74.19
215.16,73.60
215.20,73.96
215.24,73.83
215.28,74.34
215.32,75.29
215.36,75.88
215.40,76.07
215.44,74.72
215.48,76.32
215.52,73.97
215.56,75.08
215.60,76.15
215.64,75.67
215.68,75.95
215.72,75.75
215.76,75.68
215.80,74.71
215.84,76.52
215.88,75.91
215.92,76.75
215.96,77.92
216.00,76.33
216.04,77.22
216.08,77.94
216.12,76.88
216.16,77.09
216.20,78.40
216.24,77.61
216.28,77.60
216.32,79.10
216.36,77.90
216.40,78.01
216.44,78.00
216.48,78.64
216.52,77.85
216.56,78.62
216.60,80.24
216.64,79.76
216.68,78.83
216.72,80.97
216.76,79.09
216.80,80.00
216.84,79.27
216.88,80.54
216.92,79.77
216.96,78.89
217.00,80.24
217.04,78.90
217.08,79.62
217.12,79.30
217.16,79.90
217.20,79.44
217.24,78.29
217.28,77.89
217.32,78.51
217.36,79.66
217.40,78.77
217.44,80.42
217.48,79.11
217.52,78.26
217.56,78.71
217.60,78.92
217.64,77.40
217.68,78.54
217.72,76.37
217.76,77.82
217.80,77.47
217.84,77.27
217.88,76.68
217.92,76.19
217.96,76.60
218.00,77.34
218.04,75.43
218.08,76.44
218.12,76.75
218.16,76.01
218.20,75.53
218.24,75.16
218.28,75.69
218.32,73.66
218.36,74.98
218.40,73.46
218.44,73.51
218.48,73.37
218.52,72.74
218.56,73.35
218.60,73.71
218.64,74.35
218.68,74.95
218.72,74.73
218.76,73.73
218.80,73.42
218.84,72.96
218.88,71.72
218.92,73.92
218.96,72.30
219.00,72.66
219.04,72.01
219.08,73.79
219.12,72.00
219.16,73.05
219.20,72.54
219.24,73.61
219.28,71.37
219.32,71.97
219.36,73.52
219.40,72.30
219.44,72.21
219.48,72.10
219.52,73.44
219.56,73.60
219.60,72.46
219.64,73.96
219.68,74.25
219.72,74.99
219.76,75.42
219.80,74.93
219.84,74.82
219.88,74.97
219.92,74.52
219.96,76.02
220.00,75.41
220.04,74.01
220.08,76.23
220.12,74.78
220.16,75.20
220.20,75.00
220.24,75.75
220.28,76.86
220.32,77.66
220.36,77.33
220.40,77.58
220.44,76.94
220.48,76.69
220.52,77.34
220.56,77.41
220.60,77.31
220.64,78.05
220.68,76.81
220.72,77.36
220.76,76.85
220.80,78.36
220.84,77.95
220.88,78.89
220.92,78.58
220.96,77.58
221.00,77.09
221.04,77.33
221.08,75.91
221.12,77.50
221.16,77.36
221.20,77.85
221.24,78.18
221.28,77.58
221.32,75.83
221.36,77.37
221.40,77.01
221.44,74.81
221.48,75.95
221.52,76.43
221.56,77.27
221.60,76.03
221.64,75.36
221.68,75.11
221.72,74.73
221.76,75.69
221.80,76.85
221.84,75.93
221.88,75.78
221.92,72.90
221.96,73.27
222.00,74.47
222.04,71.81
222.08,73.80
222.12,73.51
222.16,69.84
222.20,72.91
222.24,73.41
222.28,72.49
222.32,71.44
222.36,72.49
222.40,71.69
222.44,72.20
222.48,71.24
222.52,72.32
222.56,69.85
222.60,72.54
222.64,70.80
222.68,69.55
222.72,72.44
222.76,70.93
222.80,70.34
222.84,70.87
222.88,71.51
222.92,69.14
222.96,70.80
223.00,71.15
223.04,70.06
223.08,70.50
223.12,69.96
223.16,70.97
223.20,71.56
223.24,69.56
223.28,70.24
223.32,68.86
223.36,71.33
223.40,69.90
223.44,71.28
223.48,70.38
223.52,70.56
223.56,71.85
223.60,71.19
223.64,72.01
223.68,70.67
223.72,72.46
223.76,71.84
223.80,72.99
223.84,73.50
223.88,73.27
223.92,71.99
223.96,73.70
224.00,71.08
224.04,72.19
224.08,72.70
224.12,73.91
224.16,73.13
224.20,75.88
224.24,73.60
224.28,72.82
224.32,72.22
224.36,73.97
224.40,74.88
224.44,73.90
224.48,74.19
224.52,75.33
224.56,75.81
224.60,75.04
224.64,74.70
224.68,77.17
224.72,75.53
224.76,75.95
224.80,75.25
224.84,74.16
224.88,75.33
224.92,76.16
224.96,77.57
225.00,75.22
225.04,73.82
225.08,77.34
225.12,76.51
225.16,75.87
225.20,74.78
225.24,75.42
225.28,75.36
225.32,76.44
225.36,74.26
225.40,73.35
225.44,74.80
225.48,74.47
225.52,74.31
225.56,73.69
225.60,74.51
225.64,73.62
225.68,74.16
225.72,73.29
225.76,73.70
225.80,72.21
225.84,72.37
225.88,72.78
225.92,73.12
225.96,71.29
226.00,72.79
226.04,70.92
226.08,71.58
226.12,73.33
226.16,71.66
226.20,72.75
226.24,71.58
226.28,70.88
226.32,71.36
226.36,69.01
226.40,70.20
226.44,71.06
226.48,70.73
226.52,71.05
226.56,69.85
226.60,71.23
226.64,68.73
226.68,69.35
226.72,70.91
226.76,68.42
226.80,70.82
226.84,69.81
226.88,68.44
226.92,71.10
226.96,69.87
227.00,69.88
227.04,70.05
227.08,70.19
227.12,67.78
227.16,68.72
227.20,67.79
227.24,70.48
227.28,69.49
227.32,70.38
227.36,70.10
227.40,71.77
227.44,70.77
227.48,70.53
227.52,70.22
227.56,68.39
227.60,70.81
227.64,70.09
227.68,71.82
227.72,70.40
227.76,69.49
227.80,71.46
227.84,71.84
227.88,70.34
227.92,71.96
227.96,70.29
228.00,71.58
228.04,72.11
228.08,72.36
228.12,71.58
228.16,72.95
228.20,72.53
228.24,72.63
228.28,72.79
228.32,71.32
228.36,73.10
228.40,74.78
228.44,72.65
228.48,74.32
228.52,72.73
228.56,73.14
228.60,74.81
228.64,74.60
228.68,74.78
228.72,75.45
228.76,73.63
228.80,76.73
228.84,75.66
228.88,74.83
228.92,73.17
228.96,74.64
229.00,73.89
229.04,75.39
229.08,75.59
229.12,73.99
229.16,74.13
229.20,74.83
229.24,75.07
229.28,75.03
229.32,74.99
229.36,73.69
229.40,73.76
229.44,71.43
229.48,72.15
229.52,74.35
229.56,73.53
229.60,71.73
229.64,72.58
229.68,71.89
229.72,73.50
229.76,71.79
229.80,73.13
229.84,72.57
229.88,72.38
229.92,72.37
229.96,73.14
230.00,72.26
230.04,70.70
230.08,73.06
230.12,71.21
230.16,72.23
230.20,70.58
230.24,70.26
230.28,70.35
230.32,71.18
230.36,69.28
230.40,71.14
230.44,70.88
230.48,69.07
230.52,70.80
230.56,70.02
230.60,68.75
230.64,68.58
230.68,68.78
230.72,69.24
230.76,70.29
230.80,70.59
230.84,69.29
230.88,68.23
230.92,68.41
230.96,69.22
231.00,66.94
231.04,68.44
231.08,66.84
231.12,69.36
231.16,68.78
231.20,68.39
231.24,68.30
231.28,69.05
231.32,69.31
231.36,70.11
231.40,67.78
231.44,69.16
231.48,69.61
231.52,69.68
231.56,68.68
231.60,71.22
231.64,70.93
231.68,71.02
231.72,69.24
231.76,70.48
231.80,69.41
231.84,70.72
231.88,71.08
231.92,71.97
231.96,72.48
232.00,72.50
232.04,71.00
232.08,71.93
232.12,72.84
232.16,71.28
232.20,71.84
232.24,71.63
232.28,73.52
232.32,73.48
232.36,74.22
232.40,74.07
232.44,75.14
232.48,72.70
232.52,74.30
232.56,74.97
232.60,74.97
232.64,73.75
232.68,72.78
232.72,74.34
232.76,77.03
232.80,73.78
232.84,74.43
232.88,74.74
232.92,76.11
232.96,75.11
233.00,75.11
233.04,75.29
233.08,74.17
233.12,74.25
233.16,74.64
233.20,73.90
233.24,74.13
233.28,72.97
233.32,75.41
233.36,74.44
233.40,73.37
233.44,74.18
233.48,73.06
233.52,73.41
233.56,75.05
233.60,75.73
233.64,73.46
233.68,73.36
233.72,72.09
233.76,72.75
233.80,72.43
233.84,74.16
233.88,72.08
233.92,72.38
233.96,71.39
234.00,71.53
234.04,73.66
234.08,72.00
234.12,72.98
234.16,69.23
234.20,70.87
234.24,73.27
234.28,69.78
234.32,70.34
234.36,69.72
234.40,70.88
234.44,70.68
234.48,69.34
234.52,68.64
234.56,69.90
234.60,70.36
234.64,69.70
234.68,69.25
234.72,69.09
234.76,69.21
234.80,69.72
234.84,68.77
234.88,69.12
234.92,68.19
234.96,69.20
235.00,68.95
235.04,69.33
235.08,69.47
235.12,68.70
235.16,69.42
235.20,69.38
235.24,69.94
235.28,70.03
235.32,69.58
235.36,67.74
235.40,69.37
235.44,69.90
235.48,70.61
235.52,70.78
235.56,70.39
235.60,71.99
235.64,69.79
235.68,71.34
235.72,71.51
235.76,70.96
235.80,71.36
235.84,72.13
235.88,71.99
235.92,73.00
235.96,72.31
236.00,72.93
236.04,74.31
236.08,70.84
236.12,73.47
236.16,75.26
236.20,73.82
236.24,73.30
236.28,71.87
236.32,73.54
236.36,73.31
236.40,74.22
236.44,74.60
236.48,75.61
236.52,73.95
236.56,74.73
236.60,75.82
236.64,75.21
236.68,73.85
236.72,75.27
236.76,75.67
236.80,75.57
236.84,74.62
236.88,76.95
236.92,74.56
236.96,75.74
237.00,76.95
237.04,76.54
237.08,76.72
237.12,76.91
237.16,78.23
237.20,74.67
237.24,76.47
237.28,76.08
237.32,74.66
237.36,74.99
237.40,76.83
237.44,74.54
237.48,73.80
237.52,73.11
237.56,74.78
237.60,74.06
237.64,75.29
237.68,74.22
237.72,75.19
237.76,71.62
237.80,73.83
237.84,73.02
237.88,74.56
237.92,74.68
237.96,73.94
238.00,72.76
238.04,72.87
238.08,74.44
238.12,71.93
238.16,72.41
238.20,71.90
238.24,70.73
238.28,71.26
238.32,70.75
238.36,71.59
238.40,72.39
238.44,72.44
238.48,69.73
238.52,71.55
238.56,70.39
238.60,71.49
238.64,70.54
238.68,72.41
238.72,70.06
238.76,71.36
238.80,71.60
238.84,70.25
238.88,70.75
238.92,70.41
238.96,71.01
239.00,70.63
239.04,70.64
239.08,70.44
239.12,69.66
239.16,72.95
239.20,69.90
239.24,71.02
239.28,71.71
239.32,70.47
239.36,71.03
239.40,70.60
239.44,70.76
239.48,72.06
239.52,70.79
239.56,72.00
239.60,72.83
239.64,72.58
239.68,73.09
239.72,71.84
239.76,70.77
239.80,72.71
239.84,71.43
239.88,73.27
239.92,73.18
239.96,73.85
240.00,73.98
240.04,76.33
240.08,73.84
240.12,75.93
240.16,76.60
240.20,72.76
240.24,75.43
240.28,75.67
240.32,76.99
240.36,76.57
240.40,75.69
240.44,75.50
240.48,77.20
240.52,75.22
240.56,75.59
240.60,76.82
240.64,78.50
240.68,75.32
240.72,74.77
240.76,77.07
240.80,77.71
240.84,77.07
240.88,77.05
240.92,77.56
240.96,78.08
241.00,78.19
241.04,76.88
241.08,77.24
241.12,76.95
241.16,77.48
241.20,75.54
241.24,77.09
241.28,75.85
241.32,79.93
241.36,77.07
241.40,76.60
241.44,78.04
241.48,76.97
241.52,76.21
241.56,76.21
241.60,76.09
241.64,76.83
241.68,74.97
241.72,76.73
241.76,76.27
241.80,75.94
241.84,74.82
241.88,74.68
241.92,76.41
241.96,75.04
242.00,73.43
242.04,74.56
242.08,74.55
242.12,74.18
242.16,75.02
242.20,74.70
242.24,74.11
242.28,72.69
242.32,73.18
242.36,73.07
242.40,73.74
242.44,72.66
242.48,71.50
242.52,72.56
242.56,73.41
242.60,72.59
242.64,73.38
242.68,74.15
242.72,72.74
242.76,69.87
242.80,71.92
242.84,72.46
242.88,72.73
242.92,71.77
242.96,72.92
243.00,71.10
243.04,72.03
243.08,71.47
243.12,72.93
243.16,71.72
243.20,73.31
243.24,72.99
243.28,72.08
243.32,72.72
243.36,72.39
243.40,73.75
243.44,73.04
243.48,73.97
243.52,73.24
243.56,72.59
243.60,73.19
243.64,73.60
243.68,74.66
243.72,74.04
243.76,73.39
243.80,75.32
243.84,74.18
243.88,75.77
243.92,74.75
243.96,76.20
244.00,74.13
244.04,76.78
244.08,76.55
244.12,77.34
244.16,77.34
244.20,77.13
244.24,76.10
244.28,76.59
244.32,76.73
244.36,77.29
244.40,77.87
244.44,77.65
244.48,76.44
244.52,78.24
244.56,77.57
244.60,77.55
244.64,77.53
244.68,78.93
244.72,78.47
244.76,78.15
244.80,78.57
244.84,77.73
244.88,79.88
244.92,82.04
244.96,79.70
245.00,78.91
245.04,79.40
245.08,79.69
245.12,79.77
245.16,78.79
245.20,77.94
245.24,78.75
245.28,76.71
245.32,80.02
245.36,79.56
245.40,81.31
245.44,80.20
245.48,78.69
245.52,78.85
245.56,77.91
245.60,77.69
245.64,78.61
245.68,78.34
245.72,76.55
245.76,76.96
245.80,77.82
245.84,75.91
245.88,78.82
245.92,76.57
245.96,75.59
246.00,77.23
246.04,76.86
246.08,75.17
246.12,77.51
246.16,76.42
246.20,77.09
246.24,75.39
246.28,76.33
246.32,76.44
246.36,76.48
246.40,76.42
246.44,76.33
246.48,74.25
246.52,74.57
246.56,74.18
246.60,73.79
246.64,75.90
246.68,73.86
246.72,74.72
246.76,73.94
246.80,75.54
246.84,72.72
246.88,74.45
246.92,74.41
246.96,73.63
247.00,74.68
247.04,75.32
247.08,75.82
247.12,74.34
247.16,73.73
247.20,74.12
247.24,74.12
247.28,72.99
247.32,73.35
247.36,75.51
247.40,76.00
247.44,75.06
247.48,75.34
247.52,75.00
247.56,73.66
247.60,76.49
247.64,75.04
247.68,77.48
247.72,75.24
247.76,76.59
247.80,75.77
247.84,76.04
247.88,76.73
247.92,78.18
247.96,75.75
248.00,78.55
248.04,77.53
248.08,77.46
248.12,79.29
248.16,77.61
248.20,78.52
248.24,78.94
248.28,79.26
248.32,80.60
248.36,79.46
248.40,79.01
248.44,78.99
248.48,79.92
248.52,79.09
248.56,80.49
248.60,79.15
248.64,81.58
248.68,81.22
248.72,79.12
248.76,80.76
248.80,79.66
248.84,80.78
248.88,79.81
248.92,80.47
248.96,81.16
249.00,80.34
249.04,80.75
249.08,80.90
249.12,79.56
249.16,83.03
249.20,80.56
249.24,80.86
249.28,79.82
249.32,81.33
249.36,79.86
249.40,79.32
249.44,80.10
249.48,78.91
249.52,80.50
249.56,78.97
249.60,79.98
249.64,81.48
249.68,80.97
249.72,79.67
249.76,78.75
249.80,80.57
249.84,79.11
249.88,78.76
249.92,78.49
249.96,79.77
250.00,77.59
250.04,77.77
250.08,75.99
250.12,77.79
250.16,78.34
250.20,76.78
250.24,77.25
250.28,77.07
250.32,77.09
250.36,75.45
250.40,77.34
250.44,76.20
250.48,75.49
250.52,74.15
250.56,75.87
250.60,77.49
250.64,77.52
250.68,76.05
250.72,75.45
250.76,76.42
250.80,76.39
250.84,76.76
250.88,75.61
250.92,76.48
250.96,75.44
251.00,75.38
251.04,74.95
251.08,75.91
251.12,74.85
251.16,74.48
251.20,75.84
251.24,76.33
251.28,76.21
251.32,75.31
251.36,75.67
251.40,76.33
251.44,76.60
251.48,76.71
251.52,77.07
251.56,78.00
251.60,75.78
251.64,77.42
251.68,77.97
251.72,78.22
251.76,78.81
251.80,78.12
251.84,78.65
251.88,80.16
251.92,78.05
251.96,79.51
252.00,76.88
252.04,77.84
252.08,76.44
252.12,77.41
252.16,77.45
252.20,75.74
252.24,77.98
252.28,76.77
252.32,75.44
252.36,75.78
252.40,76.13
252.44,76.34
252.48,76.53
252.52,76.88
252.56,77.42
252.60,75.96
252.64,77.21
252.68,77.13
252.72,77.99
252.76,77.92
252.80,79.15
252.84,78.90
252.88,77.99
252.92,77.54
252.96,79.92
253.00,79.98
253.04,82.21
253.08,83.48
253.12,83.43
253.16,85.31
253.20,84.68
253.24,87.80
253.28,87.24
253.32,89.33
253.36,88.46
253.40,89.38
253.44,89.70
253.48,90.29
253.52,91.30
253.56,92.00
253.60,91.95
253.64,93.16
253.68,92.04
253.72,91.84
253.76,92.09
253.80,92.21
253.84,91.00
253.88,94.26
253.92,92.91
253.96,91.61
254.00,92.25
254.04,91.56
254.08,94.30
254.12,92.30
254.16,93.45
254.20,92.88
254.24,92.50
254.28,92.47
254.32,91.95
254.36,92.66
254.40,90.94
254.44,91.90
254.48,91.75
254.52,91.02
254.56,91.18
254.60,91.72
254.64,91.96
254.68,90.10
254.72,91.72
254.76,93.84
254.80,91.46
254.84,91.35
254.88,90.73
254.92,89.88
254.96,90.94
255.00,90.64
255.04,91.35
255.08,91.04
255.12,89.53
255.16,89.46
255.20,89.03
255.24,89.55
255.28,90.84
255.32,90.49
255.36,90.51
255.40,91.31
255.44,91.31
255.48,90.78
255.52,92.23
255.56,91.57
255.60,90.09
255.64,91.51
255.68,90.30
255.72,92.23
255.76,91.78
255.80,91.36
255.84,91.85
255.88,91.69
255.92,91.35
255.96,92.12
256.00,91.88
256.04,92.25
256.08,91.94
256.12,91.70
256.16,91.97
256.20,92.49
256.24,92.28
256.28,91.94
256.32,93.14
256.36,92.97
256.40,92.87
256.44,93.05
256.48,92.46
256.52,93.36
256.56,92.69
256.60,92.68
256.64,92.00
256.68,92.76
256.72,92.68
256.76,93.49
256.80,92.54
256.84,92.98
256.88,92.73
256.92,91.87
256.96,93.40
257.00,91.83
257.04,92.91
257.08,91.87
257.12,92.34
257.16,92.92
257.20,91.93
257.24,92.09
257.28,92.18
257.32,91.02
257.36,90.74
257.40,91.13
257.44,91.55
257.48,90.13
257.52,90.79
257.56,90.16
257.60,89.84
257.64,90.02
257.68,88.23
257.72,89.60
257.76,89.14
257.80,89.18
257.84,88.91
257.88,89.39
257.92,88.26
257.96,87.29
258.00,89.16
258.04,88.71
258.08,86.68
258.12,85.36
258.16,86.58
258.20,85.51
258.24,86.49
258.28,86.19
258.32,87.51
258.36,85.13
258.40,84.79
258.44,86.47
258.48,84.18
258.52,84.38
258.56,82.43
258.60,84.49
258.64,83.54
258.68,82.87
258.72,82.37
258.76,83.08
258.80,84.50
258.84,83.05
258.88,81.02
258.92,83.60
258.96,81.93
259.00,80.54
259.04,82.37
259.08,81.54
259.12,81.80
259.16,82.85
259.20,82.17
259.24,81.36
259.28,81.63
259.32,82.74
259.36,82.42
259.40,81.99
259.44,83.00
259.48,82.66
259.52,81.46
259.56,82.95
259.60,82.20
259.64,82.32
259.68,82.45
259.72,83.17
259.76,81.65
259.80,82.03
259.84,82.33
259.88,83.76
259.92,83.85
259.96,85.17
260.00,82.77
260.04,83.18
260.08,84.06
260.12,85.27
260.16,84.29
260.20,83.77
260.24,84.09
260.28,83.71
260.32,84.43
260.36,84.98
260.40,85.92
260.44,85.50
260.48,83.22
260.52,86.82
260.56,84.99
260.60,84.95
260.64,85.87
260.68,86.06
260.72,85.00
260.76,84.31
260.80,84.31
260.84,84.31
260.88,84.58
260.92,84.96
260.96,83.73
261.00,84.79
261.04,86.43
261.08,84.82
261.12,83.77
261.16,85.35
261.20,83.80
261.24,85.10
261.28,84.83
261.32,85.31
261.36,84.25
261.40,83.57
261.44,83.20
261.48,82.80
261.52,82.54
261.56,83.77
261.60,84.00
261.64,82.66
261.68,81.56
261.72,82.07
261.76,80.42
261.80,83.22
261.84,81.60
261.88,81.60
261.92,80.97
261.96,81.03
262.00,79.30
262.04,80.22
262.08,78.16
262.12,79.91
262.16,78.97
262.20,80.05
262.24,80.56
262.28,78.63
262.32,79.61
262.36,78.56
262.40,79.54
262.44,79.66
262.48,78.59
262.52,78.25
262.56,78.99
262.60,79.18
262.64,78.16
262.68,77.70
262.72,78.87
262.76,76.28
262.80,77.50
262.84,78.90
262.88,76.65
262.92,76.38
262.96,77.89
263.00,77.35
263.04,75.93
263.08,76.65
263.12,75.67
263.16,76.34
263.20,76.33
263.24,77.18
263.28,77.35
263.32,75.66
263.36,76.50
263.40,75.61
263.44,76.88
263.48,77.21
263.52,77.76
263.56,78.22
263.60,75.92
263.64,77.08
263.68,79.29
263.72,76.93
263.76,77.59
263.80,77.53
263.84,77.94
263.88,77.01
263.92,76.95
263.96,78.28
264.00,78.47
264.04,79.06
264.08,78.63
264.12,80.34
264.16,78.67
264.20,79.96
264.24,79.59
264.28,79.37
264.32,79.59
264.36,81.09
264.40,78.24
264.44,80.79
264.48,81.75
264.52,79.49
264.56,80.28
264.60,80.13
264.64,79.88
264.68,80.36
264.72,79.78
264.76,79.73
264.80,81.33
264.84,82.10
264.88,80.47
264.92,80.62
264.96,79.43
265.00,81.05
265.04,79.99
265.08,80.54
265.12,80.87
265.16,80.39
265.20,80.06
265.24,82.79
265.28,79.93
265.32,79.64
265.36,80.85
265.40,79.25
265.44,79.51
265.48,79.15
265.52,79.42
265.56,80.40
265.60,78.38
265.64,77.26
265.68,78.08
265.72,80.30
265.76,77.89
265.80,79.29
265.84,77.32
265.88,77.90
265.92,78.94
265.96,78.52
266.00,78.24
266.04,75.87
266.08,76.79
266.12,76.59
266.16,75.16
266.20,75.31
266.24,76.05
266.28,75.83
266.32,76.42
266.36,74.38
266.40,75.73
266.44,75.15
266.48,75.84
266.52,74.60
266.56,73.67
266.60,72.83
266.64,74.72
266.68,73.85
266.72,72.29
266.76,73.22
266.80,72.38
266.84,72.22
266.88,72.34
266.92,73.83
266.96,72.97
267.00,72.85
267.04,73.72
267.08,73.49
267.12,72.90
267.16,73.49
267.20,73.50
267.24,73.04
267.28,73.99
267.32,74.10
267.36,74.98
267.40,73.04
267.44,73.47
267.48,74.08
267.52,72.43
267.56,73.91
267.60,75.62
267.64,74.45
267.68,75.33
267.72,74.59
267.76,74.36
267.80,75.55
267.84,75.31
267.88,74.69
267.92,75.21
267.96,75.09
268.00,75.73
268.04,77.11
268.08,76.25
268.12,76.52
268.16,75.78
268.20,76.41
268.24,77.27
268.28,77.87
268.32,78.34
268.36,76.72
268.40,78.24
268.44,77.14
268.48,77.37
268.52,76.39
268.56,78.25
268.60,79.25
268.64,79.20
268.68,78.68
268.72,78.95
268.76,80.81
268.80,78.68
268.84,77.57
268.88,77.79
268.92,78.88
268.96,78.69
269.00,80.04
269.04,78.22
269.08,77.84
269.12,79.79
269.16,78.55
269.20,77.00
269.24,77.00
269.28,78.75
269.32,79.69
269.36,79.09
269.40,76.69
269.44,75.54
269.48,78.64
269.52,77.69
269.56,77.37
269.60,78.28
269.64,76.02
269.68,78.18
269.72,77.41
269.76,76.99
269.80,78.29
269.84,76.40
269.88,75.59
269.92,74.44
269.96,77.04
270.00,74.47
270.04,74.47
270.08,73.75
270.12,73.18
270.16,73.56
270.20,75.77
270.24,74.68
270.28,73.54
270.32,72.97
270.36,73.61
270.40,73.57
270.44,73.51
270.48,73.72
270.52,72.98
270.56,73.66
270.60,73.98
270.64,73.64
270.68,72.12
270.72,71.83
270.76,72.21
270.80,73.03
270.84,72.07
270.88,70.81
270.92,71.63
270.96,71.85
271.00,70.21
271.04,73.07
271.08,73.38
271.12,71.97
271.16,72.70
271.20,71.91
271.24,72.41
271.28,72.64
271.32,74.57
271.36,74.06
271.40,71.99
271.44,72.58
271.48,71.81
271.52,74.52
271.56,72.80
271.60,73.53
271.64,72.06
271.68,75.03
271.72,74.01
271.76,73.56
271.80,73.67
271.84,75.04
271.88,73.11
271.92,74.51
271.96,75.37
272.00,75.68
272.04,78.05
272.08,75.98
272.12,74.32
272.16,76.29
272.20,75.60
272.24,76.21
272.28,75.00
272.32,75.29
272.36,75.44
272.40,75.77
272.44,76.46
272.48,77.03
272.52,76.82
272.56,77.06
272.60,78.56
272.64,78.43
272.68,78.23
272.72,78.08
272.76,78.85
272.80,78.55
272.84,77.32
272.88,77.99
272.92,78.85
272.96,78.05
273.00,77.57
273.04,76.89
273.08,78.26
273.12,78.43
273.16,77.03
273.20,78.25
273.24,77.13
273.28,77.77
273.32,76.16
273.36,75.27
273.40,76.74
273.44,75.49
273.48,76.79
273.52,77.61
273.56,78.14
273.60,76.99
273.64,77.10
273.68,77.09
273.72,76.03
273.76,77.11
273.80,75.60
273.84,75.80
273.88,76.66
273.92,76.08
273.96,75.49
274.00,74.92
274.04,74.79
274.08,75.75
274.12,76.50
274.16,73.49
274.20,74.26
274.24,74.23
274.28,73.58
274.32,72.57
274.36,72.59
274.40,72.04
274.44,73.31
274.48,72.68
274.52,72.11
274.56,74.21
274.60,71.76
274.64,73.45
274.68,73.50
274.72,72.01
274.76,73.36
274.80,72.45
274.84,72.08
274.88,73.78
274.92,71.61
274.96,72.23
275.00,72.29
275.04,71.55
275.08,72.04
275.12,71.42
275.16,70.97
275.20,72.03
275.24,72.50
275.28,71.08
275.32,71.82
275.36,74.68
275.40,73.66
275.44,72.54
275.48,71.88
275.52,71.72
275.56,74.20
275.60,74.01
275.64,75.33
275.68,72.94
275.72,75.15
275.76,75.30
275.80,74.00
275.84,75.67
275.88,76.22
275.92,76.92
275.96,74.24
276.00,75.88
276.04,75.83
276.08,75.03
276.12,75.47
276.16,75.83
276.20,74.30
276.24,76.19
276.28,76.41
276.32,77.50
276.36,76.98
276.40,77.32
276.44,77.47
276.48,77.94
276.52,77.68
276.56,76.02
276.60,79.17
276.64,78.22
276.68,79.56
276.72,77.91
276.76,78.48
276.80,77.01
276.84,77.14
276.88,79.08
276.92,81.01
276.96,79.21
277.00,80.27
277.04,78.50
277.08,78.67
277.12,78.61
277.16,78.17
277.20,78.74
277.24,78.49
277.28,78.92
277.32,76.73
277.36,76.90
277.40,79.15
277.44,78.31
277.48,79.31
277.52,77.18
277.56,79.51
277.60,77.33
277.64,77.15
277.68,77.70
277.72,76.71
277.76,77.23
277.80,76.68
277.84,77.00
277.88,76.42
277.92,76.30
277.96,75.30
278.00,76.86
278.04,74.96
278.08,76.01
278.12,74.30
278.16,74.90
278.20,75.12
278.24,74.70
278.28,73.09
278.32,75.76
278.36,74.30
278.40,73.50
278.44,74.13
278.48,74.11
278.52,75.18
278.56,74.18
278.60,73.87
278.64,72.29
278.68,73.58
278.72,72.76
278.76,73.35
278.80,74.34
278.84,71.86
278.88,72.53
278.92,74.04
278.96,73.19
279.00,73.14
279.04,74.15
279.08,73.71
279.12,73.80
279.16,74.05
279.20,74.39
279.24,73.10
279.28,72.42
279.32,75.43
279.36,73.03
279.40,74.70
279.44,74.91
279.48,76.30
279.52,75.21
279.56,75.89
279.60,74.44
279.64,75.69
279.68,76.23
279.72,76.70
279.76,76.90
279.80,76.47
279.84,77.43
279.88,76.37
279.92,75.24
279.96,75.19
280.00,77.86
280.04,76.58
280.08,77.99
280.12,77.96
280.16,77.10
280.20,79.04
280.24,77.27
280.28,79.41
280.32,79.16
280.36,77.65
280.40,80.17
280.44,78.16
280.48,78.64
280.52,79.82
280.56,79.18
280.60,80.29
280.64,80.46
280.68,81.08
280.72,81.11
280.76,80.46
280.80,80.08
280.84,79.16
280.88,82.08
280.92,81.17
280.96,81.84
281.00,80.51
281.04,81.75
281.08,80.79
281.12,79.62
281.16,80.41
281.20,81.36
281.24,81.35
281.28,81.20
281.32,81.61
281.36,80.35
281.40,81.05
281.44,80.24
281.48,81.05
281.52,81.32
281.56,79.71
281.60,79.69
281.64,79.10
281.68,80.06
281.72,79.78
281.76,77.94
281.80,78.88
281.84,78.75
281.88,80.07
281.92,79.88
281.96,78.75
282.00,79.19
282.04,77.95
282.08,78.49
282.12,78.11
282.16,77.99
282.20,79.32
282.24,76.24
282.28,76.59
282.32,76.25
282.36,77.39
282.40,77.20
282.44,77.06
282.48,75.69
282.52,76.36
282.56,76.80
282.60,75.98
282.64,75.72
282.68,75.63
282.72,76.14
282.76,76.76
282.80,76.31
282.84,76.00
282.88,74.48
282.92,73.58
282.96,73.68
283.00,73.76
283.04,73.16
283.08,73.41
283.12,72.50
283.16,73.34
283.20,72.77
283.24,74.60
283.28,74.76
283.32,71.16
283.36,72.59
283.40,71.87
283.44,71.28
283.48,73.54
283.52,75.08
283.56,74.47
283.60,73.91
283.64,74.27
283.68,74.70
283.72,74.86
283.76,74.94
283.80,77.28
283.84,75.11
283.88,78.31
283.92,80.00
283.96,81.17
284.00,81.47
284.04,84.06
284.08,83.56
284.12,85.92
284.16,84.85
284.20,86.74
284.24,87.19
284.28,88.76
284.32,90.36
284.36,90.95
284.40,92.27
284.44,90.49
284.48,91.90
284.52,93.05
284.56,92.43
284.60,93.92
284.64,93.67
284.68,93.85
284.72,93.83
284.76,94.50
284.80,94.85
284.84,94.57
284.88,94.94
284.92,94.93
284.96,96.19
285.00,95.13
285.04,95.09
285.08,95.82
285.12,95.75
285.16,93.86
285.20,96.15
285.24,97.56
285.28,95.18
285.32,95.75
285.36,96.22
285.40,94.99
285.44,96.66
285.48,95.42
285.52,95.29
285.56,95.47
285.60,95.48
285.64,96.55
285.68,95.60
285.72,95.94
285.76,95.65
285.80,93.47
285.84,93.96
285.88,93.38
285.92,93.22
285.96,93.33
286.00,94.54
286.04,91.12
286.08,92.50
286.12,94.42
286.16,93.48
286.20,92.59
286.24,92.01
286.28,91.79
286.32,91.95
286.36,92.13
286.40,93.12
286.44,90.80
286.48,90.82
286.52,90.23
286.56,90.23
286.60,89.30
286.64,91.32
286.68,89.66
286.72,89.84
286.76,89.24
286.80,88.24
286.84,89.37
286.88,87.94
286.92,89.92
286.96,90.27
287.00,89.70
287.04,88.21
287.08,90.09
287.12,89.11
287.16,89.48
287.20,90.02
287.24,89.59
287.28,88.92
287.32,90.83
287.36,90.72
287.40,89.72
287.44,87.75
287.48,89.77
287.52,88.77
287.56,89.87
287.60,88.91
287.64,89.80
287.68,88.38
287.72,89.81
287.76,90.67
287.80,90.37
287.84,89.71
287.88,90.79
287.92,90.66
287.96,90.29
288.00,89.07
288.04,90.89
288.08,90.78
288.12,91.20
288.16,91.28
288.20,92.08
288.24,91.15
288.28,91.49
288.32,95.09
288.36,91.66
288.40,92.64
288.44,91.01
288.48,91.77
288.52,93.12
288.56,90.60
288.60,92.63
288.64,91.13
288.68,90.91
288.72,91.84
288.76,91.52
288.80,92.56
288.84,92.58
288.88,93.58
288.92,93.54
288.96,91.24
289.00,93.05
289.04,91.39
289.08,92.52
289.12,90.31
289.16,93.24
289.20,92.90
289.24,92.13
289.28,91.76
289.32,91.76
289.36,93.64
289.40,89.97
289.44,92.24
289.48,90.39
289.52,91.00
289.56,89.50
289.60,90.30
289.64,90.61
289.68,91.26
289.72,88.65
289.76,89.44
289.80,89.40
289.84,89.77
289.88,87.82
289.92,88.64
289.96,88.08
290.00,86.72
290.04,87.58
290.08,87.41
290.12,87.49
290.16,86.62
290.20,86.23
290.24,85.44
290.28,85.44
290.32,85.53
290.36,85.99
290.40,85.04
290.44,85.68
290.48,82.26
290.52,84.29
290.56,83.81
290.60,84.86
290.64,84.22
290.68,84.62
290.72,84.48
290.76,84.03
290.80,84.03
290.84,85.10
290.88,84.33
290.92,85.16
290.96,83.54
291.00,82.28
291.04,83.15
291.08,83.37
291.12,84.45
291.16,83.15
291.20,84.15
291.24,84.12
291.28,84.33
291.32,84.48
291.36,84.24
291.40,83.19
291.44,86.74
291.48,83.37
291.52,83.20
291.56,83.71
291.60,84.22
291.64,84.18
291.68,84.34
291.72,84.40
291.76,84.86
291.80,84.52
291.84,85.59
291.88,84.51
291.92,83.25
291.96,84.48
292.00,86.79
292.04,85.67
292.08,84.38
292.12,86.60
292.16,86.22
292.20,86.02
292.24,87.23
292.28,85.25
292.32,86.60
292.36,86.42
292.40,87.17
292.44,87.58
292.48,86.94
292.52,86.77
292.56,87.76
292.60,87.48
292.64,87.17
292.68,87.35
292.72,89.10
292.76,88.17
292.80,88.73
292.84,89.13
292.88,88.36
292.92,90.05
292.96,86.02
293.00,88.84
293.04,89.75
293.08,86.96
293.12,87.55
293.16,86.99
293.20,86.86
293.24,87.60
293.28,86.35
293.32,87.84
293.36,85.84
293.40,87.06
293.44,86.44
293.48,86.79
293.52,86.79
293.56,86.37
293.60,86.84
293.64,85.21
293.68,86.82
293.72,86.12
293.76,86.32
293.80,85.72
293.84,84.55
293.88,84.36
293.92,83.87
293.96,83.60
294.00,84.09
294.04,85.22
294.08,82.55
294.12,83.35
294.16,83.03
294.20,82.48
294.24,82.84
294.28,81.91
294.32,82.33
294.36,82.43
294.40,82.30
294.44,81.70
294.48,82.15
294.52,81.22
294.56,80.81
294.60,80.97
294.64,80.22
294.68,80.01
294.72,80.24
294.76,80.24
294.80,80.35
294.84,80.23
294.88,81.51
294.92,81.66
294.96,79.67
295.00,79.31
295.04,81.75
295.08,81.32
295.12,80.70
295.16,78.68
295.20,80.76
295.24,81.00
295.28,77.64
295.32,80.09
295.36,80.90
295.40,80.40
295.44,77.98
295.48,81.17
295.52,80.75
295.56,81.02
295.60,81.60
295.64,81.09
295.68,79.96
295.72,82.15
295.76,82.11
295.80,81.05
295.84,82.64
295.88,82.09
295.92,82.12
295.96,81.04
296.00,82.77
296.04,81.71
296.08,82.19
296.12,84.32
296.16,83.30
296.20,82.40
296.24,82.20
296.28,82.95
296.32,85.67
296.36,82.09
296.40,84.66
296.44,82.73
296.48,83.65
296.52,83.52
296.56,85.80
296.60,84.20
296.64,84.84
296.68,85.55
296.72,83.67
296.76,84.36
296.80,84.41
296.84,84.53
296.88,84.88
296.92,85.80
296.96,84.66
297.00,84.35
297.04,84.42
297.08,85.18
297.12,84.46
297.16,85.80
297.20,83.42
297.24,83.62
297.28,85.99
297.32,86.43
297.36,84.40
297.40,83.32
297.44,83.84
297.48,83.77
297.52,84.24
297.56,84.60
297.60,82.18
297.64,82.39
297.68,82.45
297.72,82.47
297.76,81.09
297.80,82.50
297.84,82.63
297.88,80.86
297.92,81.23
297.96,80.96
298.00,80.36
298.04,80.47
298.08,80.18
298.12,79.54
298.16,80.78
298.20,78.33
298.24,80.48
298.28,78.78
298.32,79.64
298.36,80.04
298.40,78.19
298.44,78.78
298.48,79.05
298.52,80.35
298.56,76.96
298.60,78.12
298.64,77.98
298.68,77.68
298.72,78.90
298.76,78.01
298.80,78.62
298.84,77.55
298.88,77.43
298.92,76.79
298.96,77.00
299.00,76.85
299.04,76.91
299.08,77.88
299.12,77.54
299.16,75.96
299.20,77.36
299.24,76.22
299.28,78.85
299.32,77.37
299.36,76.49
299.40,79.27
299.44,78.28
299.48,79.19
299.52,78.16
299.56,78.08
299.60,77.17
299.64,77.72
299.68,79.61
299.72,78.42
299.76,79.09
299.80,79.48
299.84,79.48
299.88,77.37
299.92,79.85
299.96,78.49
