# SIMULARE — semnal generat de genereaza_simulare.py, nu inregistrat. Rol: control pozitiv pentru validarea lantului de analiza.
t_s,bpm
0.00,69.55
0.04,69.96
0.08,69.32
0.12,70.53
0.16,70.68
0.20,71.03
0.24,73.12
0.28,71.58
0.32,71.13
0.36,71.92
0.40,71.62
0.44,72.27
0.48,71.46
0.52,73.42
0.56,72.35
0.60,74.07
0.64,74.18
0.68,73.25
0.72,72.86
0.76,73.46
0.80,72.39
0.84,74.48
0.88,73.85
0.92,72.45
0.96,74.04
1.00,72.61
1.04,73.27
1.08,73.18
1.12,72.95
1.16,75.63
1.20,72.94
1.24,72.80
1.28,71.71
1.32,74.93
1.36,73.86
1.40,72.49
1.44,73.55
1.48,72.93
1.52,72.05
1.56,72.90
1.60,71.94
1.64,73.73
1.68,73.23
1.72,72.00
1.76,71.94
1.80,71.90
1.84,72.31
1.88,72.83
1.92,70.78
1.96,71.11
2.00,70.57
2.04,71.14
2.08,71.75
2.12,70.94
2.16,71.19
2.20,72.00
2.24,71.15
2.28,70.29
2.32,70.50
2.36,69.81
2.40,69.28
2.44,68.69
2.48,68.98
2.52,69.15
2.56,69.53
2.60,69.56
2.64,69.94
2.68,69.35
2.72,67.99
2.76,69.26
2.80,67.71
2.84,67.59
2.88,68.01
2.92,68.20
2.96,68.12
3.00,68.09
3.04,68.49
3.08,67.80
3.12,69.56
3.16,68.49
3.20,67.43
3.24,68.34
3.28,69.68
3.32,70.21
3.36,70.55
3.40,69.78
3.44,69.39
3.48,68.94
3.52,70.93
3.56,69.46
3.60,70.33
3.64,69.82
3.68,69.83
3.72,71.26
3.76,69.81
3.80,69.36
3.84,71.08
3.88,71.43
3.92,72.18
3.96,71.08
4.00,70.93
4.04,73.55
4.08,72.17
4.12,71.42
4.16,74.23
4.20,74.60
4.24,73.76
4.28,73.43
4.32,73.47
4.36,73.90
4.40,75.40
4.44,73.63
4.48,73.26
4.52,74.94
4.56,73.12
4.60,73.51
4.64,75.08
4.68,74.70
4.72,75.15
4.76,74.32
4.80,73.91
4.84,73.06
4.88,75.96
4.92,73.25
4.96,77.08
5.00,75.03
5.04,73.70
5.08,74.68
5.12,74.34
5.16,74.50
5.20,73.99
5.24,74.97
5.28,75.83
5.32,74.94
5.36,76.68
5.40,74.97
5.44,76.69
5.48,73.99
5.52,74.37
5.56,76.07
5.60,75.38
5.64,75.61
5.68,75.13
5.72,74.44
5.76,73.27
5.80,71.40
5.84,74.35
5.88,73.05
5.92,72.52
5.96,71.73
6.00,72.37
6.04,72.32
6.08,72.92
6.12,71.35
6.16,71.27
6.20,72.99
6.24,69.94
6.28,72.83
6.32,70.81
6.36,71.40
6.40,71.61
6.44,71.26
6.48,71.54
6.52,70.31
6.56,70.62
6.60,69.31
6.64,69.65
6.68,70.74
6.72,70.69
6.76,69.70
6.80,68.93
6.84,69.65
6.88,70.23
6.92,69.92
6.96,70.64
7.00,69.45
7.04,68.63
7.08,68.88
7.12,69.91
7.16,70.01
7.20,70.56
7.24,69.82
7.28,68.76
7.32,69.21
7.36,69.73
7.40,70.77
7.44,69.80
7.48,69.51
7.52,71.76
7.56,71.99
7.60,72.77
7.64,71.73
7.68,70.40
7.72,70.91
7.76,71.53
7.80,72.39
7.84,72.07
7.88,73.29
7.92,73.63
7.96,74.61
8.00,73.27
8.04,72.78
8.08,73.68
8.12,73.17
8.16,72.66
8.20,75.64
8.24,73.28
8.28,75.58
8.32,74.22
8.36,74.24
8.40,75.58
8.44,75.46
8.48,73.51
8.52,74.62
8.56,74.53
8.60,76.45
8.64,76.58
8.68,75.67
8.72,75.93
8.76,74.30
8.80,76.08
8.84,75.23
8.88,74.93
8.92,76.79
8.96,75.74
9.00,78.07
9.04,77.11
9.08,76.39
9.12,76.87
9.16,75.97
9.20,75.33
9.24,75.68
9.28,76.45
9.32,76.27
9.36,75.77
9.40,75.11
9.44,74.97
9.48,75.11
9.52,74.80
9.56,74.71
9.60,75.17
9.64,74.35
9.68,74.79
9.72,73.64
9.76,72.71
9.80,72.97
9.84,73.94
9.88,73.48
9.92,73.49
9.96,73.70
10.00,73.68
10.04,74.46
10.08,72.58
10.12,72.98
10.16,72.16
10.20,70.99
10.24,72.87
10.28,70.65
10.32,72.11
10.36,71.14
10.40,72.97
10.44,73.05
10.48,70.94
10.52,69.36
10.56,68.99
10.60,70.14
10.64,69.96
10.68,70.76
10.72,70.38
10.76,71.37
10.80,69.85
10.84,70.93
10.88,68.77
10.92,69.00
10.96,70.01
11.00,69.17
11.04,69.94
11.08,71.33
11.12,69.88
11.16,70.18
11.20,70.08
11.24,70.18
11.28,71.26
11.32,69.43
11.36,71.24
11.40,69.36
11.44,70.39
11.48,70.44
11.52,71.22
11.56,71.81
11.60,70.19
11.64,71.01
11.68,70.64
11.72,70.31
11.76,73.20
11.80,71.36
11.84,73.10
11.88,71.96
11.92,72.66
11.96,72.28
12.00,73.13
12.04,72.45
12.08,72.44
12.12,73.00
12.16,72.72
12.20,73.31
12.24,72.96
12.28,73.51
12.32,75.51
12.36,73.12
12.40,75.70
12.44,74.30
12.48,76.45
12.52,75.54
12.56,74.58
12.60,74.32
12.64,75.60
12.68,77.30
12.72,74.75
12.76,76.83
12.80,75.52
12.84,74.70
12.88,76.92
12.92,75.58
12.96,76.19
13.00,75.45
13.04,74.44
13.08,76.68
13.12,77.25
13.16,74.05
13.20,75.50
13.24,75.44
13.28,73.83
13.32,74.28
13.36,75.70
13.40,74.58
13.44,75.92
13.48,73.35
13.52,76.23
13.56,74.83
13.60,73.17
13.64,73.28
13.68,74.10
13.72,75.04
13.76,72.60
13.80,72.69
13.84,72.75
13.88,72.85
13.92,72.42
13.96,73.41
14.00,73.15
14.04,72.28
14.08,71.11
14.12,73.13
14.16,72.31
14.20,71.80
14.24,72.26
14.28,70.12
14.32,70.88
14.36,72.29
14.40,70.86
14.44,70.93
14.48,71.15
14.52,69.85
14.56,69.75
14.60,70.07
14.64,70.63
14.68,67.99
14.72,69.80
14.76,69.27
14.80,69.48
14.84,69.42
14.88,67.86
14.92,70.35
14.96,68.64
15.00,68.76
15.04,69.71
15.08,69.11
15.12,69.16
15.16,67.83
15.20,67.28
15.24,68.51
15.28,69.61
15.32,70.83
15.36,70.49
15.40,70.74
15.44,70.95
15.48,70.01
15.52,71.62
15.56,70.68
15.60,70.93
15.64,70.26
15.68,71.08
15.72,71.33
15.76,70.53
15.80,70.10
15.84,71.18
15.88,70.63
15.92,72.50
15.96,73.52
16.00,71.06
16.04,71.91
16.08,73.58
16.12,68.71
16.16,71.45
16.20,72.25
16.24,71.95
16.28,71.90
16.32,72.93
16.36,74.07
16.40,74.46
16.44,74.46
16.48,75.14
16.52,74.22
16.56,73.98
16.60,74.22
16.64,75.44
16.68,75.75
16.72,74.25
16.76,74.43
16.80,74.63
16.84,75.48
16.88,73.79
16.92,74.99
16.96,74.07
17.00,74.79
17.04,76.09
17.08,75.02
17.12,74.72
17.16,73.69
17.20,73.06
17.24,73.76
17.28,74.39
17.32,72.93
17.36,74.39
17.40,74.19
17.44,73.26
17.48,73.06
17.52,74.17
17.56,73.69
17.60,73.78
17.64,71.96
17.68,72.73
17.72,73.03
17.76,72.11
17.80,72.87
17.84,71.71
17.88,71.74
17.92,71.52
17.96,71.04
18.00,73.05
18.04,70.93
18.08,70.31
18.12,70.52
18.16,69.11
18.20,71.60
18.24,69.64
18.28,68.94
18.32,70.57
18.36,67.97
18.40,69.20
18.44,68.04
18.48,70.49
18.52,69.59
18.56,70.18
18.60,70.07
18.64,67.92
18.68,67.20
18.72,67.70
18.76,67.02
18.80,69.32
18.84,67.57
18.88,67.18
18.92,67.07
18.96,67.58
19.00,67.85
19.04,66.46
19.08,66.24
19.12,67.60
19.16,68.23
19.20,66.39
19.24,67.87
19.28,68.47
19.32,66.89
19.36,67.20
19.40,68.52
19.44,68.43
19.48,67.48
19.52,68.44
19.56,70.09
19.60,71.15
19.64,67.55
19.68,68.01
19.72,68.93
19.76,70.38
19.80,70.98
19.84,70.22
19.88,67.92
19.92,69.47
19.96,69.61
20.00,68.92
20.04,68.97
20.08,69.88
20.12,70.70
20.16,72.11
20.20,70.70
20.24,70.92
20.28,70.97
20.32,72.68
20.36,71.26
20.40,72.02
20.44,72.32
20.48,72.50
20.52,72.56
20.56,71.86
20.60,71.70
20.64,71.95
20.68,72.68
20.72,73.21
20.76,71.03
20.80,74.88
20.84,72.86
20.88,72.33
20.92,73.68
20.96,73.30
21.00,71.49
21.04,72.89
21.08,71.71
21.12,72.13
21.16,71.66
21.20,73.21
21.24,73.79
21.28,71.82
21.32,72.70
21.36,71.55
21.40,73.23
21.44,72.41
21.48,71.82
21.52,70.93
21.56,70.97
21.60,72.21
21.64,69.95
21.68,71.00
21.72,70.98
21.76,72.06
21.80,71.70
21.84,70.40
21.88,71.56
21.92,67.81
21.96,70.81
22.00,68.32
22.04,69.64
22.08,67.39
22.12,69.92
22.16,67.09
22.20,70.16
22.24,67.64
22.28,67.69
22.32,67.06
22.36,66.37
22.40,67.90
22.44,66.61
22.48,66.95
22.52,66.78
22.56,65.57
22.60,67.52
22.64,66.06
22.68,67.07
22.72,65.91
22.76,66.35
22.80,65.86
22.84,64.45
22.88,66.34
22.92,64.73
22.96,66.70
23.00,65.88
23.04,66.37
23.08,67.00
23.12,66.71
23.16,63.96
23.20,66.66
23.24,66.91
23.28,63.27
23.32,66.28
23.36,64.75
23.40,65.89
23.44,65.44
23.48,64.95
23.52,66.84
23.56,66.97
23.60,66.46
23.64,66.82
23.68,65.43
23.72,66.51
23.76,68.27
23.80,68.76
23.84,66.61
23.88,66.38
23.92,66.56
23.96,68.34
24.00,68.70
24.04,69.70
24.08,70.10
24.12,69.53
24.16,68.95
24.20,68.68
24.24,68.62
24.28,69.73
24.32,69.57
24.36,68.45
24.40,70.03
24.44,70.15
24.48,70.70
24.52,71.37
24.56,71.83
24.60,70.11
24.64,70.81
24.68,72.27
24.72,70.76
24.76,69.95
24.80,70.15
24.84,71.75
24.88,71.48
24.92,73.57
24.96,71.39
25.00,73.30
25.04,70.81
25.08,71.11
25.12,71.46
25.16,69.38
25.20,69.49
25.24,70.99
25.28,71.03
25.32,71.01
25.36,71.82
25.40,71.67
25.44,69.62
25.48,71.52
25.52,71.12
25.56,69.72
25.60,71.10
25.64,69.55
25.68,68.78
25.72,69.32
25.76,68.81
25.80,68.58
25.84,66.44
25.88,68.62
25.92,67.71
25.96,68.15
26.00,66.66
26.04,67.70
26.08,67.70
26.12,68.87
26.16,68.46
26.20,66.76
26.24,66.75
26.28,67.23
26.32,67.78
26.36,65.48
26.40,66.37
26.44,64.57
26.48,66.39
26.52,64.47
26.56,66.97
26.60,64.68
26.64,65.26
26.68,64.50
26.72,65.29
26.76,64.89
26.80,63.68
26.84,64.26
26.88,64.48
26.92,65.35
26.96,64.86
27.00,64.31
27.04,63.25
27.08,65.26
27.12,64.46
27.16,65.35
27.20,65.46
27.24,64.74
27.28,64.26
27.32,65.85
27.36,64.61
27.40,65.17
27.44,64.87
27.48,65.89
27.52,66.15
27.56,66.53
27.60,65.39
27.64,66.87
27.68,65.28
27.72,66.10
27.76,67.85
27.80,65.70
27.84,66.74
27.88,65.74
27.92,67.92
27.96,68.36
28.00,67.54
28.04,66.47
28.08,67.22
28.12,70.39
28.16,68.00
28.20,68.60
28.24,68.02
28.28,68.96
28.32,68.70
28.36,70.12
28.40,69.59
28.44,69.43
28.48,68.00
28.52,69.51
28.56,68.58
28.60,70.89
28.64,70.26
28.68,70.26
28.72,68.93
28.76,69.11
28.80,69.45
28.84,71.19
28.88,70.33
28.92,72.31
28.96,70.69
29.00,70.36
29.04,70.51
29.08,69.25
29.12,70.16
29.16,69.13
29.20,70.94
29.24,70.77
29.28,69.73
29.32,69.02
29.36,69.90
29.40,70.55
29.44,68.46
29.48,69.12
29.52,68.15
29.56,68.46
29.60,69.03
29.64,70.34
29.68,68.80
29.72,68.20
29.76,69.79
29.80,68.61
29.84,67.34
29.88,65.99
29.92,68.00
29.96,66.76
30.00,66.79
30.04,66.76
30.08,67.80
30.12,66.08
30.16,66.87
30.20,66.39
30.24,65.70
30.28,67.04
30.32,65.20
30.36,65.72
30.40,64.24
30.44,65.50
30.48,65.38
30.52,63.55
30.56,65.76
30.60,64.26
30.64,65.43
30.68,65.80
30.72,63.41
30.76,64.15
30.80,65.37
30.84,62.91
30.88,66.05
30.92,65.88
30.96,63.88
31.00,64.43
31.04,65.42
31.08,64.69
31.12,64.74
31.16,63.46
31.20,64.68
31.24,63.93
31.28,66.12
31.32,64.74
31.36,64.47
31.40,64.87
31.44,64.68
31.48,65.16
31.52,66.66
31.56,64.04
31.60,65.66
31.64,64.61
31.68,65.59
31.72,65.70
31.76,65.83
31.80,67.33
31.84,68.38
31.88,66.68
31.92,67.07
31.96,67.48
32.00,66.80
32.04,68.12
32.08,67.61
32.12,68.08
32.16,67.92
32.20,67.62
32.24,69.14
32.28,67.12
32.32,70.57
32.36,67.32
32.40,68.96
32.44,68.63
32.48,69.33
32.52,68.15
32.56,68.95
32.60,69.21
32.64,70.75
32.68,69.25
32.72,69.88
32.76,72.10
32.80,68.98
32.84,69.60
32.88,69.96
32.92,68.21
32.96,69.74
33.00,68.23
33.04,69.93
33.08,69.87
33.12,69.21
33.16,70.36
33.20,69.34
33.24,70.52
33.28,71.03
33.32,70.04
33.36,69.91
33.40,70.22
33.44,69.63
33.48,69.37
33.52,69.58
33.56,68.96
33.60,69.28
33.64,69.30
33.68,68.09
33.72,68.87
33.76,66.62
33.80,68.17
33.84,69.10
33.88,68.17
33.92,68.53
33.96,68.23
34.00,66.71
34.04,67.93
34.08,66.84
34.12,67.89
34.16,66.84
34.20,66.17
34.24,65.64
34.28,65.53
34.32,65.85
34.36,64.15
34.40,66.25
34.44,67.49
34.48,64.61
34.52,66.77
34.56,64.86
34.60,65.08
34.64,65.49
34.68,62.09
34.72,64.02
34.76,65.47
34.80,64.98
34.84,65.16
34.88,63.10
34.92,64.88
34.96,63.47
35.00,64.15
35.04,66.42
35.08,65.22
35.12,63.68
35.16,66.25
35.20,63.68
35.24,63.49
35.28,66.10
35.32,63.96
35.36,63.78
35.40,64.09
35.44,66.38
35.48,65.32
35.52,66.73
35.56,67.47
35.60,65.05
35.64,66.24
35.68,67.78
35.72,65.28
35.76,66.40
35.80,66.13
35.84,68.77
35.88,66.90
35.92,66.07
35.96,68.59
36.00,68.55
36.04,67.47
36.08,67.01
36.12,67.73
36.16,69.77
36.20,69.43
36.24,68.53
36.28,68.70
36.32,70.18
36.36,69.37
36.40,68.15
36.44,68.71
36.48,69.83
36.52,68.93
36.56,71.14
36.60,73.02
36.64,71.45
36.68,70.75
36.72,71.36
36.76,69.58
36.80,70.13
36.84,71.21
36.88,71.10
36.92,71.11
36.96,70.88
37.00,70.07
37.04,70.73
37.08,71.09
37.12,71.26
37.16,69.98
37.20,71.05
37.24,70.95
37.28,70.62
37.32,70.88
37.36,70.58
37.40,71.45
37.44,69.50
37.48,70.49
37.52,70.91
37.56,69.11
37.60,69.13
37.64,69.69
37.68,69.32
37.72,69.28
37.76,67.80
37.80,70.23
37.84,67.79
37.88,69.91
37.92,69.16
37.96,69.63
38.00,68.76
38.04,67.43
38.08,68.35
38.12,67.82
38.16,68.02
38.20,66.65
38.24,66.66
38.28,66.55
38.32,67.64
38.36,67.51
38.40,67.27
38.44,65.91
38.48,66.77
38.52,65.01
38.56,66.23
38.60,67.57
38.64,65.51
38.68,67.79
38.72,65.86
38.76,65.25
38.80,65.61
38.84,66.45
38.88,64.17
38.92,64.74
38.96,67.23
39.00,66.01
39.04,64.84
39.08,65.92
39.12,65.56
39.16,66.26
39.20,66.42
39.24,66.19
39.28,66.88
39.32,66.45
39.36,65.22
39.40,65.67
39.44,66.55
39.48,67.15
39.52,68.02
39.56,68.64
39.60,66.58
39.64,68.49
39.68,68.55
39.72,69.13
39.76,67.84
39.80,68.19
39.84,70.09
39.88,68.87
39.92,68.62
39.96,66.33
40.00,68.41
40.04,68.49
40.08,69.17
40.12,71.71
40.16,69.13
40.20,69.52
40.24,70.32
40.28,69.57
40.32,71.00
40.36,70.41
40.40,71.68
40.44,70.89
40.48,70.59
40.52,71.58
40.56,72.05
40.60,71.09
40.64,71.12
40.68,70.86
40.72,71.88
40.76,70.91
40.80,71.34
40.84,71.41
40.88,72.83
40.92,72.64
40.96,72.80
41.00,71.94
41.04,72.76
41.08,72.02
41.12,72.10
41.16,72.48
41.20,70.96
41.24,73.47
41.28,70.03
41.32,70.04
41.36,73.66
41.40,72.44
41.44,72.30
41.48,71.05
41.52,70.07
41.56,72.75
41.60,71.02
41.64,71.61
41.68,69.89
41.72,70.58
41.76,71.23
41.80,71.53
41.84,71.04
41.88,70.43
41.92,70.76
41.96,70.56
42.00,70.06
42.04,69.32
42.08,70.85
42.12,68.26
42.16,69.69
42.20,69.04
42.24,69.44
42.28,69.41
42.32,68.06
42.36,67.81
42.40,68.11
42.44,68.08
42.48,68.11
42.52,66.71
42.56,69.21
42.60,67.50
42.64,67.11
42.68,66.50
42.72,67.71
42.76,66.47
42.80,65.64
42.84,66.79
42.88,66.08
42.92,67.40
42.96,65.80
43.00,65.61
43.04,66.59
43.08,67.56
43.12,67.12
43.16,67.96
43.20,66.61
43.24,67.10
43.28,68.92
43.32,67.02
43.36,67.90
43.40,67.43
43.44,67.74
43.48,67.32
43.52,67.86
43.56,66.92
43.60,69.62
43.64,68.69
43.68,71.34
43.72,68.73
43.76,69.95
43.80,69.74
43.84,68.56
43.88,68.87
43.92,69.81
43.96,71.41
44.00,71.44
44.04,70.16
44.08,70.64
44.12,72.63
44.16,71.31
44.20,73.03
44.24,71.70
44.28,70.59
44.32,71.47
44.36,73.60
44.40,70.92
44.44,73.04
44.48,72.59
44.52,73.15
44.56,71.98
44.60,72.38
44.64,71.62
44.68,72.06
44.72,72.98
44.76,72.61
44.80,72.51
44.84,72.51
44.88,73.81
44.92,72.15
44.96,73.45
45.00,74.39
45.04,75.10
45.08,74.36
45.12,73.49
45.16,73.96
45.20,73.27
45.24,73.77
45.28,70.93
45.32,70.79
45.36,73.06
45.40,73.09
45.44,74.20
45.48,73.60
45.52,71.38
45.56,72.93
45.60,73.40
45.64,73.32
45.68,73.02
45.72,73.83
45.76,72.35
45.80,72.87
45.84,71.92
45.88,72.89
45.92,70.89
45.96,71.65
46.00,72.75
46.04,71.16
46.08,69.13
46.12,70.30
46.16,70.97
46.20,69.96
46.24,69.53
46.28,68.49
46.32,68.86
46.36,68.60
46.40,70.01
46.44,68.90
46.48,68.13
46.52,68.54
46.56,67.96
46.60,67.76
46.64,66.41
46.68,68.29
46.72,68.65
46.76,67.51
46.80,68.81
46.84,69.05
46.88,68.10
46.92,68.26
46.96,67.57
47.00,68.15
47.04,68.21
47.08,68.03
47.12,68.56
47.16,69.41
47.20,68.17
47.24,68.01
47.28,67.20
47.32,68.34
47.36,68.47
47.40,68.71
47.44,68.63
47.48,67.49
47.52,68.60
47.56,68.58
47.60,69.49
47.64,69.44
47.68,68.78
47.72,69.17
47.76,70.66
47.80,70.77
47.84,68.21
47.88,70.60
47.92,71.52
47.96,70.64
48.00,69.34
48.04,69.80
48.08,71.90
48.12,72.43
48.16,72.71
48.20,72.00
48.24,72.12
48.28,72.07
48.32,71.73
48.36,72.74
48.40,73.33
48.44,73.16
48.48,72.63
48.52,72.28
48.56,73.08
48.60,74.14
48.64,73.46
48.68,74.69
48.72,72.53
48.76,74.15
48.80,73.68
48.84,73.95
48.88,74.32
48.92,75.16
48.96,74.83
49.00,74.73
49.04,73.47
49.08,72.31
49.12,73.10
49.16,74.74
49.20,70.69
49.24,73.88
49.28,74.34
49.32,71.42
49.36,74.66
49.40,72.75
49.44,72.86
49.48,72.83
49.52,71.99
49.56,73.34
49.60,73.47
49.64,72.27
49.68,71.58
49.72,70.91
49.76,74.26
49.80,71.20
49.84,71.61
49.88,70.51
49.92,70.38
49.96,70.39
50.00,70.92
50.04,71.13
50.08,70.23
50.12,68.97
50.16,72.47
50.20,68.44
50.24,68.24
50.28,70.77
50.32,68.93
50.36,69.35
50.40,69.02
50.44,68.56
50.48,67.87
50.52,69.83
50.56,68.15
50.60,68.12
50.64,68.39
50.68,68.59
50.72,69.61
50.76,65.66
50.80,66.94
50.84,66.38
50.88,67.79
50.92,67.36
50.96,67.20
51.00,67.60
51.04,67.83
51.08,67.92
51.12,67.71
51.16,68.03
51.20,66.74
51.24,69.68
51.28,69.26
51.32,66.76
51.36,69.21
51.40,68.94
51.44,67.96
51.48,69.58
51.52,68.04
51.56,69.15
51.60,69.22
51.64,69.47
51.68,69.75
51.72,68.53
51.76,70.77
51.80,69.24
51.84,70.62
51.88,70.85
51.92,69.84
51.96,69.60
52.00,69.02
52.04,71.47
52.08,70.85
52.12,72.05
52.16,72.62
52.20,72.29
52.24,71.38
52.28,72.46
52.32,69.92
52.36,71.44
52.40,72.44
52.44,71.52
52.48,72.36
52.52,72.49
52.56,73.14
52.60,74.68
52.64,73.32
52.68,72.83
52.72,73.24
52.76,73.12
52.80,72.57
52.84,74.31
52.88,75.14
52.92,73.74
52.96,73.97
53.00,73.17
53.04,73.40
53.08,73.41
53.12,72.29
53.16,73.01
53.20,73.00
53.24,72.77
53.28,74.15
53.32,73.48
53.36,73.09
53.40,73.10
53.44,71.84
53.48,70.84
53.52,73.26
53.56,73.52
53.60,73.39
53.64,72.64
53.68,70.86
53.72,69.96
53.76,71.15
53.80,69.71
53.84,70.62
53.88,70.69
53.92,69.84
53.96,70.50
54.00,70.23
54.04,68.67
54.08,69.56
54.12,70.40
54.16,68.44
54.20,68.24
54.24,68.69
54.28,68.12
54.32,67.94
54.36,68.28
54.40,69.19
54.44,67.78
54.48,69.68
54.52,67.90
54.56,66.02
54.60,69.56
54.64,68.49
54.68,67.96
54.72,66.09
54.76,67.56
54.80,67.48
54.84,67.65
54.88,69.26
54.92,64.91
54.96,67.93
55.00,66.92
55.04,65.88
55.08,66.52
55.12,65.77
55.16,67.32
55.20,67.07
55.24,65.84
55.28,66.50
55.32,64.83
55.36,66.74
55.40,67.45
55.44,66.81
55.48,68.21
55.52,66.90
55.56,65.99
55.60,67.75
55.64,65.83
55.68,69.18
55.72,66.35
55.76,69.37
55.80,69.41
55.84,68.92
55.88,69.52
55.92,68.79
55.96,68.16
56.00,69.50
56.04,70.38
56.08,69.07
56.12,70.21
56.16,69.47
56.20,70.99
56.24,71.22
56.28,71.11
56.32,71.68
56.36,70.31
56.40,70.07
56.44,71.23
56.48,71.81
56.52,71.66
56.56,72.08
56.60,74.02
56.64,69.95
56.68,72.39
56.72,72.33
56.76,71.72
56.80,71.12
56.84,72.50
56.88,70.40
56.92,71.93
56.96,73.95
57.00,71.43
57.04,71.60
57.08,74.00
57.12,70.48
57.16,71.48
57.20,71.78
57.24,69.84
57.28,72.53
57.32,70.95
57.36,69.65
57.40,71.43
57.44,73.24
57.48,71.42
57.52,72.73
57.56,72.29
57.60,70.43
57.64,71.72
57.68,69.67
57.72,70.22
57.76,70.92
57.80,68.96
57.84,69.16
57.88,67.72
57.92,68.03
57.96,67.96
58.00,68.65
58.04,69.77
58.08,68.26
58.12,66.60
58.16,66.53
58.20,67.39
58.24,67.08
58.28,67.07
58.32,66.97
58.36,67.41
58.40,67.60
58.44,65.77
58.48,66.96
58.52,67.64
58.56,66.42
58.60,66.15
58.64,64.53
58.68,66.15
58.72,65.16
58.76,66.20
58.80,67.30
58.84,64.55
58.88,67.36
58.92,65.63
58.96,63.70
59.00,63.83
59.04,64.13
59.08,64.04
59.12,65.01
59.16,65.44
59.20,65.62
59.24,64.51
59.28,65.65
59.32,64.21
59.36,66.71
59.40,63.71
59.44,65.43
59.48,65.43
59.52,64.59
59.56,66.46
59.60,66.24
59.64,64.98
59.68,65.75
59.72,67.64
59.76,66.11
59.80,66.79
59.84,65.80
59.88,67.71
59.92,67.65
59.96,66.93
60.00,67.80
60.04,67.45
60.08,67.66
60.12,66.51
60.16,70.59
60.20,68.92
60.24,67.42
60.28,69.63
60.32,68.37
60.36,67.95
60.40,68.41
60.44,67.61
60.48,70.35
60.52,70.60
60.56,69.36
60.60,69.76
60.64,72.28
60.68,70.64
60.72,68.99
60.76,69.51
60.80,68.50
60.84,70.97
60.88,70.67
60.92,69.46
60.96,70.02
61.00,71.39
61.04,70.09
61.08,70.10
61.12,70.55
61.16,70.87
61.20,70.14
61.24,70.33
61.28,70.12
61.32,70.18
61.36,69.42
61.40,69.30
61.44,68.48
61.48,69.21
61.52,69.45
61.56,70.32
61.60,67.70
61.64,69.05
61.68,69.14
61.72,68.71
61.76,70.04
61.80,67.16
61.84,68.67
61.88,68.44
61.92,68.28
61.96,65.70
62.00,68.09
62.04,66.39
62.08,66.74
62.12,66.94
62.16,66.45
62.20,66.53
62.24,64.61
62.28,64.19
62.32,64.93
62.36,64.83
62.40,65.77
62.44,63.18
62.48,63.48
62.52,64.49
62.56,64.22
62.60,65.64
62.64,64.57
62.68,63.65
62.72,61.91
62.76,63.09
62.80,62.14
62.84,63.44
62.88,63.52
62.92,62.99
62.96,63.65
63.00,64.71
63.04,63.63
63.08,62.48
63.12,64.32
63.16,62.99
63.20,63.26
63.24,62.47
63.28,64.29
63.32,64.03
63.36,62.78
63.40,63.39
63.44,63.95
63.48,62.68
63.52,64.11
63.56,64.05
63.60,65.20
63.64,62.69
63.68,64.81
63.72,64.97
63.76,65.69
63.80,65.73
63.84,65.07
63.88,64.51
63.92,66.01
63.96,66.75
64.00,65.80
64.04,65.51
64.08,66.83
64.12,65.73
64.16,66.76
64.20,66.84
64.24,66.82
64.28,66.76
64.32,67.43
64.36,68.50
64.40,67.10
64.44,66.83
64.48,68.92
64.52,67.19
64.56,67.67
64.60,69.28
64.64,67.05
64.68,69.04
64.72,70.54
64.76,67.65
64.80,69.79
64.84,68.53
64.88,68.45
64.92,68.47
64.96,69.17
65.00,68.10
65.04,68.69
65.08,69.49
65.12,68.94
65.16,68.08
65.20,68.15
65.24,66.17
65.28,67.99
65.32,69.17
65.36,67.02
65.40,67.32
65.44,67.70
65.48,67.53
65.52,67.23
65.56,66.98
65.60,67.41
65.64,66.10
65.68,65.67
65.72,66.24
65.76,65.94
65.80,65.54
65.84,67.44
65.88,65.35
65.92,66.00
65.96,66.32
66.00,65.25
66.04,64.60
66.08,63.24
66.12,64.65
66.16,65.41
66.20,63.97
66.24,63.76
66.28,63.66
66.32,63.65
66.36,63.77
66.40,63.73
66.44,62.90
66.48,62.30
66.52,62.40
66.56,61.37
66.60,61.98
66.64,62.46
66.68,61.19
66.72,61.57
66.76,62.72
66.80,62.47
66.84,60.45
66.88,61.13
66.92,61.74
66.96,61.93
67.00,61.26
67.04,61.52
67.08,61.83
67.12,61.43
67.16,60.98
67.20,62.84
67.24,63.35
67.28,61.91
67.32,62.28
67.36,61.87
67.40,62.78
67.44,62.80
67.48,61.51
67.52,63.58
67.56,64.30
67.60,64.21
67.64,64.16
67.68,62.29
67.72,60.72
67.76,64.30
67.80,64.61
67.84,64.73
67.88,64.00
67.92,64.33
67.96,64.89
68.00,65.55
68.04,64.09
68.08,64.59
68.12,64.14
68.16,66.64
68.20,64.65
68.24,65.75
68.28,65.94
68.32,64.52
68.36,66.22
68.40,65.78
68.44,66.68
68.48,67.62
68.52,66.43
68.56,65.53
68.60,68.52
68.64,68.34
68.68,69.16
68.72,68.42
68.76,67.55
68.80,66.34
68.84,68.29
68.88,66.54
68.92,67.71
68.96,66.89
69.00,68.87
69.04,68.59
69.08,68.28
69.12,67.11
69.16,67.89
69.20,66.93
69.24,67.62
69.28,67.32
69.32,66.70
69.36,66.56
69.40,67.20
69.44,66.03
69.48,65.70
69.52,66.74
69.56,66.04
69.60,66.56
69.64,66.03
69.68,64.74
69.72,64.48
69.76,65.31
69.80,65.22
69.84,66.06
69.88,65.60
69.92,65.72
69.96,62.99
70.00,63.10
70.04,62.77
70.08,65.83
70.12,64.12
70.16,63.11
70.20,64.56
70.24,63.05
70.28,62.96
70.32,63.29
70.36,62.58
70.40,63.67
70.44,62.82
70.48,62.98
70.52,61.92
70.56,62.13
70.60,62.35
70.64,62.70
70.68,62.12
70.72,62.00
70.76,61.69
70.80,62.67
70.84,60.31
70.88,62.00
70.92,61.42
70.96,61.62
71.00,62.32
71.04,63.51
71.08,60.78
71.12,62.61
71.16,61.71
71.20,61.00
71.24,61.73
71.28,62.24
71.32,61.45
71.36,61.59
71.40,60.28
71.44,62.38
71.48,61.32
71.52,61.47
71.56,62.63
71.60,61.37
71.64,62.48
71.68,63.04
71.72,61.12
71.76,62.46
71.80,63.84
71.84,62.01
71.88,64.04
71.92,65.92
71.96,63.93
72.00,63.35
72.04,66.06
72.08,64.99
72.12,64.67
72.16,64.57
72.20,65.26
72.24,64.78
72.28,65.06
72.32,65.88
72.36,66.26
72.40,65.74
72.44,66.57
72.48,66.10
72.52,65.88
72.56,67.04
72.60,67.17
72.64,66.91
72.68,66.59
72.72,66.37
72.76,66.31
72.80,67.97
72.84,66.19
72.88,68.23
72.92,69.99
72.96,66.48
73.00,67.80
73.04,66.97
73.08,67.85
73.12,65.73
73.16,68.33
73.20,68.19
73.24,68.41
73.28,67.57
73.32,68.26
73.36,67.55
73.40,67.63
73.44,65.96
73.48,66.22
73.52,67.62
73.56,66.27
73.60,64.77
73.64,66.05
73.68,66.55
73.72,64.39
73.76,65.26
73.80,66.33
73.84,66.73
73.88,64.60
73.92,63.73
73.96,63.78
74.00,66.27
74.04,64.54
74.08,64.25
74.12,65.41
74.16,62.86
74.20,63.53
74.24,63.04
74.28,63.44
74.32,62.95
74.36,62.62
74.40,63.20
74.44,62.90
74.48,61.33
74.52,62.84
74.56,61.31
74.60,61.06
74.64,62.63
74.68,62.97
74.72,61.34
74.76,62.03
74.80,61.26
74.84,61.97
74.88,60.18
74.92,64.00
74.96,61.16
75.00,62.64
75.04,63.77
75.08,63.20
75.12,62.81
75.16,62.27
75.20,62.06
75.24,62.46
75.28,62.46
75.32,63.83
75.36,62.19
75.40,62.66
75.44,63.33
75.48,62.34
75.52,62.53
75.56,63.69
75.60,62.26
75.64,64.37
75.68,65.13
75.72,63.21
75.76,62.89
75.80,65.34
75.84,63.57
75.88,65.26
75.92,64.07
75.96,63.43
76.00,63.61
76.04,65.74
76.08,66.01
76.12,66.66
76.16,65.24
76.20,66.56
76.24,66.98
76.28,67.99
76.32,67.50
76.36,66.26
76.40,68.69
76.44,66.44
76.48,66.85
76.52,69.29
76.56,68.82
76.60,66.38
76.64,66.89
76.68,66.42
76.72,66.76
76.76,69.68
76.80,69.21
76.84,66.52
76.88,68.52
76.92,68.17
76.96,68.32
77.00,67.37
77.04,69.10
77.08,69.31
77.12,68.34
77.16,67.87
77.20,70.57
77.24,69.42
77.28,68.42
77.32,68.51
77.36,69.01
77.40,68.74
77.44,66.64
77.48,69.07
77.52,69.33
77.56,66.28
77.60,66.24
77.64,68.12
77.68,65.47
77.72,67.42
77.76,66.08
77.80,66.08
77.84,65.90
77.88,66.97
77.92,65.72
77.96,66.62
78.00,66.04
78.04,66.02
78.08,65.43
78.12,65.67
78.16,65.00
78.20,65.02
78.24,65.43
78.28,66.63
78.32,64.65
78.36,62.78
78.40,63.70
78.44,64.04
78.48,64.91
78.52,64.14
78.56,64.09
78.60,63.08
78.64,63.36
78.68,63.40
78.72,62.84
78.76,63.24
78.80,62.87
78.84,62.02
78.88,63.13
78.92,63.45
78.96,62.96
79.00,61.95
79.04,63.69
79.08,63.68
79.12,63.39
79.16,65.01
79.20,63.26
79.24,62.06
79.28,64.47
79.32,62.36
79.36,63.26
79.40,61.87
79.44,63.75
79.48,62.91
79.52,64.71
79.56,63.94
79.60,64.82
79.64,66.15
79.68,65.34
79.72,67.35
79.76,65.57
79.80,65.99
79.84,66.93
79.88,65.57
79.92,66.09
79.96,66.80
80.00,67.66
80.04,67.98
80.08,66.35
80.12,67.03
80.16,65.55
80.20,67.36
80.24,67.34
80.28,66.82
80.32,69.27
80.36,69.19
80.40,67.70
80.44,67.40
80.48,68.59
80.52,69.28
80.56,67.42
80.60,69.71
80.64,70.23
80.68,68.41
80.72,69.93
80.76,70.10
80.80,70.04
80.84,70.94
80.88,69.34
80.92,68.16
80.96,71.47
81.00,68.73
81.04,69.50
81.08,69.28
81.12,68.85
81.16,70.15
81.20,69.79
81.24,67.95
81.28,69.32
81.32,68.99
81.36,68.63
81.40,68.81
81.44,70.23
81.48,69.08
81.52,70.87
81.56,69.85
81.60,67.40
81.64,68.19
81.68,68.38
81.72,69.77
81.76,68.87
81.80,68.75
81.84,67.11
81.88,68.89
81.92,68.42
81.96,68.26
82.00,66.75
82.04,67.64
82.08,67.77
82.12,67.75
82.16,66.43
82.20,66.88
82.24,68.05
82.28,67.24
82.32,65.36
82.36,65.59
82.40,65.35
82.44,65.19
82.48,67.14
82.52,65.54
82.56,65.17
82.60,65.46
82.64,66.13
82.68,65.92
82.72,63.83
82.76,64.98
82.80,67.70
82.84,65.36
82.88,64.72
82.92,67.06
82.96,65.75
83.00,64.07
83.04,64.79
83.08,64.72
83.12,64.82
83.16,64.71
83.20,64.57
83.24,66.80
83.28,64.84
83.32,67.06
83.36,65.54
83.40,64.32
83.44,64.16
83.48,66.82
83.52,65.46
83.56,66.14
83.60,66.20
83.64,66.02
83.68,65.58
83.72,65.69
83.76,68.17
83.80,66.13
83.84,66.39
83.88,66.93
83.92,68.26
83.96,67.26
84.00,68.26
84.04,69.22
84.08,67.67
84.12,68.75
84.16,68.90
84.20,68.31
84.24,68.67
84.28,68.66
84.32,69.38
84.36,70.20
84.40,69.44
84.44,69.73
84.48,70.55
84.52,70.00
84.56,70.49
84.60,71.24
84.64,70.79
84.68,69.45
84.72,70.71
84.76,71.62
84.80,70.34
84.84,72.19
84.88,70.73
84.92,71.50
84.96,70.74
85.00,71.13
85.04,71.45
85.08,70.44
85.12,70.42
85.16,72.25
85.20,72.43
85.24,71.32
85.28,71.18
85.32,71.84
85.36,71.80
85.40,71.39
85.44,70.70
85.48,70.43
85.52,70.67
85.56,70.94
85.60,70.83
85.64,71.39
85.68,70.64
85.72,70.99
85.76,68.05
85.80,69.30
85.84,67.96
85.88,70.52
85.92,70.07
85.96,69.51
86.00,67.95
86.04,69.03
86.08,69.20
86.12,68.83
86.16,67.57
86.20,67.34
86.24,68.31
86.28,68.47
86.32,67.68
86.36,66.77
86.40,67.50
86.44,67.71
86.48,67.36
86.52,67.56
86.56,67.31
86.60,67.70
86.64,66.29
86.68,66.27
86.72,65.33
86.76,67.13
86.80,66.67
86.84,66.24
86.88,66.04
86.92,67.24
86.96,65.92
87.00,67.26
87.04,65.75
87.08,65.85
87.12,68.10
87.16,66.14
87.20,66.15
87.24,65.99
87.28,66.37
87.32,66.54
87.36,66.53
87.40,67.43
87.44,65.22
87.48,65.69
87.52,67.03
87.56,67.87
87.60,68.61
87.64,69.49
87.68,67.78
87.72,67.47
87.76,67.33
87.80,68.78
87.84,68.18
87.88,69.12
87.92,69.57
87.96,69.18
88.00,69.50
88.04,69.77
88.08,67.82
88.12,69.69
88.16,69.53
88.20,72.72
88.24,70.37
88.28,69.53
88.32,70.55
88.36,70.04
88.40,70.57
88.44,70.99
88.48,72.22
88.52,71.39
88.56,71.03
88.60,71.39
88.64,73.16
88.68,72.44
88.72,71.90
88.76,72.18
88.80,72.19
88.84,71.61
88.88,70.59
88.92,71.35
88.96,71.86
89.00,72.03
89.04,71.53
89.08,72.70
89.12,70.65
89.16,73.26
89.20,73.85
89.24,70.94
89.28,72.34
89.32,70.67
89.36,71.34
89.40,72.09
89.44,71.21
89.48,70.34
89.52,71.44
89.56,71.15
89.60,71.87
89.64,70.65
89.68,70.75
89.72,70.14
89.76,71.88
89.80,69.65
89.84,70.94
89.88,69.56
89.92,69.66
89.96,69.70
90.00,68.55
90.04,67.35
90.08,70.74
90.12,69.39
90.16,68.67
90.20,67.15
90.24,67.23
90.28,65.46
90.32,67.68
90.36,68.52
90.40,68.21
90.44,68.13
90.48,68.04
90.52,68.16
90.56,68.62
90.60,67.43
90.64,67.37
90.68,66.76
90.72,67.92
90.76,67.70
90.80,66.82
90.84,66.56
90.88,65.77
90.92,66.08
90.96,66.94
91.00,67.16
91.04,66.26
91.08,65.51
91.12,65.85
91.16,66.83
91.20,67.19
91.24,66.82
91.28,67.70
91.32,66.31
91.36,66.15
91.40,66.54
91.44,65.66
91.48,66.58
91.52,67.46
91.56,67.01
91.60,67.78
91.64,67.31
91.68,68.93
91.72,68.90
91.76,68.41
91.80,69.14
91.84,68.76
91.88,68.98
91.92,69.31
91.96,70.76
92.00,70.63
92.04,70.12
92.08,69.61
92.12,69.37
92.16,68.74
92.20,70.67
92.24,70.05
92.28,71.50
92.32,70.01
92.36,70.80
92.40,70.20
92.44,71.57
92.48,71.68
92.52,70.82
92.56,71.04
92.60,72.35
92.64,73.39
92.68,71.47
92.72,71.14
92.76,71.44
92.80,73.09
92.84,72.31
92.88,71.62
92.92,72.48
92.96,73.44
93.00,73.25
93.04,72.55
93.08,70.80
93.12,73.76
93.16,71.68
93.20,72.56
93.24,71.46
93.28,71.63
93.32,71.05
93.36,73.14
93.40,72.36
93.44,71.88
93.48,72.11
93.52,71.71
93.56,70.50
93.60,70.42
93.64,70.57
93.68,71.07
93.72,70.68
93.76,70.87
93.80,70.64
93.84,69.76
93.88,69.10
93.92,68.25
93.96,69.39
94.00,69.58
94.04,69.49
94.08,68.69
94.12,68.68
94.16,67.05
94.20,68.53
94.24,69.53
94.28,67.56
94.32,69.71
94.36,68.72
94.40,67.77
94.44,66.74
94.48,66.45
94.52,65.80
94.56,68.39
94.60,64.25
94.64,65.11
94.68,63.84
94.72,66.12
94.76,64.37
94.80,67.61
94.84,64.71
94.88,65.03
94.92,65.35
94.96,66.53
95.00,65.27
95.04,66.60
95.08,65.84
95.12,65.25
95.16,66.18
95.20,64.97
95.24,65.88
95.28,65.26
95.32,66.59
95.36,66.98
95.40,65.70
95.44,66.26
95.48,67.74
95.52,67.15
95.56,67.67
95.60,66.73
95.64,66.80
95.68,66.57
95.72,68.47
95.76,67.05
95.80,66.99
95.84,67.98
95.88,67.65
95.92,69.29
95.96,67.91
96.00,68.27
96.04,70.57
96.08,68.89
96.12,69.38
96.16,71.39
96.20,68.84
96.24,68.49
96.28,69.16
96.32,68.65
96.36,69.72
96.40,71.45
96.44,71.59
96.48,69.86
96.52,71.08
96.56,72.41
96.60,70.05
96.64,70.22
96.68,72.90
96.72,71.18
96.76,71.91
96.80,70.54
96.84,70.46
96.88,72.00
96.92,70.75
96.96,72.28
97.00,72.23
97.04,72.21
97.08,71.58
97.12,71.29
97.16,71.50
97.20,70.61
97.24,69.86
97.28,72.17
97.32,71.16
97.36,70.30
97.40,71.01
97.44,70.98
97.48,69.79
97.52,71.05
97.56,71.59
97.60,69.43
97.64,70.55
97.68,69.79
97.72,69.16
97.76,69.07
97.80,67.60
97.84,69.04
97.88,69.46
97.92,68.28
97.96,67.60
98.00,67.99
98.04,68.22
98.08,67.77
98.12,67.61
98.16,67.27
98.20,66.69
98.24,66.00
98.28,65.98
98.32,67.68
98.36,65.24
98.40,67.03
98.44,66.09
98.48,65.99
98.52,66.84
98.56,64.93
98.60,65.74
98.64,64.52
98.68,65.68
98.72,64.78
98.76,63.77
98.80,64.62
98.84,65.05
98.88,65.47
98.92,63.88
98.96,63.34
99.00,65.71
99.04,63.80
99.08,65.05
99.12,66.08
99.16,63.46
99.20,65.56
99.24,64.18
99.28,63.51
99.32,65.89
99.36,64.36
99.40,66.29
99.44,64.73
99.48,65.36
99.52,66.74
99.56,65.63
99.60,65.82
99.64,65.71
99.68,65.63
99.72,65.17
99.76,66.01
99.80,66.02
99.84,67.72
99.88,66.52
99.92,65.36
99.96,67.08
100.00,65.61
100.04,66.93
100.08,67.18
100.12,69.05
100.16,69.30
100.20,68.46
100.24,68.79
100.28,68.60
100.32,68.51
100.36,67.35
100.40,68.73
100.44,68.55
100.48,70.47
100.52,71.08
100.56,70.23
100.60,70.62
100.64,71.10
100.68,70.30
100.72,70.77
100.76,68.63
100.80,70.34
100.84,70.06
100.88,68.93
100.92,70.42
100.96,70.58
101.00,69.31
101.04,70.42
101.08,71.03
101.12,70.56
101.16,69.85
101.20,70.39
101.24,69.81
101.28,71.02
101.32,69.38
101.36,68.75
101.40,69.41
101.44,70.45
101.48,69.41
101.52,69.56
101.56,69.40
101.60,68.47
101.64,68.46
101.68,68.23
101.72,66.96
101.76,68.67
101.80,66.50
101.84,68.85
101.88,66.75
101.92,67.62
101.96,66.45
102.00,67.05
102.04,67.55
102.08,65.93
102.12,66.56
102.16,66.15
102.20,65.31
102.24,66.30
102.28,65.67
102.32,65.74
102.36,65.30
102.40,64.71
102.44,65.88
102.48,63.81
102.52,64.76
102.56,65.69
102.60,63.64
102.64,63.40
102.68,64.61
102.72,62.67
102.76,63.57
102.80,62.39
102.84,64.18
102.88,64.41
102.92,66.25
102.96,63.72
103.00,62.12
103.04,62.42
103.08,63.29
103.12,63.46
103.16,62.73
103.20,63.99
103.24,65.26
103.28,64.84
103.32,63.80
103.36,62.83
103.40,64.35
103.44,65.26
103.48,63.46
103.52,64.46
103.56,62.86
103.60,64.46
103.64,64.78
103.68,64.49
103.72,64.24
103.76,64.05
103.80,65.77
103.84,65.61
103.88,66.45
103.92,66.18
103.96,66.02
104.00,66.00
104.04,65.75
104.08,67.20
104.12,65.73
104.16,69.17
104.20,65.98
104.24,67.87
104.28,68.18
104.32,67.58
104.36,68.69
104.40,69.48
104.44,68.03
104.48,66.74
104.52,70.12
104.56,68.60
104.60,69.80
104.64,68.34
104.68,69.02
104.72,69.78
104.76,69.11
104.80,68.76
104.84,68.74
104.88,69.00
104.92,68.47
104.96,67.31
105.00,69.10
105.04,68.84
105.08,69.20
105.12,66.90
105.16,68.70
105.20,66.64
105.24,67.85
105.28,66.92
105.32,68.90
105.36,68.46
105.40,69.05
105.44,67.69
105.48,68.83
105.52,67.33
105.56,67.54
105.60,67.74
105.64,68.68
105.68,68.09
105.72,65.30
105.76,65.69
105.80,66.10
105.84,66.76
105.88,65.51
105.92,65.70
105.96,66.74
106.00,66.12
106.04,63.89
106.08,65.59
106.12,65.07
106.16,64.64
106.20,65.59
106.24,64.75
106.28,64.33
106.32,64.26
106.36,63.98
106.40,64.44
106.44,64.19
106.48,64.01
106.52,61.63
106.56,64.57
106.60,63.08
106.64,62.13
106.68,61.97
106.72,63.27
106.76,64.77
106.80,62.86
106.84,61.87
106.88,62.69
106.92,62.63
106.96,61.30
107.00,61.55
107.04,62.02
107.08,62.81
107.12,62.47
107.16,62.69
107.20,63.42
107.24,63.36
107.28,61.89
107.32,61.36
107.36,62.07
107.40,62.79
107.44,63.04
107.48,62.56
107.52,61.55
107.56,64.09
107.60,63.53
107.64,65.32
107.68,64.94
107.72,64.89
107.76,64.83
107.80,66.32
107.84,65.31
107.88,64.61
107.92,64.06
107.96,64.60
108.00,66.05
108.04,66.26
108.08,65.59
108.12,64.68
108.16,66.04
108.20,66.07
108.24,66.56
108.28,67.14
108.32,67.08
108.36,66.88
108.40,66.54
108.44,66.71
108.48,65.37
108.52,67.36
108.56,66.41
108.60,67.90
108.64,68.97
108.68,65.96
108.72,67.08
108.76,68.09
108.80,65.98
108.84,67.99
108.88,68.82
108.92,68.69
108.96,68.67
109.00,68.12
109.04,68.38
109.08,69.74
109.12,68.81
109.16,67.95
109.20,68.15
109.24,67.87
109.28,67.61
109.32,66.96
109.36,67.35
109.40,68.26
109.44,66.58
109.48,67.83
109.52,65.55
109.56,65.95
109.60,67.60
109.64,67.84
109.68,66.99
109.72,66.27
109.76,66.54
109.80,66.28
109.84,66.16
109.88,65.85
109.92,65.04
109.96,65.69
110.00,65.92
110.04,66.41
110.08,64.04
110.12,65.55
110.16,63.40
110.20,63.25
110.24,63.60
110.28,63.19
110.32,63.94
110.36,63.05
110.40,63.21
110.44,64.32
110.48,63.53
110.52,61.01
110.56,63.35
110.60,62.61
110.64,63.19
110.68,63.65
110.72,64.21
110.76,61.15
110.80,63.37
110.84,62.91
110.88,63.10
110.92,60.91
110.96,61.64
111.00,63.06
111.04,62.09
111.08,61.45
111.12,62.75
111.16,61.95
111.20,63.01
111.24,62.62
111.28,62.44
111.32,61.96
111.36,63.08
111.40,62.69
111.44,64.08
111.48,63.33
111.52,61.48
111.56,64.25
111.60,63.89
111.64,61.67
111.68,62.19
111.72,64.93
111.76,66.36
111.80,64.40
111.84,66.10
111.88,65.49
111.92,64.81
111.96,66.44
112.00,65.59
112.04,65.92
112.08,66.14
112.12,67.07
112.16,66.68
112.20,64.99
112.24,67.14
112.28,68.13
112.32,67.28
112.36,67.21
112.40,66.14
112.44,67.96
112.48,67.08
112.52,67.18
112.56,65.91
112.60,67.10
112.64,68.76
112.68,69.11
112.72,66.76
112.76,66.31
112.80,68.99
112.84,69.33
112.88,68.10
112.92,68.65
112.96,69.04
113.00,68.65
113.04,69.20
113.08,68.36
113.12,69.58
113.16,69.09
113.20,66.56
113.24,71.21
113.28,68.18
113.32,67.38
113.36,69.21
113.40,68.17
113.44,67.91
113.48,67.86
113.52,69.30
113.56,67.31
113.60,70.07
113.64,66.96
113.68,68.21
113.72,65.47
113.76,67.13
113.80,65.63
113.84,67.33
113.88,65.38
113.92,66.40
113.96,66.70
114.00,66.15
114.04,65.84
114.08,65.77
114.12,66.06
114.16,65.86
114.20,64.21
114.24,64.15
114.28,63.48
114.32,65.23
114.36,65.72
114.40,63.88
114.44,64.08
114.48,64.59
114.52,62.12
114.56,64.56
114.60,64.10
114.64,62.14
114.68,64.69
114.72,64.85
114.76,63.54
114.80,64.32
114.84,63.97
114.88,64.04
114.92,63.91
114.96,64.49
115.00,64.10
115.04,63.05
115.08,63.09
115.12,65.08
115.16,63.28
115.20,62.21
115.24,63.67
115.28,63.53
115.32,63.77
115.36,62.28
115.40,62.47
115.44,64.57
115.48,65.64
115.52,64.71
115.56,64.21
115.60,64.55
115.64,65.85
115.68,65.98
115.72,65.65
115.76,63.42
115.80,65.40
115.84,65.66
115.88,67.22
115.92,66.27
115.96,66.04
116.00,67.09
116.04,67.86
116.08,68.07
116.12,67.98
116.16,67.65
116.20,69.60
116.24,69.17
116.28,68.53
116.32,68.71
116.36,69.63
116.40,68.30
116.44,68.13
116.48,69.42
116.52,69.71
116.56,68.60
116.60,70.55
116.64,70.09
116.68,69.95
116.72,69.65
116.76,70.80
116.80,69.73
116.84,70.62
116.88,70.82
116.92,70.99
116.96,69.30
117.00,72.04
117.04,71.45
117.08,69.29
117.12,70.84
117.16,70.70
117.20,69.56
117.24,69.63
117.28,69.86
117.32,71.78
117.36,70.53
117.40,70.85
117.44,70.28
117.48,69.19
117.52,69.09
117.56,70.51
117.60,70.15
117.64,69.89
117.68,69.61
117.72,71.02
117.76,68.46
117.80,69.54
117.84,70.00
117.88,67.71
117.92,68.82
117.96,68.75
118.00,67.36
118.04,68.19
118.08,69.45
118.12,66.75
118.16,67.60
118.20,66.46
118.24,67.54
118.28,68.28
118.32,66.83
118.36,65.54
118.40,66.59
118.44,66.24
118.48,67.08
118.52,67.41
118.56,66.83
118.60,65.94
118.64,67.11
118.68,66.09
118.72,65.82
118.76,65.85
118.80,66.97
118.84,66.56
118.88,67.31
118.92,65.07
118.96,64.94
119.00,66.72
119.04,65.26
119.08,66.72
119.12,65.27
119.16,66.33
119.20,68.12
119.24,64.78
119.28,66.57
119.32,65.15
119.36,66.31
119.40,65.26
119.44,65.78
119.48,65.36
119.52,67.63
119.56,67.12
119.60,68.51
119.64,68.78
119.68,67.36
119.72,68.96
119.76,67.59
119.80,67.99
119.84,69.26
119.88,69.03
119.92,69.24
119.96,69.77
120.00,69.56
120.04,70.30
120.08,67.26
120.12,66.32
120.16,67.78
120.20,65.81
120.24,67.36
120.28,66.90
120.32,65.92
120.36,66.77
120.40,66.08
120.44,66.21
120.48,66.04
120.52,66.69
120.56,66.21
120.60,67.76
120.64,67.63
120.68,65.79
120.72,66.55
120.76,69.11
120.80,65.98
120.84,68.05
120.88,69.08
120.92,67.17
120.96,68.67
121.00,69.42
121.04,71.76
121.08,72.69
121.12,75.31
121.16,77.07
121.20,77.20
121.24,78.96
121.28,80.90
121.32,81.38
121.36,82.23
121.40,84.71
121.44,83.23
121.48,85.42
121.52,87.81
121.56,88.21
121.60,88.75
121.64,89.50
121.68,89.33
121.72,90.83
121.76,89.59
121.80,91.01
121.84,90.71
121.88,90.49
121.92,90.50
121.96,92.46
122.00,92.17
122.04,91.15
122.08,91.64
122.12,92.32
122.16,93.27
122.20,93.27
122.24,91.00
122.28,92.45
122.32,93.19
122.36,92.19
122.40,91.77
122.44,93.41
122.48,92.86
122.52,91.31
122.56,91.91
122.60,92.51
122.64,93.69
122.68,90.00
122.72,90.66
122.76,92.28
122.80,91.89
122.84,92.45
122.88,90.35
122.92,90.77
122.96,92.36
123.00,92.16
123.04,92.93
123.08,91.78
123.12,89.85
123.16,90.17
123.20,92.88
123.24,90.37
123.28,91.23
123.32,92.32
123.36,92.71
123.40,90.47
123.44,93.21
123.48,91.67
123.52,92.68
123.56,92.79
123.60,92.00
123.64,92.42
123.68,91.65
123.72,94.08
123.76,91.35
123.80,93.54
123.84,92.45
123.88,91.62
123.92,92.42
123.96,91.70
124.00,94.43
124.04,91.86
124.08,91.22
124.12,92.29
124.16,92.28
124.20,94.81
124.24,92.34
124.28,95.27
124.32,93.72
124.36,92.28
124.40,93.81
124.44,94.45
124.48,94.27
124.52,93.63
124.56,92.26
124.60,94.14
124.64,93.38
124.68,92.89
124.72,94.01
124.76,93.01
124.80,92.87
124.84,93.44
124.88,93.40
124.92,92.67
124.96,92.63
125.00,92.21
125.04,91.15
125.08,93.47
125.12,91.98
125.16,92.31
125.20,91.30
125.24,92.47
125.28,91.22
125.32,91.23
125.36,92.40
125.40,92.57
125.44,90.41
125.48,91.01
125.52,88.98
125.56,90.06
125.60,88.67
125.64,88.32
125.68,90.69
125.72,90.03
125.76,88.63
125.80,89.54
125.84,89.55
125.88,86.85
125.92,87.50
125.96,86.53
126.00,87.15
126.04,86.33
126.08,86.42
126.12,85.37
126.16,86.38
126.20,85.66
126.24,84.81
126.28,84.51
126.32,86.44
126.36,84.40
126.40,86.02
126.44,83.11
126.48,84.77
126.52,83.64
126.56,83.44
126.60,82.35
126.64,82.49
126.68,83.65
126.72,83.43
126.76,82.59
126.80,80.48
126.84,81.87
126.88,81.77
126.92,81.58
126.96,82.40
127.00,80.36
127.04,80.57
127.08,83.24
127.12,81.49
127.16,79.90
127.20,81.76
127.24,81.74
127.28,81.28
127.32,81.85
127.36,81.57
127.40,81.88
127.44,80.02
127.48,81.86
127.52,81.82
127.56,81.82
127.60,80.25
127.64,83.30
127.68,82.79
127.72,82.98
127.76,82.13
127.80,81.74
127.84,80.78
127.88,83.21
127.92,83.09
127.96,83.34
128.00,80.48
128.04,83.51
128.08,83.00
128.12,83.67
128.16,82.24
128.20,83.99
128.24,85.56
128.28,83.24
128.32,82.80
128.36,84.49
128.40,83.88
128.44,83.58
128.48,85.12
128.52,82.58
128.56,83.75
128.60,83.73
128.64,83.96
128.68,83.93
128.72,82.01
128.76,83.33
128.80,83.92
128.84,84.26
128.88,83.53
128.92,83.95
128.96,84.86
129.00,84.28
129.04,85.79
129.08,83.36
129.12,84.68
129.16,84.32
129.20,83.72
129.24,84.20
129.28,83.05
129.32,82.94
129.36,82.93
129.40,80.36
129.44,83.33
129.48,81.23
129.52,81.83
129.56,83.38
129.60,81.51
129.64,82.75
129.68,82.79
129.72,80.90
129.76,79.01
129.80,81.15
129.84,81.18
129.88,79.35
129.92,79.58
129.96,79.90
130.00,79.52
130.04,80.25
130.08,78.24
130.12,79.23
130.16,77.89
130.20,79.78
130.24,80.02
130.28,77.93
130.32,77.99
130.36,78.28
130.40,78.15
130.44,75.22
130.48,78.14
130.52,77.69
130.56,76.73
130.60,75.24
130.64,76.13
130.68,77.76
130.72,76.13
130.76,77.13
130.80,76.21
130.84,76.28
130.88,76.86
130.92,75.84
130.96,76.18
131.00,75.09
131.04,74.26
131.08,75.59
131.12,75.81
131.16,75.84
131.20,74.70
131.24,75.98
131.28,75.38
131.32,74.56
131.36,75.02
131.40,74.67
131.44,76.79
131.48,74.78
131.52,75.09
131.56,75.99
131.60,76.81
131.64,75.42
131.68,76.10
131.72,78.21
131.76,76.12
131.80,76.76
131.84,76.95
131.88,74.59
131.92,75.83
131.96,78.12
132.00,78.33
132.04,78.83
132.08,77.51
132.12,78.80
132.16,77.67
132.20,79.49
132.24,78.93
132.28,77.24
132.32,76.88
132.36,78.15
132.40,79.34
132.44,78.41
132.48,79.31
132.52,80.06
132.56,78.10
132.60,79.56
132.64,78.16
132.68,79.84
132.72,82.05
132.76,79.16
132.80,79.50
132.84,78.40
132.88,79.91
132.92,81.28
132.96,81.90
133.00,80.36
133.04,79.38
133.08,79.09
133.12,79.08
133.16,79.58
133.20,78.88
133.24,80.77
133.28,77.97
133.32,77.89
133.36,79.44
133.40,78.80
133.44,75.98
133.48,78.06
133.52,77.48
133.56,77.07
133.60,77.61
133.64,77.63
133.68,77.11
133.72,78.11
133.76,77.68
133.80,77.81
133.84,76.11
133.88,76.67
133.92,76.67
133.96,74.86
134.00,75.92
134.04,75.00
134.08,76.68
134.12,74.50
134.16,74.21
134.20,73.27
134.24,75.04
134.28,74.42
134.32,74.44
134.36,73.30
134.40,73.96
134.44,74.68
134.48,72.21
134.52,72.65
134.56,72.55
134.60,73.63
134.64,71.34
134.68,73.04
134.72,73.57
134.76,72.60
134.80,71.42
134.84,71.21
134.88,71.03
134.92,71.27
134.96,71.55
135.00,72.14
135.04,71.19
135.08,71.15
135.12,73.34
135.16,72.44
135.20,72.37
135.24,72.91
135.28,72.13
135.32,72.57
135.36,70.70
135.40,73.74
135.44,73.52
135.48,72.95
135.52,70.99
135.56,72.88
135.60,72.49
135.64,73.67
135.68,72.76
135.72,72.43
135.76,72.41
135.80,74.75
135.84,74.17
135.88,73.42
135.92,74.30
135.96,72.63
136.00,75.59
136.04,74.52
136.08,73.48
136.12,74.37
136.16,76.06
136.20,75.61
136.24,75.38
136.28,74.20
136.32,76.29
136.36,75.89
136.40,75.46
136.44,74.88
136.48,76.05
136.52,73.91
136.56,76.53
136.60,75.79
136.64,77.11
136.68,76.79
136.72,78.13
136.76,77.16
136.80,77.87
136.84,76.96
136.88,77.34
136.92,75.94
136.96,77.84
137.00,76.32
137.04,76.78
137.08,76.23
137.12,77.45
137.16,75.28
137.20,76.05
137.24,75.52
137.28,76.33
137.32,75.82
137.36,75.59
137.40,75.55
137.44,74.51
137.48,74.23
137.52,75.86
137.56,73.87
137.60,74.66
137.64,75.78
137.68,74.22
137.72,74.14
137.76,76.05
137.80,73.05
137.84,74.20
137.88,72.29
137.92,73.51
137.96,74.97
138.00,71.52
138.04,72.11
138.08,72.86
138.12,71.28
138.16,72.94
138.20,72.38
138.24,72.59
138.28,71.11
138.32,71.17
138.36,71.60
138.40,70.89
138.44,70.87
138.48,69.25
138.52,70.91
138.56,70.18
138.60,70.51
138.64,70.00
138.68,69.93
138.72,69.23
138.76,68.73
138.80,70.04
138.84,69.09
138.88,70.30
138.92,66.66
138.96,70.01
139.00,68.20
139.04,68.75
139.08,69.20
139.12,68.24
139.16,67.90
139.20,68.23
139.24,71.24
139.28,68.68
139.32,69.42
139.36,68.77
139.40,69.53
139.44,68.03
139.48,70.08
139.52,69.67
139.56,69.80
139.60,70.01
139.64,68.99
139.68,70.03
139.72,71.02
139.76,72.22
139.80,70.63
139.84,72.03
139.88,69.91
139.92,72.21
139.96,70.55
140.00,72.09
140.04,71.42
140.08,73.71
140.12,72.44
140.16,72.67
140.20,72.39
140.24,72.34
140.28,72.26
140.32,73.49
140.36,72.77
140.40,73.84
140.44,73.79
140.48,74.16
140.52,74.35
140.56,73.19
140.60,73.78
140.64,72.95
140.68,72.87
140.72,73.56
140.76,73.67
140.80,75.17
140.84,74.17
140.88,74.42
140.92,75.36
140.96,74.12
141.00,72.91
141.04,73.79
141.08,73.53
141.12,74.89
141.16,72.23
141.20,74.19
141.24,75.59
141.28,72.62
141.32,72.77
141.36,73.01
141.40,73.89
141.44,71.87
141.48,72.90
141.52,71.69
141.56,71.36
141.60,72.58
141.64,71.63
141.68,72.64
141.72,70.84
141.76,71.09
141.80,71.42
141.84,71.54
141.88,71.25
141.92,71.08
141.96,70.70
142.00,69.38
142.04,70.09
142.08,70.17
142.12,70.92
142.16,70.44
142.20,69.62
142.24,70.42
142.28,69.86
142.32,67.38
142.36,69.05
142.40,69.22
142.44,68.19
142.48,68.53
142.52,69.81
142.56,67.82
142.60,66.86
142.64,67.14
142.68,66.58
142.72,68.37
142.76,67.59
142.80,65.42
142.84,67.41
142.88,66.13
142.92,66.47
142.96,67.17
143.00,67.25
143.04,65.10
143.08,65.99
143.12,65.89
143.16,65.62
143.20,67.60
143.24,67.15
143.28,67.37
143.32,66.34
143.36,68.08
143.40,67.81
143.44,67.23
143.48,68.23
143.52,66.57
143.56,67.12
143.60,69.66
143.64,67.82
143.68,67.53
143.72,69.77
143.76,68.26
143.80,68.35
143.84,68.48
143.88,67.97
143.92,70.47
143.96,69.36
144.00,68.95
144.04,69.97
144.08,69.50
144.12,69.25
144.16,71.74
144.20,70.20
144.24,72.27
144.28,71.27
144.32,70.39
144.36,70.95
144.40,72.36
144.44,70.81
144.48,71.55
144.52,71.67
144.56,70.94
144.60,72.34
144.64,72.17
144.68,71.58
144.72,72.19
144.76,73.35
144.80,71.81
144.84,71.98
144.88,71.09
144.92,72.86
144.96,72.78
145.00,71.94
145.04,72.24
145.08,72.59
145.12,73.24
145.16,73.47
145.20,72.89
145.24,72.08
145.28,72.05
145.32,70.42
145.36,71.23
145.40,71.59
145.44,71.48
145.48,71.51
145.52,70.23
145.56,71.60
145.60,70.18
145.64,72.67
145.68,69.66
145.72,69.57
145.76,68.99
145.80,69.26
145.84,69.94
145.88,70.30
145.92,70.20
145.96,68.91
146.00,69.37
146.04,68.93
146.08,68.28
146.12,67.71
146.16,68.73
146.20,66.84
146.24,66.82
146.28,67.52
146.32,65.35
146.36,67.07
146.40,66.92
146.44,65.14
146.48,65.37
146.52,67.18
146.56,65.40
146.60,66.33
146.64,65.99
146.68,66.37
146.72,64.25
146.76,65.84
146.80,64.09
146.84,65.81
146.88,65.19
146.92,66.12
146.96,64.89
147.00,64.76
147.04,63.87
147.08,65.19
147.12,65.47
147.16,66.20
147.20,64.84
147.24,64.74
147.28,65.25
147.32,64.37
147.36,66.34
147.40,64.52
147.44,65.47
147.48,64.65
147.52,65.91
147.56,63.49
147.60,65.70
147.64,65.68
147.68,67.08
147.72,66.74
147.76,64.02
147.80,67.25
147.84,67.21
147.88,67.87
147.92,66.50
147.96,68.50
148.00,68.26
148.04,68.98
148.08,67.61
148.12,68.66
148.16,69.19
148.20,68.86
148.24,67.51
148.28,69.42
148.32,69.99
148.36,68.51
148.40,68.64
148.44,70.92
148.48,69.87
148.52,71.28
148.56,70.83
148.60,70.93
148.64,69.22
148.68,71.19
148.72,72.34
148.76,69.60
148.80,69.67
148.84,71.08
148.88,71.47
148.92,71.84
148.96,70.52
149.00,70.85
149.04,70.45
149.08,69.95
149.12,69.96
149.16,70.47
149.20,69.71
149.24,69.99
149.28,69.71
149.32,70.60
149.36,71.41
149.40,71.62
149.44,69.77
149.48,69.49
149.52,69.27
149.56,70.18
149.60,69.69
149.64,69.54
149.68,68.46
149.72,67.86
149.76,69.08
149.80,66.48
149.84,68.91
149.88,68.27
149.92,68.63
149.96,67.63
150.00,67.74
150.04,66.78
150.08,66.41
150.12,67.44
150.16,66.54
150.20,67.71
150.24,67.24
150.28,65.62
150.32,65.97
150.36,66.47
150.40,64.90
150.44,65.25
150.48,66.56
150.52,64.06
150.56,65.74
150.60,65.43
150.64,64.63
150.68,65.22
150.72,63.75
150.76,65.25
150.80,65.00
150.84,64.65
150.88,63.05
150.92,66.22
150.96,64.76
151.00,67.26
151.04,64.04
151.08,63.75
151.12,62.86
151.16,64.32
151.20,64.48
151.24,63.46
151.28,67.36
151.32,66.67
151.36,63.87
151.40,65.64
151.44,64.54
151.48,64.70
151.52,64.88
151.56,66.67
151.60,69.27
151.64,67.32
151.68,66.93
151.72,66.19
151.76,67.91
151.80,65.52
151.84,65.85
151.88,66.68
151.92,65.18
151.96,65.46
152.00,67.52
152.04,67.64
152.08,68.97
152.12,68.91
152.16,67.87
152.20,68.08
152.24,68.65
152.28,70.05
152.32,68.93
152.36,69.27
152.40,69.49
152.44,70.27
152.48,70.24
152.52,69.75
152.56,70.05
152.60,69.40
152.64,70.24
152.68,70.32
152.72,68.40
152.76,71.20
152.80,72.08
152.84,72.75
152.88,71.99
152.92,71.07
152.96,71.02
153.00,70.57
153.04,71.01
153.08,70.34
153.12,70.86
153.16,71.55
153.20,71.52
153.24,69.65
153.28,70.03
153.32,72.49
153.36,70.63
153.40,71.08
153.44,71.10
153.48,70.24
153.52,69.31
153.56,69.55
153.60,69.28
153.64,69.44
153.68,69.48
153.72,71.29
153.76,69.45
153.80,67.24
153.84,68.50
153.88,68.59
153.92,69.31
153.96,68.81
154.00,67.86
154.04,67.04
154.08,67.71
154.12,67.66
154.16,65.81
154.20,66.40
154.24,67.40
154.28,66.00
154.32,66.14
154.36,69.19
154.40,67.93
154.44,66.49
154.48,66.03
154.52,66.05
154.56,65.32
154.60,64.64
154.64,66.13
154.68,65.07
154.72,64.07
154.76,62.86
154.80,65.04
154.84,65.62
154.88,65.53
154.92,65.34
154.96,65.33
155.00,67.08
155.04,64.29
155.08,64.56
155.12,65.23
155.16,64.74
155.20,65.70
155.24,65.05
155.28,67.12
155.32,65.94
155.36,63.68
155.40,64.20
155.44,66.30
155.48,64.02
155.52,66.80
155.56,65.71
155.60,66.07
155.64,69.22
155.68,66.85
155.72,67.02
155.76,66.52
155.80,65.99
155.84,67.37
155.88,66.27
155.92,68.40
155.96,68.74
156.00,67.35
156.04,69.49
156.08,69.68
156.12,67.44
156.16,68.95
156.20,70.23
156.24,68.56
156.28,69.50
156.32,71.67
156.36,69.99
156.40,70.31
156.44,70.18
156.48,69.61
156.52,70.76
156.56,70.00
156.60,70.02
156.64,71.92
156.68,71.27
156.72,71.97
156.76,71.90
156.80,69.39
156.84,72.92
156.88,70.81
156.92,71.63
156.96,72.07
157.00,72.81
157.04,72.73
157.08,74.26
157.12,73.03
157.16,72.99
157.20,71.11
157.24,72.47
157.28,71.24
157.32,71.87
157.36,71.87
157.40,72.16
157.44,70.92
157.48,72.83
157.52,70.09
157.56,71.70
157.60,70.35
157.64,71.07
157.68,68.16
157.72,69.25
157.76,69.73
157.80,70.04
157.84,72.28
157.88,69.93
157.92,69.52
157.96,68.72
158.00,67.77
158.04,68.03
158.08,69.39
158.12,69.02
158.16,67.03
158.20,67.93
158.24,69.06
158.28,68.19
158.32,66.47
158.36,68.45
158.40,67.98
158.44,67.64
158.48,68.05
158.52,67.22
158.56,66.95
158.60,66.26
158.64,65.50
158.68,67.08
158.72,66.20
158.76,66.44
158.80,65.23
158.84,65.88
158.88,67.05
158.92,65.69
158.96,67.13
159.00,65.97
159.04,66.68
159.08,67.17
159.12,65.94
159.16,67.48
159.20,67.04
159.24,68.69
159.28,68.70
159.32,66.79
159.36,67.76
159.40,68.17
159.44,68.81
159.48,67.52
159.52,68.30
159.56,67.39
159.60,68.02
159.64,67.53
159.68,69.51
159.72,68.16
159.76,70.05
159.80,69.45
159.84,68.94
159.88,69.15
159.92,71.09
159.96,70.43
160.00,69.24
160.04,71.56
160.08,69.62
160.12,70.50
160.16,70.84
160.20,71.03
160.24,72.86
160.28,71.21
160.32,72.41
160.36,71.16
160.40,71.55
160.44,71.50
160.48,70.99
160.52,72.16
160.56,73.09
160.60,73.73
160.64,72.46
160.68,73.95
160.72,72.97
160.76,73.79
160.80,73.72
160.84,72.02
160.88,72.98
160.92,73.19
160.96,73.90
161.00,74.29
161.04,74.77
161.08,73.25
161.12,72.27
161.16,73.41
161.20,74.03
161.24,73.56
161.28,74.15
161.32,75.02
161.36,73.05
161.40,71.13
161.44,72.28
161.48,71.79
161.52,72.92
161.56,71.46
161.60,72.56
161.64,71.12
161.68,71.77
161.72,72.30
161.76,72.04
161.80,70.34
161.84,71.17
161.88,69.29
161.92,70.22
161.96,71.35
162.00,69.41
162.04,71.52
162.08,69.13
162.12,69.56
162.16,69.72
162.20,69.49
162.24,69.66
162.28,70.75
162.32,69.51
162.36,70.25
162.40,68.60
162.44,67.67
162.48,67.75
162.52,69.15
162.56,67.41
162.60,67.36
162.64,69.23
162.68,68.78
162.72,69.56
162.76,66.92
162.80,68.75
162.84,69.29
162.88,67.39
162.92,67.41
162.96,67.02
163.00,68.49
163.04,68.06
163.08,67.70
163.12,68.11
163.16,68.43
163.20,69.41
163.24,69.06
163.28,67.95
163.32,69.06
163.36,67.75
163.40,69.03
163.44,68.70
163.48,69.11
163.52,68.58
163.56,70.06
163.60,68.67
163.64,69.48
163.68,69.75
163.72,70.99
163.76,71.40
163.80,71.50
163.84,69.15
163.88,71.96
163.92,70.55
163.96,70.89
164.00,71.43
164.04,70.70
164.08,70.62
164.12,71.49
164.16,72.02
164.20,71.79
164.24,72.26
164.28,72.81
164.32,72.62
164.36,72.29
164.40,73.47
164.44,73.41
164.48,74.26
164.52,73.85
164.56,73.51
164.60,74.05
164.64,74.70
164.68,73.81
164.72,75.11
164.76,74.03
164.80,75.39
164.84,74.83
164.88,75.17
164.92,74.49
164.96,74.41
165.00,75.88
165.04,74.80
165.08,75.16
165.12,76.62
165.16,74.54
165.20,73.97
165.24,73.14
165.28,74.23
165.32,75.75
165.36,74.87
165.40,73.69
165.44,74.16
165.48,74.97
165.52,73.81
165.56,72.18
165.60,72.72
165.64,72.76
165.68,73.64
165.72,73.01
165.76,72.65
165.80,73.84
165.84,73.57
165.88,71.26
165.92,73.52
165.96,73.31
166.00,73.65
166.04,72.70
166.08,71.78
166.12,69.08
166.16,70.87
166.20,71.38
166.24,69.92
166.28,69.67
166.32,70.90
166.36,70.82
166.40,70.58
166.44,69.33
166.48,70.29
166.52,68.75
166.56,70.62
166.60,69.57
166.64,69.14
166.68,69.82
166.72,69.26
166.76,69.31
166.80,68.71
166.84,69.54
166.88,70.11
166.92,69.92
166.96,70.33
167.00,68.13
167.04,67.52
167.08,69.00
167.12,70.50
167.16,69.26
167.20,69.06
167.24,69.06
167.28,70.44
167.32,70.10
167.36,70.05
167.40,71.14
167.44,69.68
167.48,71.21
167.52,70.66
167.56,70.44
167.60,70.86
167.64,71.67
167.68,70.18
167.72,71.91
167.76,71.86
167.80,70.83
167.84,73.43
167.88,70.14
167.92,72.77
167.96,72.50
168.00,72.16
168.04,71.04
168.08,72.44
168.12,71.35
168.16,72.05
168.20,72.84
168.24,72.98
168.28,72.74
168.32,73.54
168.36,74.68
168.40,74.65
168.44,73.44
168.48,75.51
168.52,74.87
168.56,72.88
168.60,75.91
168.64,75.51
168.68,76.54
168.72,75.44
168.76,75.19
168.80,77.82
168.84,75.68
168.88,78.34
168.92,76.52
168.96,74.66
169.00,74.38
169.04,74.98
169.08,74.59
169.12,75.90
169.16,76.13
169.20,74.87
169.24,76.59
169.28,74.92
169.32,75.26
169.36,75.56
169.40,75.66
169.44,74.35
169.48,74.92
169.52,75.36
169.56,74.20
169.60,74.79
169.64,73.92
169.68,74.34
169.72,73.69
169.76,73.23
169.80,73.21
169.84,72.74
169.88,71.47
169.92,72.25
169.96,72.61
170.00,70.75
170.04,72.89
170.08,72.82
170.12,72.58
170.16,72.52
170.20,72.81
170.24,72.99
170.28,69.67
170.32,69.44
170.36,70.24
170.40,69.38
170.44,71.12
170.48,70.42
170.52,69.53
170.56,70.36
170.60,69.34
170.64,71.03
170.68,71.65
170.72,69.17
170.76,70.42
170.80,68.32
170.84,68.60
170.88,70.07
170.92,69.00
170.96,69.51
171.00,69.73
171.04,68.44
171.08,69.19
171.12,68.71
171.16,70.65
171.20,70.50
171.24,70.09
171.28,68.98
171.32,70.62
171.36,68.99
171.40,70.21
171.44,71.13
171.48,70.17
171.52,69.48
171.56,71.35
171.60,70.59
171.64,70.28
171.68,71.01
171.72,73.42
171.76,71.68
171.80,72.57
171.84,71.32
171.88,71.31
171.92,72.29
171.96,72.08
172.00,72.99
172.04,71.91
172.08,72.82
172.12,74.87
172.16,73.09
172.20,74.23
172.24,73.71
172.28,73.50
172.32,74.54
172.36,72.11
172.40,76.18
172.44,73.69
172.48,74.30
172.52,75.00
172.56,74.50
172.60,75.72
172.64,75.23
172.68,75.10
172.72,75.47
172.76,76.87
172.80,76.08
172.84,77.89
172.88,75.47
172.92,75.01
172.96,75.79
173.00,74.15
173.04,75.79
173.08,76.73
173.12,76.90
173.16,76.12
173.20,74.29
173.24,74.10
173.28,73.76
173.32,73.69
173.36,74.66
173.40,73.41
173.44,75.49
173.48,75.75
173.52,74.06
173.56,73.99
173.60,75.40
173.64,74.11
173.68,74.07
173.72,73.83
173.76,73.52
173.80,74.53
173.84,71.83
173.88,73.19
173.92,71.82
173.96,72.81
174.00,72.90
174.04,73.61
174.08,72.22
174.12,71.42
174.16,70.63
174.20,70.96
174.24,71.05
174.28,71.07
174.32,70.86
174.36,69.77
174.40,69.88
174.44,71.15
174.48,69.07
174.52,69.54
174.56,71.77
174.60,68.91
174.64,70.41
174.68,70.63
174.72,69.49
174.76,69.57
174.80,69.40
174.84,68.88
174.88,67.14
174.92,70.08
174.96,69.82
175.00,69.63
175.04,68.76
175.08,67.53
175.12,68.81
175.16,68.73
175.20,68.78
175.24,67.20
175.28,68.46
175.32,69.51
175.36,69.67
175.40,67.61
175.44,69.19
175.48,69.14
175.52,68.78
175.56,71.83
175.60,72.02
175.64,69.25
175.68,69.77
175.72,71.21
175.76,70.40
175.80,70.43
175.84,71.45
175.88,70.12
175.92,70.60
175.96,72.56
176.00,71.04
176.04,72.87
176.08,71.62
176.12,72.63
176.16,72.04
176.20,71.65
176.24,72.95
176.28,71.40
176.32,72.71
176.36,72.96
176.40,72.83
176.44,72.76
176.48,72.32
176.52,73.77
176.56,73.45
176.60,73.29
176.64,73.95
176.68,74.97
176.72,75.43
176.76,74.67
176.80,73.91
176.84,74.11
176.88,73.35
176.92,75.90
176.96,75.48
177.00,74.39
177.04,73.65
177.08,74.93
177.12,74.49
177.16,73.75
177.20,73.55
177.24,73.14
177.28,72.54
177.32,71.37
177.36,72.92
177.40,72.96
177.44,73.03
177.48,72.74
177.52,74.82
177.56,72.75
177.60,72.38
177.64,71.92
177.68,71.89
177.72,72.30
177.76,73.17
177.80,74.24
177.84,71.63
177.88,71.22
177.92,70.65
177.96,70.81
178.00,72.19
178.04,68.65
178.08,70.91
178.12,70.92
178.16,70.87
178.20,69.25
178.24,68.86
178.28,68.73
178.32,69.69
178.36,69.13
178.40,67.51
178.44,69.56
178.48,68.38
178.52,67.85
178.56,69.27
178.60,67.29
178.64,68.42
178.68,66.50
178.72,68.12
178.76,67.39
178.80,67.25
178.84,67.23
178.88,67.10
178.92,66.92
178.96,66.44
179.00,67.65
179.04,66.99
179.08,67.32
179.12,68.06
179.16,68.04
179.20,66.82
179.24,66.27
179.28,68.81
179.32,66.38
179.36,68.59
179.40,67.94
179.44,67.15
179.48,68.06
179.52,67.62
179.56,67.07
179.60,68.00
179.64,69.03
179.68,68.52
179.72,68.18
179.76,68.33
179.80,68.31
179.84,67.10
179.88,69.36
179.92,68.53
179.96,69.91
180.00,71.13
180.04,69.28
180.08,70.65
180.12,71.38
180.16,71.40
180.20,71.36
180.24,70.86
180.28,70.79
180.32,71.96
180.36,73.30
180.40,71.56
180.44,70.71
180.48,72.74
180.52,69.81
180.56,72.02
180.60,72.22
180.64,71.42
180.68,71.81
180.72,72.42
180.76,71.41
180.80,72.28
180.84,70.92
180.88,71.76
180.92,72.34
180.96,72.16
181.00,70.91
181.04,72.79
181.08,72.72
181.12,73.44
181.16,71.83
181.20,72.35
181.24,70.91
181.28,71.40
181.32,72.23
181.36,70.94
181.40,71.85
181.44,72.75
181.48,71.29
181.52,71.62
181.56,72.63
181.60,70.47
181.64,70.19
181.68,69.10
181.72,69.58
181.76,71.17
181.80,69.11
181.84,70.49
181.88,69.92
181.92,70.33
181.96,67.69
182.00,68.13
182.04,69.04
182.08,68.75
182.12,68.54
182.16,68.64
182.20,66.60
182.24,66.69
182.28,68.15
182.32,67.28
182.36,66.17
182.40,67.18
182.44,66.80
182.48,68.12
182.52,66.05
182.56,65.89
182.60,66.07
182.64,66.13
182.68,65.05
182.72,65.98
182.76,66.65
182.80,65.16
182.84,67.45
182.88,66.43
182.92,65.97
182.96,65.51
183.00,65.35
183.04,66.55
183.08,65.63
183.12,64.89
183.16,65.30
183.20,63.93
183.24,65.87
183.28,65.82
183.32,65.18
183.36,66.09
183.40,67.56
183.44,65.33
183.48,66.44
183.52,66.63
183.56,65.47
183.60,65.64
183.64,65.74
183.68,67.62
183.72,67.16
183.76,67.04
183.80,67.09
183.84,67.27
183.88,68.15
183.92,67.89
183.96,67.05
184.00,68.26
184.04,68.20
184.08,68.78
184.12,69.17
184.16,66.92
184.20,70.43
184.24,67.25
184.28,70.01
184.32,67.53
184.36,67.87
184.40,68.61
184.44,69.39
184.48,70.57
184.52,69.02
184.56,69.94
184.60,70.59
184.64,69.97
184.68,68.96
184.72,70.32
184.76,70.01
184.80,69.62
184.84,70.33
184.88,71.23
184.92,69.31
184.96,71.80
185.00,71.41
185.04,70.12
185.08,70.89
185.12,71.13
185.16,70.12
185.20,69.85
185.24,69.82
185.28,70.73
185.32,70.23
185.36,69.60
185.40,71.11
185.44,70.07
185.48,68.07
185.52,70.72
185.56,69.27
185.60,66.60
185.64,70.05
185.68,69.20
185.72,68.82
185.76,67.56
185.80,68.49
185.84,68.46
185.88,68.15
185.92,67.34
185.96,67.99
186.00,67.50
186.04,65.64
186.08,66.48
186.12,67.35
186.16,67.38
186.20,64.79
186.24,66.59
186.28,65.11
186.32,67.37
186.36,66.73
186.40,65.02
186.44,67.37
186.48,63.90
186.52,65.35
186.56,64.07
186.60,65.13
186.64,65.59
186.68,63.97
186.72,64.06
186.76,64.87
186.80,63.14
186.84,65.21
186.88,64.04
186.92,64.97
186.96,64.83
187.00,63.81
187.04,64.98
187.08,63.17
187.12,62.71
187.16,63.78
187.20,62.88
187.24,64.13
187.28,62.73
187.32,64.53
187.36,65.25
187.40,63.00
187.44,62.36
187.48,65.18
187.52,65.27
187.56,63.31
187.60,65.14
187.64,64.00
187.68,64.99
187.72,63.99
187.76,67.61
187.80,65.08
187.84,65.94
187.88,66.36
187.92,65.71
187.96,67.33
188.00,66.49
188.04,66.80
188.08,67.68
188.12,67.56
188.16,66.65
188.20,67.83
188.24,67.91
188.28,68.12
188.32,68.83
188.36,67.16
188.40,68.64
188.44,68.88
188.48,69.56
188.52,69.12
188.56,67.21
188.60,68.16
188.64,70.36
188.68,69.65
188.72,68.87
188.76,69.63
188.80,70.01
188.84,69.35
188.88,68.93
188.92,70.56
188.96,69.42
189.00,68.12
189.04,69.44
189.08,67.62
189.12,70.61
189.16,68.83
189.20,69.41
189.24,69.74
189.28,67.80
189.32,68.90
189.36,68.37
189.40,67.83
189.44,67.97
189.48,68.32
189.52,68.53
189.56,68.49
189.60,68.06
189.64,68.00
189.68,68.13
189.72,66.71
189.76,66.35
189.80,65.09
189.84,67.40
189.88,68.33
189.92,65.84
189.96,65.35
190.00,65.36
190.04,67.01
190.08,66.20
190.12,64.96
190.16,64.52
190.20,64.46
190.24,65.06
190.28,63.83
190.32,64.76
190.36,64.26
190.40,64.26
190.44,64.88
190.48,64.05
190.52,63.17
190.56,63.70
190.60,62.81
190.64,62.93
190.68,63.98
190.72,63.65
190.76,61.35
190.80,63.28
190.84,64.41
190.88,63.51
190.92,60.77
190.96,62.57
191.00,62.50
191.04,63.14
191.08,64.57
191.12,63.36
191.16,64.34
191.20,63.39
191.24,63.66
191.28,64.44
191.32,63.35
191.36,64.97
191.40,63.56
191.44,62.11
191.48,65.55
191.52,62.69
191.56,62.78
191.60,63.63
191.64,63.44
191.68,64.21
191.72,64.73
191.76,64.43
191.80,65.48
191.84,64.66
191.88,65.73
191.92,65.16
191.96,67.12
192.00,66.62
192.04,65.99
192.08,65.70
192.12,67.83
192.16,67.74
192.20,66.06
192.24,66.26
192.28,65.99
192.32,66.59
192.36,68.05
192.40,68.40
192.44,67.72
192.48,67.70
192.52,67.23
192.56,69.19
192.60,67.72
192.64,66.82
192.68,68.61
192.72,68.68
192.76,68.62
192.80,69.47
192.84,69.95
192.88,68.35
192.92,69.31
192.96,69.69
193.00,68.39
193.04,69.21
193.08,68.43
193.12,69.14
193.16,68.87
193.20,68.37
193.24,68.69
193.28,67.85
193.32,69.88
193.36,68.78
193.40,67.23
193.44,68.95
193.48,68.37
193.52,67.56
193.56,68.03
193.60,66.71
193.64,68.05
193.68,67.27
193.72,69.07
193.76,66.17
193.80,68.95
193.84,66.35
193.88,67.22
193.92,65.74
193.96,66.64
194.00,66.09
194.04,64.70
194.08,67.12
194.12,65.54
194.16,66.06
194.20,64.60
194.24,63.43
194.28,65.06
194.32,63.64
194.36,65.14
194.40,64.30
194.44,64.30
194.48,64.18
194.52,64.68
194.56,65.58
194.60,64.77
194.64,63.65
194.68,63.97
194.72,62.64
194.76,64.79
194.80,62.86
194.84,63.19
194.88,62.70
194.92,63.11
194.96,61.85
195.00,62.20
195.04,63.37
195.08,63.87
195.12,64.40
195.16,64.25
195.20,64.08
195.24,64.20
195.28,63.79
195.32,64.41
195.36,63.50
195.40,63.06
195.44,64.05
195.48,64.68
195.52,63.75
195.56,65.25
195.60,64.46
195.64,64.06
195.68,65.95
195.72,63.48
195.76,64.81
195.80,66.73
195.84,65.12
195.88,66.71
195.92,66.48
195.96,66.23
196.00,67.63
196.04,67.55
196.08,67.41
196.12,67.42
196.16,67.20
196.20,67.91
196.24,66.80
196.28,68.97
196.32,69.03
196.36,68.92
196.40,67.07
196.44,69.46
196.48,69.52
196.52,68.62
196.56,71.12
196.60,69.42
196.64,70.04
196.68,69.72
196.72,70.04
196.76,69.96
196.80,69.54
196.84,69.99
196.88,69.46
196.92,71.82
196.96,69.35
197.00,70.70
197.04,70.31
197.08,69.15
197.12,69.37
197.16,71.51
197.20,69.18
197.24,68.52
197.28,69.37
197.32,70.23
197.36,69.37
197.40,69.51
197.44,68.78
197.48,67.89
197.52,68.58
197.56,70.29
197.60,67.75
197.64,70.81
197.68,68.71
197.72,67.99
197.76,68.45
197.80,68.68
197.84,66.63
197.88,68.00
197.92,68.30
197.96,67.19
198.00,69.57
198.04,67.84
198.08,65.95
198.12,66.64
198.16,66.59
198.20,67.39
198.24,66.79
198.28,66.46
198.32,65.52
198.36,64.55
198.40,65.15
198.44,64.88
198.48,66.10
198.52,65.82
198.56,65.46
198.60,64.71
198.64,64.69
198.68,65.92
198.72,65.62
198.76,64.74
198.80,64.62
198.84,65.88
198.88,64.55
198.92,65.79
198.96,63.98
199.00,65.40
199.04,65.97
199.08,64.51
199.12,66.72
199.16,64.99
199.20,64.48
199.24,64.50
199.28,66.68
199.32,65.28
199.36,64.05
199.40,66.86
199.44,65.69
199.48,64.90
199.52,66.20
199.56,66.73
199.60,65.14
199.64,66.83
199.68,67.65
199.72,67.50
199.76,66.67
199.80,66.10
199.84,66.68
199.88,68.27
199.92,66.83
199.96,68.90
200.00,68.78
200.04,67.08
200.08,68.43
200.12,65.51
200.16,65.54
200.20,67.25
200.24,65.81
200.28,67.32
200.32,67.40
200.36,66.61
200.40,66.21
200.44,65.48
200.48,65.47
200.52,66.87
200.56,66.69
200.60,68.32
200.64,65.94
200.68,65.24
200.72,65.74
200.76,67.98
200.80,67.59
200.84,67.75
200.88,67.57
200.92,67.09
200.96,68.24
201.00,70.50
201.04,69.88
201.08,72.19
201.12,75.56
201.16,76.32
201.20,76.62
201.24,76.92
201.28,78.08
201.32,80.07
201.36,82.20
201.40,82.56
201.44,83.10
201.48,83.35
201.52,83.96
201.56,85.06
201.60,83.88
201.64,84.41
201.68,83.46
201.72,86.24
201.76,85.37
201.80,86.83
201.84,88.92
201.88,84.72
201.92,87.58
201.96,86.92
202.00,86.34
202.04,85.35
202.08,85.75
202.12,87.09
202.16,86.60
202.20,86.31
202.24,87.85
202.28,86.31
202.32,85.80
202.36,87.62
202.40,85.29
202.44,88.09
202.48,86.72
202.52,85.98
202.56,86.20
202.60,85.23
202.64,86.13
202.68,86.41
202.72,85.85
202.76,84.96
202.80,86.37
202.84,84.62
202.88,84.69
202.92,84.22
202.96,85.34
203.00,85.39
203.04,84.74
203.08,85.51
203.12,87.11
203.16,85.80
203.20,84.02
203.24,84.78
203.28,86.86
203.32,86.18
203.36,86.54
203.40,84.78
203.44,86.76
203.48,85.74
203.52,85.26
203.56,85.22
203.60,86.34
203.64,85.96
203.68,86.99
203.72,86.27
203.76,86.27
203.80,85.00
203.84,85.92
203.88,86.25
203.92,88.00
203.96,87.19
204.00,87.84
204.04,87.11
204.08,86.76
204.12,85.64
204.16,88.09
204.20,86.59
204.24,86.98
204.28,89.62
204.32,89.10
204.36,86.33
204.40,87.79
204.44,88.10
204.48,87.68
204.52,86.66
204.56,88.31
204.60,87.87
204.64,88.97
204.68,90.39
204.72,86.78
204.76,88.14
204.80,87.38
204.84,89.65
204.88,88.22
204.92,87.82
204.96,88.06
205.00,86.91
205.04,86.76
205.08,86.67
205.12,88.60
205.16,87.64
205.20,88.69
205.24,87.33
205.28,86.47
205.32,85.32
205.36,86.43
205.40,88.73
205.44,85.59
205.48,86.67
205.52,86.40
205.56,85.11
205.60,83.19
205.64,82.70
205.68,86.77
205.72,83.44
205.76,83.25
205.80,84.17
205.84,83.58
205.88,82.60
205.92,84.55
205.96,83.42
206.00,83.59
206.04,82.71
206.08,83.28
206.12,81.55
206.16,80.86
206.20,81.34
206.24,80.06
206.28,77.75
206.32,79.00
206.36,79.64
206.40,80.49
206.44,79.19
206.48,79.83
206.52,79.77
206.56,79.34
206.60,78.60
206.64,78.52
206.68,79.85
206.72,78.62
206.76,77.10
206.80,77.01
206.84,75.10
206.88,79.07
206.92,77.24
206.96,78.23
207.00,77.97
207.04,79.22
207.08,77.12
207.12,77.13
207.16,77.03
207.20,79.54
207.24,76.64
207.28,77.57
207.32,77.46
207.36,77.83
207.40,77.07
207.44,75.11
207.48,77.10
207.52,77.67
207.56,77.49
207.60,76.79
207.64,76.57
207.68,78.05
207.72,77.41
207.76,79.04
207.80,78.43
207.84,76.93
207.88,78.07
207.92,78.33
207.96,78.30
208.00,77.82
208.04,77.93
208.08,78.60
208.12,78.79
208.16,78.90
208.20,80.63
208.24,80.16
208.28,80.35
208.32,79.98
208.36,78.62
208.40,78.96
208.44,79.37
208.48,79.55
208.52,79.57
208.56,81.19
208.60,79.76
208.64,82.12
208.68,80.30
208.72,79.22
208.76,80.97
208.80,80.31
208.84,80.49
208.88,80.20
208.92,82.29
208.96,80.41
209.00,80.30
209.04,81.60
209.08,81.62
209.12,81.25
209.16,80.18
209.20,81.19
209.24,80.10
209.28,79.30
209.32,78.97
209.36,78.06
209.40,77.90
209.44,78.39
209.48,78.01
209.52,78.29
209.56,78.26
209.60,78.31
209.64,77.98
209.68,77.06
209.72,77.93
209.76,77.41
209.80,77.29
209.84,77.80
209.88,75.49
209.92,78.68
209.96,76.70
210.00,75.68
210.04,76.02
210.08,76.19
210.12,75.60
210.16,73.45
210.20,74.78
210.24,76.01
210.28,73.87
210.32,75.36
210.36,74.50
210.40,74.77
210.44,73.32
210.48,73.42
210.52,72.23
210.56,71.83
210.60,74.18
210.64,71.81
210.68,74.15
210.72,73.36
210.76,72.06
210.80,74.68
210.84,71.75
210.88,71.95
210.92,72.26
210.96,73.21
211.00,72.44
211.04,73.33
211.08,72.07
211.12,72.32
211.16,71.82
211.20,71.40
211.24,71.45
211.28,71.80
211.32,73.19
211.36,72.42
211.40,71.48
211.44,71.66
211.48,73.64
211.52,72.00
211.56,72.11
211.60,72.60
211.64,73.50
211.68,73.20
211.72,72.02
211.76,72.07
211.80,71.40
211.84,74.65
211.88,73.13
211.92,72.08
211.96,74.44
212.00,74.68
212.04,74.84
212.08,75.26
212.12,73.78
212.16,75.05
212.20,74.87
212.24,74.85
212.28,74.53
212.32,73.86
212.36,76.33
212.40,75.59
212.44,76.99
212.48,76.96
212.52,75.64
212.56,76.22
212.60,76.94
212.64,75.81
212.68,74.73
212.72,75.30
212.76,76.64
212.80,75.52
212.84,76.22
212.88,74.89
212.92,75.27
212.96,77.11
213.00,76.27
213.04,77.22
213.08,76.94
213.12,76.69
213.16,74.62
213.20,75.25
213.24,75.94
213.28,75.95
213.32,76.67
213.36,74.13
213.40,76.34
213.44,74.79
213.48,74.14
213.52,74.56
213.56,75.06
213.60,75.09
213.64,74.18
213.68,76.21
213.72,75.21
213.76,74.19
213.80,71.69
213.84,71.40
213.88,73.05
213.92,73.15
213.96,71.85
214.00,73.29
214.04,71.93
214.08,72.59
214.12,71.71
214.16,71.98
214.20,71.00
214.24,69.24
214.28,71.74
214.32,71.26
214.36,69.96
214.40,71.11
214.44,70.93
214.48,70.83
214.52,68.40
214.56,70.67
214.60,68.53
214.64,70.29
214.68,70.57
214.72,68.89
214.76,70.81
214.80,69.01
214.84,68.48
214.88,68.90
214.92,66.17
214.96,67.78
215.00,67.34
215.04,68.91
215.08,69.19
215.12,67.82
215.16,66.53
215.20,69.33
215.24,69.36
215.28,67.54
215.32,68.00
215.36,69.28
215.40,69.15
215.44,68.84
215.48,69.35
215.52,68.13
215.56,67.82
215.60,68.42
215.64,70.18
215.68,69.99
215.72,67.96
215.76,70.21
215.80,69.91
215.84,69.22
215.88,69.90
215.92,69.89
215.96,70.45
216.00,70.28
216.04,70.45
216.08,71.32
216.12,69.83
216.16,71.26
216.20,71.60
216.24,71.64
216.28,70.67
216.32,71.96
216.36,73.69
216.40,72.95
216.44,72.08
216.48,71.46
216.52,72.89
216.56,71.54
216.60,72.78
216.64,73.16
216.68,73.09
216.72,74.83
216.76,71.59
216.80,73.36
216.84,72.35
216.88,72.96
216.92,75.08
216.96,72.80
217.00,72.68
217.04,73.35
217.08,73.89
217.12,73.41
217.16,71.77
217.20,71.59
217.24,73.18
217.28,74.29
217.32,71.90
217.36,72.46
217.40,72.32
217.44,72.92
217.48,73.60
217.52,72.49
217.56,71.28
217.60,71.59
217.64,71.13
217.68,70.21
217.72,71.85
217.76,70.57
217.80,70.42
217.84,70.51
217.88,71.05
217.92,70.46
217.96,70.55
218.00,69.40
218.04,68.28
218.08,68.42
218.12,68.30
218.16,68.59
218.20,68.09
218.24,68.35
218.28,69.18
218.32,68.82
218.36,66.83
218.40,66.51
218.44,68.53
218.48,68.29
218.52,66.68
218.56,66.11
218.60,68.10
218.64,66.71
218.68,65.68
218.72,65.70
218.76,66.80
218.80,66.96
218.84,66.87
218.88,66.69
218.92,67.07
218.96,67.18
219.00,65.28
219.04,66.77
219.08,66.26
219.12,64.47
219.16,66.17
219.20,67.52
219.24,65.59
219.28,64.40
219.32,66.49
219.36,65.69
219.40,66.13
219.44,66.66
219.48,64.78
219.52,66.92
219.56,65.61
219.60,66.93
219.64,66.21
219.68,67.72
219.72,65.68
219.76,67.62
219.80,67.94
219.84,69.03
219.88,66.88
219.92,67.83
219.96,67.44
220.00,67.90
220.04,68.23
220.08,68.26
220.12,69.78
220.16,69.42
220.20,68.80
220.24,69.80
220.28,70.36
220.32,71.65
220.36,69.77
220.40,69.91
220.44,70.34
220.48,69.39
220.52,70.75
220.56,70.72
220.60,69.43
220.64,69.24
220.68,69.65
220.72,72.11
220.76,69.98
220.80,71.41
220.84,70.73
220.88,70.19
220.92,70.82
220.96,69.15
221.00,70.15
221.04,70.72
221.08,71.19
221.12,70.50
221.16,69.19
221.20,70.17
221.24,70.31
221.28,69.28
221.32,69.20
221.36,71.03
221.40,69.67
221.44,71.87
221.48,68.34
221.52,68.77
221.56,69.53
221.60,69.97
221.64,68.84
221.68,67.78
221.72,69.33
221.76,67.90
221.80,67.65
221.84,67.33
221.88,68.68
221.92,66.12
221.96,67.02
222.00,68.00
222.04,66.29
222.08,67.05
222.12,66.76
222.16,66.05
222.20,66.87
222.24,67.14
222.28,66.77
222.32,64.73
222.36,65.45
222.40,64.93
222.44,64.30
222.48,64.41
222.52,65.00
222.56,63.60
222.60,64.45
222.64,65.31
222.68,63.58
222.72,63.12
222.76,64.30
222.80,64.05
222.84,64.75
222.88,64.47
222.92,64.78
222.96,63.53
223.00,62.73
223.04,63.67
223.08,62.47
223.12,64.75
223.16,63.83
223.20,63.75
223.24,62.50
223.28,64.34
223.32,64.52
223.36,63.83
223.40,64.81
223.44,64.74
223.48,65.03
223.52,64.36
223.56,63.34
223.60,64.27
223.64,65.27
223.68,65.05
223.72,64.65
223.76,64.46
223.80,65.32
223.84,65.08
223.88,63.55
223.92,66.86
223.96,66.01
224.00,65.31
224.04,64.61
224.08,65.50
224.12,66.77
224.16,66.76
224.20,65.84
224.24,66.24
224.28,67.16
224.32,66.03
224.36,69.02
224.40,67.20
224.44,68.56
224.48,67.51
224.52,68.23
224.56,68.26
224.60,69.07
224.64,66.59
224.68,68.23
224.72,67.94
224.76,68.09
224.80,70.07
224.84,68.94
224.88,69.32
224.92,68.97
224.96,69.29
225.00,69.05
225.04,68.83
225.08,69.73
225.12,68.68
225.16,69.36
225.20,68.49
225.24,68.83
225.28,67.25
225.32,68.13
225.36,68.02
225.40,67.95
225.44,68.40
225.48,68.16
225.52,68.65
225.56,65.79
225.60,68.04
225.64,66.03
225.68,68.54
225.72,67.35
225.76,66.20
225.80,67.38
225.84,65.23
225.88,66.64
225.92,64.89
225.96,63.66
226.00,65.81
226.04,66.26
226.08,65.05
226.12,65.24
226.16,67.06
226.20,63.44
226.24,64.03
226.28,63.70
226.32,64.00
226.36,64.30
226.40,63.34
226.44,62.35
226.48,63.64
226.52,63.85
226.56,60.14
226.60,62.68
226.64,62.38
226.68,63.78
226.72,64.24
226.76,62.98
226.80,62.19
226.84,62.90
226.88,61.81
226.92,63.78
226.96,59.43
227.00,61.18
227.04,61.69
227.08,63.68
227.12,61.56
227.16,62.72
227.20,63.77
227.24,63.88
227.28,63.45
227.32,62.63
227.36,62.91
227.40,62.58
227.44,62.68
227.48,62.23
227.52,64.54
227.56,62.87
227.60,63.36
227.64,63.99
227.68,63.74
227.72,63.23
227.76,64.26
227.80,66.53
227.84,65.22
227.88,65.50
227.92,64.35
227.96,65.92
228.00,66.63
228.04,66.03
228.08,65.00
228.12,66.87
228.16,67.02
228.20,65.99
228.24,66.09
228.28,66.34
228.32,66.87
228.36,67.49
228.40,66.76
228.44,65.25
228.48,67.13
228.52,66.54
228.56,67.50
228.60,68.13
228.64,69.36
228.68,68.28
228.72,66.88
228.76,66.54
228.80,69.56
228.84,68.83
228.88,68.46
228.92,68.17
228.96,70.28
229.00,67.99
229.04,68.65
229.08,65.95
229.12,68.03
229.16,68.09
229.20,67.49
229.24,67.90
229.28,67.78
229.32,69.00
229.36,67.05
229.40,68.19
229.44,66.11
229.48,67.16
229.52,67.85
229.56,67.92
229.60,65.41
229.64,67.23
229.68,66.80
229.72,66.49
229.76,66.35
229.80,65.19
229.84,67.81
229.88,64.63
229.92,65.44
229.96,67.18
230.00,66.68
230.04,64.75
230.08,66.10
230.12,62.59
230.16,62.07
230.20,62.45
230.24,61.47
230.28,61.30
230.32,61.03
230.36,60.01
230.40,59.93
230.44,58.78
230.48,59.07
230.52,59.29
230.56,58.40
230.60,58.37
230.64,57.93
230.68,58.26
230.72,56.97
230.76,57.86
230.80,57.46
230.84,58.55
230.88,57.28
230.92,58.36
230.96,57.94
231.00,59.71
231.04,57.69
231.08,59.67
231.12,60.18
231.16,61.40
231.20,63.31
231.24,65.69
231.28,66.04
231.32,67.46
231.36,67.69
231.40,67.35
231.44,71.06
231.48,70.61
231.52,71.02
231.56,72.24
231.60,71.15
231.64,73.70
231.68,75.26
231.72,74.44
231.76,74.71
231.80,77.43
231.84,76.32
231.88,78.50
231.92,76.96
231.96,78.16
232.00,80.19
232.04,80.52
232.08,81.02
232.12,78.89
232.16,80.58
232.20,78.80
232.24,80.93
232.28,80.22
232.32,81.78
232.36,81.20
232.40,82.71
232.44,84.44
232.48,82.39
232.52,82.81
232.56,82.09
232.60,83.06
232.64,82.68
232.68,82.93
232.72,83.75
232.76,84.61
232.80,83.54
232.84,83.97
232.88,83.57
232.92,84.47
232.96,84.33
233.00,82.84
233.04,85.09
233.08,83.54
233.12,82.99
233.16,84.70
233.20,83.93
233.24,82.71
233.28,82.89
233.32,81.80
233.36,81.81
233.40,82.73
233.44,81.95
233.48,81.35
233.52,84.07
233.56,80.75
233.60,82.56
233.64,81.80
233.68,82.55
233.72,81.24
233.76,81.75
233.80,80.38
233.84,80.46
233.88,79.66
233.92,79.45
233.96,81.63
234.00,80.89
234.04,80.29
234.08,79.37
234.12,77.97
234.16,78.55
234.20,78.08
234.24,78.20
234.28,78.40
234.32,77.80
234.36,78.95
234.40,77.77
234.44,76.79
234.48,76.91
234.52,77.96
234.56,75.02
234.60,75.46
234.64,75.99
234.68,75.52
234.72,74.89
234.76,76.28
234.80,74.45
234.84,73.71
234.88,74.24
234.92,74.69
234.96,74.88
235.00,76.08
235.04,74.58
235.08,74.57
235.12,74.46
235.16,74.64
235.20,75.53
235.24,77.06
235.28,74.72
235.32,75.34
235.36,74.46
235.40,72.87
235.44,75.01
235.48,74.53
235.52,73.55
235.56,74.19
235.60,73.29
235.64,75.92
235.68,74.00
235.72,75.31
235.76,75.54
235.80,73.97
235.84,74.45
235.88,76.58
235.92,76.31
235.96,75.76
236.00,76.53
236.04,78.14
236.08,76.14
236.12,77.03
236.16,77.14
236.20,76.03
236.24,78.58
236.28,77.10
236.32,76.82
236.36,77.14
236.40,76.15
236.44,79.48
236.48,77.05
236.52,77.07
236.56,76.48
236.60,76.99
236.64,78.45
236.68,78.39
236.72,78.77
236.76,76.98
236.80,75.64
236.84,79.20
236.88,77.45
236.92,78.39
236.96,76.79
237.00,78.65
237.04,76.14
237.08,77.58
237.12,76.97
237.16,77.10
237.20,78.07
237.24,76.31
237.28,77.19
237.32,77.28
237.36,76.95
237.40,75.63
237.44,76.24
237.48,74.39
237.52,76.75
237.56,74.58
237.60,74.34
237.64,77.97
237.68,74.95
237.72,74.90
237.76,74.72
237.80,75.27
237.84,75.30
237.88,75.38
237.92,74.36
237.96,73.52
238.00,73.50
238.04,72.41
238.08,73.31
238.12,74.81
238.16,71.55
238.20,72.07
238.24,71.20
238.28,73.57
238.32,71.50
238.36,71.55
238.40,71.61
238.44,71.38
238.48,70.57
238.52,70.33
238.56,69.25
238.60,70.14
238.64,68.66
238.68,72.12
238.72,70.39
238.76,70.92
238.80,68.81
238.84,68.83
238.88,69.74
238.92,68.76
238.96,69.75
239.00,69.07
239.04,70.60
239.08,68.88
239.12,69.29
239.16,67.99
239.20,68.75
239.24,69.85
239.28,69.21
239.32,69.83
239.36,70.23
239.40,67.96
239.44,69.42
239.48,69.20
239.52,68.46
239.56,70.85
239.60,71.48
239.64,70.16
239.68,71.95
239.72,70.05
239.76,70.48
239.80,72.17
239.84,71.56
239.88,72.37
239.92,71.84
239.96,70.06
240.00,71.59
240.04,72.78
240.08,71.51
240.12,71.57
240.16,72.48
240.20,72.98
240.24,72.38
240.28,73.14
240.32,73.24
240.36,72.83
240.40,73.61
240.44,72.92
240.48,75.36
240.52,73.83
240.56,71.93
240.60,71.42
240.64,73.96
240.68,72.16
240.72,73.55
240.76,74.22
240.80,74.96
240.84,74.65
240.88,73.52
240.92,73.11
240.96,74.12
241.00,76.75
241.04,73.83
241.08,74.23
241.12,74.70
241.16,73.96
241.20,73.68
241.24,74.81
241.28,73.03
241.32,73.75
241.36,74.50
241.40,73.33
241.44,74.33
241.48,73.73
241.52,72.17
241.56,71.74
241.60,72.85
241.64,71.60
241.68,73.91
241.72,72.30
241.76,72.92
241.80,72.40
241.84,72.95
241.88,72.10
241.92,71.37
241.96,71.06
242.00,72.20
242.04,70.52
242.08,73.22
242.12,70.45
242.16,69.05
242.20,71.11
242.24,69.67
242.28,69.85
242.32,69.46
242.36,69.29
242.40,68.69
242.44,68.61
242.48,69.59
242.52,69.34
242.56,69.32
242.60,68.01
242.64,69.15
242.68,68.84
242.72,68.54
242.76,67.86
242.80,65.65
242.84,67.49
242.88,69.00
242.92,68.33
242.96,67.67
243.00,67.61
243.04,69.00
243.08,68.99
243.12,67.92
243.16,67.62
243.20,67.10
243.24,68.60
243.28,69.03
243.32,69.87
243.36,69.08
243.40,69.84
243.44,68.96
243.48,68.65
243.52,68.99
243.56,68.06
243.60,70.03
243.64,68.42
243.68,68.99
243.72,68.27
243.76,70.09
243.80,69.66
243.84,68.77
243.88,71.32
243.92,70.10
243.96,70.40
244.00,71.82
244.04,71.63
244.08,71.69
244.12,72.85
244.16,72.06
244.20,71.35
244.24,72.54
244.28,71.53
244.32,72.22
244.36,71.98
244.40,72.72
244.44,73.34
244.48,73.50
244.52,72.42
244.56,74.05
244.60,73.71
244.64,74.19
244.68,73.09
244.72,73.78
244.76,73.28
244.80,74.56
244.84,74.65
244.88,72.78
244.92,73.71
244.96,73.83
245.00,72.62
245.04,72.21
245.08,74.51
245.12,74.52
245.16,73.92
245.20,73.62
245.24,75.33
245.28,73.66
245.32,74.79
245.36,73.35
245.40,73.15
245.44,73.28
245.48,72.78
245.52,73.45
245.56,71.77
245.60,70.61
245.64,70.88
245.68,72.02
245.72,71.33
245.76,72.18
245.80,70.59
245.84,72.13
245.88,70.57
245.92,70.71
245.96,69.82
246.00,70.35
246.04,69.21
246.08,70.45
246.12,69.16
246.16,70.05
246.20,69.56
246.24,69.58
246.28,69.39
246.32,68.98
246.36,69.65
246.40,68.78
246.44,69.83
246.48,69.41
246.52,68.54
246.56,68.20
246.60,67.30
246.64,67.47
246.68,67.91
246.72,67.22
246.76,68.41
246.80,67.23
246.84,68.36
246.88,69.64
246.92,69.08
246.96,67.03
247.00,68.91
247.04,67.63
247.08,69.03
247.12,67.86
247.16,70.31
247.20,68.47
247.24,68.27
247.28,68.35
247.32,69.20
247.36,67.11
247.40,69.07
247.44,69.84
247.48,69.18
247.52,68.26
247.56,68.07
247.60,68.90
247.64,68.98
247.68,70.64
247.72,68.99
247.76,70.99
247.80,69.15
247.84,69.32
247.88,69.44
247.92,70.93
247.96,70.42
248.00,70.07
248.04,70.46
248.08,69.43
248.12,70.11
248.16,69.73
248.20,71.35
248.24,71.44
248.28,71.61
248.32,73.14
248.36,71.61
248.40,72.86
248.44,74.32
248.48,73.99
248.52,73.25
248.56,73.89
248.60,73.78
248.64,72.23
248.68,75.13
248.72,73.21
248.76,72.09
248.80,74.62
248.84,73.06
248.88,73.87
248.92,72.53
248.96,73.22
249.00,74.77
249.04,73.46
249.08,73.85
249.12,74.29
249.16,73.60
249.20,73.02
249.24,73.08
249.28,73.86
249.32,73.01
249.36,75.49
249.40,73.97
249.44,74.87
249.48,71.91
249.52,73.64
249.56,72.57
249.60,72.45
249.64,73.94
249.68,72.18
249.72,71.44
249.76,72.56
249.80,71.06
249.84,72.34
249.88,69.01
249.92,71.23
249.96,70.31
250.00,71.56
250.04,71.48
250.08,69.72
250.12,71.07
250.16,68.94
250.20,69.03
250.24,69.80
250.28,68.24
250.32,70.19
250.36,68.36
250.40,68.10
250.44,69.81
250.48,69.53
250.52,68.59
250.56,69.14
250.60,68.55
250.64,69.14
250.68,67.80
250.72,67.70
250.76,67.96
250.80,67.83
250.84,67.64
250.88,67.13
250.92,68.68
250.96,67.47
251.00,68.58
251.04,67.41
251.08,68.67
251.12,67.81
251.16,67.25
251.20,66.75
251.24,66.71
251.28,69.31
251.32,67.24
251.36,67.67
251.40,68.26
251.44,68.60
251.48,70.13
251.52,70.69
251.56,69.97
251.60,68.75
251.64,69.34
251.68,70.48
251.72,69.71
251.76,68.12
251.80,70.03
251.84,69.26
251.88,71.32
251.92,69.92
251.96,70.65
252.00,69.89
252.04,70.45
252.08,70.25
252.12,71.47
252.16,72.51
252.20,71.68
252.24,74.37
252.28,72.04
252.32,72.01
252.36,73.84
252.40,73.28
252.44,74.18
252.48,74.02
252.52,74.58
252.56,73.52
252.60,74.17
252.64,74.32
252.68,74.94
252.72,73.66
252.76,74.55
252.80,72.92
252.84,75.20
252.88,72.43
252.92,73.60
252.96,74.96
253.00,74.41
253.04,75.16
253.08,73.97
253.12,73.99
253.16,75.36
253.20,75.15
253.24,73.92
253.28,72.52
253.32,71.55
253.36,72.72
253.40,74.04
253.44,72.42
253.48,73.64
253.52,73.25
253.56,73.27
253.60,73.45
253.64,73.46
253.68,73.47
253.72,72.96
253.76,71.08
253.80,72.79
253.84,71.72
253.88,71.42
253.92,69.76
253.96,70.60
254.00,72.06
254.04,71.26
254.08,70.31
254.12,71.30
254.16,70.80
254.20,69.05
254.24,71.62
254.28,71.10
254.32,70.48
254.36,69.56
254.40,69.63
254.44,69.84
254.48,68.65
254.52,70.14
254.56,69.30
254.60,68.55
254.64,69.69
254.68,66.58
254.72,69.30
254.76,67.32
254.80,67.99
254.84,66.98
254.88,68.79
254.92,68.62
254.96,67.67
255.00,69.05
255.04,68.16
255.08,67.46
255.12,69.12
255.16,67.17
255.20,65.32
255.24,67.77
255.28,67.63
255.32,68.58
255.36,69.27
255.40,69.04
255.44,67.61
255.48,67.17
255.52,70.52
255.56,68.49
255.60,70.85
255.64,68.91
255.68,72.20
255.72,69.32
255.76,69.75
255.80,69.30
255.84,70.98
255.88,71.30
255.92,70.55
255.96,72.37
256.00,71.02
256.04,71.05
256.08,70.89
256.12,71.87
256.16,71.56
256.20,69.93
256.24,72.21
256.28,71.62
256.32,72.26
256.36,71.89
256.40,72.06
256.44,71.36
256.48,73.56
256.52,72.43
256.56,73.66
256.60,74.37
256.64,75.27
256.68,73.12
256.72,73.36
256.76,74.62
256.80,73.66
256.84,73.33
256.88,73.83
256.92,73.69
256.96,74.27
257.00,72.69
257.04,74.29
257.08,74.13
257.12,74.49
257.16,73.78
257.20,73.55
257.24,76.29
257.28,74.16
257.32,73.69
257.36,72.58
257.40,72.87
257.44,71.38
257.48,74.09
257.52,72.59
257.56,69.55
257.60,70.87
257.64,68.97
257.68,70.14
257.72,70.17
257.76,68.81
257.80,67.78
257.84,67.72
257.88,68.58
257.92,68.33
257.96,67.02
258.00,66.33
258.04,66.38
258.08,67.51
258.12,64.39
258.16,66.49
258.20,64.68
258.24,66.12
258.28,65.03
258.32,65.55
258.36,65.73
258.40,64.96
258.44,65.78
258.48,65.55
258.52,65.38
258.56,68.16
258.60,69.60
258.64,66.10
258.68,70.57
258.72,70.33
258.76,69.55
258.80,73.31
258.84,72.67
258.88,73.65
258.92,73.23
258.96,74.98
259.00,74.80
259.04,74.88
259.08,76.14
259.12,76.73
259.16,78.20
259.20,77.05
259.24,77.25
259.28,79.08
259.32,77.77
259.36,77.79
259.40,78.65
259.44,79.74
259.48,79.68
259.52,80.56
259.56,79.16
259.60,80.91
259.64,81.18
259.68,81.66
259.72,80.64
259.76,79.87
259.80,81.76
259.84,83.05
259.88,80.39
259.92,83.26
259.96,83.27
260.00,81.58
260.04,81.96
260.08,82.65
260.12,82.60
260.16,81.98
260.20,84.72
260.24,83.22
260.28,82.61
260.32,83.22
260.36,84.09
260.40,83.42
260.44,85.84
260.48,84.62
260.52,83.10
260.56,83.75
260.60,83.67
260.64,82.91
260.68,85.91
260.72,84.70
260.76,83.56
260.80,86.09
260.84,84.97
260.88,85.09
260.92,84.42
260.96,83.89
261.00,84.11
261.04,85.01
261.08,84.60
261.12,83.51
261.16,83.82
261.20,85.12
261.24,82.93
261.28,83.53
261.32,82.43
261.36,84.23
261.40,83.71
261.44,84.04
261.48,82.78
261.52,82.71
261.56,81.64
261.60,82.14
261.64,83.88
261.68,81.06
261.72,80.84
261.76,81.18
261.80,80.68
261.84,80.67
261.88,79.35
261.92,79.72
261.96,78.61
262.00,79.05
262.04,79.51
262.08,78.91
262.12,78.96
262.16,78.58
262.20,78.47
262.24,78.16
262.28,78.40
262.32,77.10
262.36,76.12
262.40,76.03
262.44,76.70
262.48,76.26
262.52,76.55
262.56,74.44
262.60,76.53
262.64,75.79
262.68,75.34
262.72,75.33
262.76,74.18
262.80,76.21
262.84,74.66
262.88,74.80
262.92,75.25
262.96,73.57
263.00,74.07
263.04,75.95
263.08,71.87
263.12,74.49
263.16,75.32
263.20,75.88
263.24,73.00
263.28,73.77
263.32,74.49
263.36,74.06
263.40,74.16
263.44,74.04
263.48,74.14
263.52,75.20
263.56,74.37
263.60,74.88
263.64,74.15
263.68,74.69
263.72,75.89
263.76,74.21
263.80,75.33
263.84,74.99
263.88,74.24
263.92,76.59
263.96,76.00
264.00,74.91
264.04,76.39
264.08,75.51
264.12,75.44
264.16,77.63
264.20,73.49
264.24,77.09
264.28,77.59
264.32,74.69
264.36,77.27
264.40,78.29
264.44,76.48
264.48,76.99
264.52,76.46
264.56,77.66
264.60,76.48
264.64,76.57
264.68,77.18
264.72,76.68
264.76,78.41
264.80,76.23
264.84,78.43
264.88,76.27
264.92,75.92
264.96,77.26
265.00,76.99
265.04,76.65
265.08,77.17
265.12,77.10
265.16,75.93
265.20,76.75
265.24,76.28
265.28,74.85
265.32,76.64
265.36,76.42
265.40,76.03
265.44,76.82
265.48,75.19
265.52,75.06
265.56,75.64
265.60,73.57
265.64,75.41
265.68,74.46
265.72,73.28
265.76,73.97
265.80,74.93
265.84,74.60
265.88,74.67
265.92,72.70
265.96,72.88
266.00,73.02
266.04,73.37
266.08,71.64
266.12,72.51
266.16,70.83
266.20,70.67
266.24,70.94
266.28,70.99
266.32,70.37
266.36,70.62
266.40,70.68
266.44,69.98
266.48,70.68
266.52,68.41
266.56,69.35
266.60,68.63
266.64,70.31
266.68,69.06
266.72,70.08
266.76,69.64
266.80,69.08
266.84,68.43
266.88,69.00
266.92,68.09
266.96,68.74
267.00,68.83
267.04,66.68
267.08,68.40
267.12,69.17
267.16,67.09
267.20,67.63
267.24,69.41
267.28,69.64
267.32,68.96
267.36,69.27
267.40,68.29
267.44,68.55
267.48,68.37
267.52,69.46
267.56,68.75
267.60,69.15
267.64,70.81
267.68,69.98
267.72,70.20
267.76,68.94
267.80,70.31
267.84,69.59
267.88,70.21
267.92,72.09
267.96,70.93
268.00,71.32
268.04,72.73
268.08,72.66
268.12,70.44
268.16,70.73
268.20,71.92
268.24,72.94
268.28,71.19
268.32,71.92
268.36,71.84
268.40,72.47
268.44,73.22
268.48,71.50
268.52,71.33
268.56,72.37
268.60,73.07
268.64,70.47
268.68,72.37
268.72,73.35
268.76,74.50
268.80,73.01
268.84,71.60
268.88,74.03
268.92,72.44
268.96,72.49
269.00,74.04
269.04,72.91
269.08,72.21
269.12,72.95
269.16,72.59
269.20,71.09
269.24,72.94
269.28,74.31
269.32,72.78
269.36,72.55
269.40,71.05
269.44,71.44
269.48,71.19
269.52,71.70
269.56,71.63
269.60,71.16
269.64,70.84
269.68,70.00
269.72,71.98
269.76,70.99
269.80,70.38
269.84,70.18
269.88,70.61
269.92,69.45
269.96,67.89
270.00,69.83
270.04,70.09
270.08,69.80
270.12,68.48
270.16,68.10
270.20,68.51
270.24,69.48
270.28,68.21
270.32,68.24
270.36,67.95
270.40,66.57
270.44,67.32
270.48,66.16
270.52,65.30
270.56,65.59
270.60,68.79
270.64,67.41
270.68,65.80
270.72,66.23
270.76,64.64
270.80,66.20
270.84,66.43
270.88,64.94
270.92,66.11
270.96,64.44
271.00,66.26
271.04,66.92
271.08,66.65
271.12,65.02
271.16,65.43
271.20,66.48
271.24,65.69
271.28,67.09
271.32,67.39
271.36,65.69
271.40,67.14
271.44,65.62
271.48,65.43
271.52,65.94
271.56,68.25
271.60,67.06
271.64,66.34
271.68,66.82
271.72,67.12
271.76,67.59
271.80,68.22
271.84,68.55
271.88,66.67
271.92,67.39
271.96,69.19
272.00,67.54
272.04,68.30
272.08,68.46
272.12,67.65
272.16,69.90
272.20,69.43
272.24,69.48
272.28,69.59
272.32,69.62
272.36,70.12
272.40,69.85
272.44,70.31
272.48,70.57
272.52,68.90
272.56,71.46
272.60,71.42
272.64,70.83
272.68,71.09
272.72,71.88
272.76,70.50
272.80,71.10
272.84,72.32
272.88,70.74
272.92,71.47
272.96,70.49
273.00,72.51
273.04,71.99
273.08,70.28
273.12,71.04
273.16,72.29
273.20,70.69
273.24,69.74
273.28,72.31
273.32,70.51
273.36,70.81
273.40,71.10
273.44,69.65
273.48,69.41
273.52,70.09
273.56,71.59
273.60,70.48
273.64,70.19
273.68,68.29
273.72,68.34
273.76,68.94
273.80,69.09
273.84,68.88
273.88,69.49
273.92,69.60
273.96,67.79
274.00,68.56
274.04,67.55
274.08,66.86
274.12,68.85
274.16,67.00
274.20,68.21
274.24,67.73
274.28,66.32
274.32,65.73
274.36,67.28
274.40,66.94
274.44,64.14
274.48,67.05
274.52,67.28
274.56,68.79
274.60,65.15
274.64,65.69
274.68,67.04
274.72,64.49
274.76,65.55
274.80,65.26
274.84,64.89
274.88,66.50
274.92,65.10
274.96,66.66
275.00,66.36
275.04,64.74
275.08,66.44
275.12,63.89
275.16,66.37
275.20,65.90
275.24,64.75
275.28,66.28
275.32,68.08
275.36,66.29
275.40,63.71
275.44,66.34
275.48,66.85
275.52,64.98
275.56,66.70
275.60,66.58
275.64,67.96
275.68,66.59
275.72,67.48
275.76,68.22
275.80,68.79
275.84,68.99
275.88,67.75
275.92,67.64
275.96,67.99
276.00,68.69
276.04,68.36
276.08,69.66
276.12,69.25
276.16,71.35
276.20,69.37
276.24,70.05
276.28,69.34
276.32,69.51
276.36,68.88
276.40,70.47
276.44,70.96
276.48,71.25
276.52,70.42
276.56,70.43
276.60,71.30
276.64,70.73
276.68,71.99
276.72,72.69
276.76,71.66
276.80,71.09
276.84,71.55
276.88,70.74
276.92,70.64
276.96,71.21
277.00,71.37
277.04,73.09
277.08,72.27
277.12,71.95
277.16,71.28
277.20,70.99
277.24,70.64
277.28,73.27
277.32,70.89
277.36,70.87
277.40,71.24
277.44,71.73
277.48,69.19
277.52,71.38
277.56,70.91
277.60,70.49
277.64,70.43
277.68,69.38
277.72,70.94
277.76,68.57
277.80,70.78
277.84,70.83
277.88,69.43
277.92,69.56
277.96,69.48
278.00,68.23
278.04,67.31
278.08,67.73
278.12,66.41
278.16,68.59
278.20,69.67
278.24,68.42
278.28,67.34
278.32,67.54
278.36,68.28
278.40,66.26
278.44,68.05
278.48,67.46
278.52,66.86
278.56,68.29
278.60,67.21
278.64,66.90
278.68,66.44
278.72,68.57
278.76,66.72
278.80,64.86
278.84,66.68
278.88,66.10
278.92,66.45
278.96,65.80
279.00,66.17
279.04,68.16
279.08,67.21
279.12,66.93
279.16,66.12
279.20,65.96
279.24,66.21
279.28,66.14
279.32,66.51
279.36,67.06
279.40,67.58
279.44,68.23
279.48,67.11
279.52,67.88
279.56,66.76
279.60,68.22
279.64,67.01
279.68,69.18
279.72,69.07
279.76,68.07
279.80,68.89
279.84,70.96
279.88,69.60
279.92,69.22
279.96,69.94
280.00,69.20
280.04,69.99
280.08,68.80
280.12,70.67
280.16,69.46
280.20,70.75
280.24,69.87
280.28,70.38
280.32,71.70
280.36,71.73
280.40,69.29
280.44,72.39
280.48,71.89
280.52,72.32
280.56,72.75
280.60,72.19
280.64,71.67
280.68,72.52
280.72,73.05
280.76,73.36
280.80,73.36
280.84,72.74
280.88,71.99
280.92,72.38
280.96,73.65
281.00,73.62
281.04,73.00
281.08,72.23
281.12,73.50
281.16,71.92
281.20,71.61
281.24,71.62
281.28,72.18
281.32,72.80
281.36,71.50
281.40,74.23
281.44,72.68
281.48,72.41
281.52,73.48
281.56,70.11
281.60,73.08
281.64,71.14
281.68,70.85
281.72,70.54
281.76,73.45
281.80,70.86
281.84,71.55
281.88,71.70
281.92,70.48
281.96,71.01
282.00,71.07
282.04,71.01
282.08,69.79
282.12,70.46
282.16,68.74
282.20,68.50
282.24,67.61
282.28,70.35
282.32,68.64
282.36,68.36
282.40,68.28
282.44,68.49
282.48,68.16
282.52,69.81
282.56,66.99
282.60,68.49
282.64,67.27
282.68,68.05
282.72,67.02
282.76,67.01
282.80,67.78
282.84,65.30
282.88,68.77
282.92,67.76
282.96,66.79
283.00,68.25
283.04,67.92
283.08,68.11
283.12,68.26
283.16,65.74
283.20,68.57
283.24,69.13
283.28,68.17
283.32,69.62
283.36,68.39
283.40,69.72
283.44,68.93
283.48,68.52
283.52,68.24
283.56,68.32
283.60,69.74
283.64,68.75
283.68,69.01
283.72,69.77
283.76,69.56
283.80,68.67
283.84,69.42
283.88,70.12
283.92,69.96
283.96,69.29
284.00,72.95
284.04,70.80
284.08,72.20
284.12,72.64
284.16,70.82
284.20,74.12
284.24,72.55
284.28,73.68
284.32,72.83
284.36,71.29
284.40,73.69
284.44,72.60
284.48,75.11
284.52,73.47
284.56,73.05
284.60,72.91
284.64,73.70
284.68,72.37
284.72,74.39
284.76,74.50
284.80,74.41
284.84,75.23
284.88,73.04
284.92,72.41
284.96,75.69
285.00,73.43
285.04,74.72
285.08,75.24
285.12,74.12
285.16,75.93
285.20,75.35
285.24,74.22
285.28,74.73
285.32,74.07
285.36,72.92
285.40,74.05
285.44,74.70
285.48,74.93
285.52,72.69
285.56,72.63
285.60,74.09
285.64,72.78
285.68,72.20
285.72,74.09
285.76,72.44
285.80,72.40
285.84,72.92
285.88,71.43
285.92,73.52
285.96,72.69
286.00,70.54
286.04,72.25
286.08,71.61
286.12,71.41
286.16,71.09
286.20,72.34
286.24,72.06
286.28,68.27
286.32,70.38
286.36,70.49
286.40,69.72
286.44,68.58
286.48,71.17
286.52,69.58
286.56,69.42
286.60,69.54
286.64,67.64
286.68,68.89
286.72,70.08
286.76,69.20
286.80,69.39
286.84,68.82
286.88,70.15
286.92,68.47
286.96,69.55
287.00,69.55
287.04,67.63
287.08,68.93
287.12,68.09
287.16,69.21
287.20,69.80
287.24,69.12
287.28,70.47
287.32,69.27
287.36,70.21
287.40,69.33
287.44,70.33
287.48,68.65
287.52,71.61
287.56,68.67
287.60,69.04
287.64,69.52
287.68,70.67
287.72,72.64
287.76,71.50
287.80,72.41
287.84,71.45
287.88,71.44
287.92,72.43
287.96,72.01
288.00,71.85
288.04,71.55
288.08,72.76
288.12,72.66
288.16,74.39
288.20,73.66
288.24,73.03
288.28,73.63
288.32,74.91
288.36,73.31
288.40,73.82
288.44,74.07
288.48,74.48
288.52,75.60
288.56,74.37
288.60,75.14
288.64,75.72
288.68,74.24
288.72,73.90
288.76,75.35
288.80,75.72
288.84,74.76
288.88,76.43
288.92,75.19
288.96,76.38
289.00,75.08
289.04,75.13
289.08,76.10
289.12,74.32
289.16,76.00
289.20,74.38
289.24,75.97
289.28,75.57
289.32,74.89
289.36,75.99
289.40,75.20
289.44,74.19
289.48,72.94
289.52,75.85
289.56,75.48
289.60,74.58
289.64,73.18
289.68,74.30
289.72,74.05
289.76,75.30
289.80,73.48
289.84,73.50
289.88,73.75
289.92,74.28
289.96,73.15
290.00,72.34
290.04,71.10
290.08,70.60
290.12,73.94
290.16,71.87
290.20,70.57
290.24,72.99
290.28,71.18
290.32,72.38
290.36,71.02
290.40,71.09
290.44,70.97
290.48,69.50
290.52,70.51
290.56,69.55
290.60,69.65
290.64,70.38
290.68,69.75
290.72,71.33
290.76,69.46
290.80,70.56
290.84,69.66
290.88,69.29
290.92,69.02
290.96,70.40
291.00,70.58
291.04,70.45
291.08,69.17
291.12,70.48
291.16,70.23
291.20,70.11
291.24,72.23
291.28,70.28
291.32,70.07
291.36,69.35
291.40,71.03
291.44,72.43
291.48,70.19
291.52,71.77
291.56,71.31
291.60,69.62
291.64,70.86
291.68,70.56
291.72,72.24
291.76,72.76
291.80,72.86
291.84,71.62
291.88,71.98
291.92,72.57
291.96,70.22
292.00,72.01
292.04,72.79
292.08,73.21
292.12,75.39
292.16,71.97
292.20,74.01
292.24,72.71
292.28,74.50
292.32,75.03
292.36,74.69
292.40,74.60
292.44,75.07
292.48,74.67
292.52,75.64
292.56,74.85
292.60,75.31
292.64,75.41
292.68,74.79
292.72,75.06
292.76,75.38
292.80,75.47
292.84,76.01
292.88,76.41
292.92,76.48
292.96,75.47
293.00,76.73
293.04,75.89
293.08,76.08
293.12,75.67
293.16,76.76
293.20,74.77
293.24,75.31
293.28,76.82
293.32,76.44
293.36,76.27
293.40,75.49
293.44,73.50
293.48,74.63
293.52,72.75
293.56,73.38
293.60,75.00
293.64,74.69
293.68,74.27
293.72,74.20
293.76,73.47
293.80,73.49
293.84,73.25
293.88,73.49
293.92,72.12
293.96,72.38
294.00,71.01
294.04,71.60
294.08,73.68
294.12,72.64
294.16,72.65
294.20,72.55
294.24,71.84
294.28,71.06
294.32,72.12
294.36,71.41
294.40,69.94
294.44,70.54
294.48,70.16
294.52,70.22
294.56,71.19
294.60,71.19
294.64,70.18
294.68,69.04
294.72,68.96
294.76,68.61
294.80,69.01
294.84,70.43
294.88,68.91
294.92,70.18
294.96,68.77
295.00,69.30
295.04,68.73
295.08,69.67
295.12,69.63
295.16,70.86
295.20,69.64
295.24,68.42
295.28,68.49
295.32,68.90
295.36,70.70
295.40,70.25
295.44,69.11
295.48,69.22
295.52,69.38
295.56,71.49
295.60,69.84
295.64,72.43
295.68,70.38
295.72,71.51
295.76,73.02
295.80,71.81
295.84,72.86
295.88,71.87
295.92,72.49
295.96,72.78
296.00,72.58
296.04,72.64
296.08,73.53
296.12,73.27
296.16,71.86
296.20,71.83
296.24,73.04
296.28,73.59
296.32,74.66
296.36,73.34
296.40,73.63
296.44,74.99
296.48,74.86
296.52,74.08
296.56,74.13
296.60,73.86
296.64,73.98
296.68,75.09
296.72,74.73
296.76,75.26
296.80,75.17
296.84,75.23
296.88,76.07
296.92,75.26
296.96,74.60
297.00,75.01
297.04,76.35
297.08,76.60
297.12,75.29
297.16,74.70
297.20,75.03
297.24,76.22
297.28,74.29
297.32,73.76
297.36,75.61
297.40,73.90
297.44,75.50
297.48,75.69
297.52,72.58
297.56,73.44
297.60,73.87
297.64,74.54
297.68,73.32
297.72,72.68
297.76,73.27
297.80,71.85
297.84,73.24
297.88,72.26
297.92,71.82
297.96,73.21
298.00,72.09
298.04,70.58
298.08,71.64
298.12,70.76
298.16,70.52
298.20,70.34
298.24,71.78
298.28,72.02
298.32,70.08
298.36,67.23
298.40,70.66
298.44,69.79
298.48,68.02
298.52,68.56
298.56,68.13
298.60,68.45
298.64,68.95
298.68,68.51
298.72,68.45
298.76,70.01
298.80,66.57
298.84,68.75
298.88,66.32
298.92,69.19
298.96,67.07
299.00,65.98
299.04,68.86
299.08,69.19
299.12,68.71
299.16,67.40
299.20,69.03
299.24,67.19
299.28,70.56
299.32,68.48
299.36,68.40
299.40,68.80
299.44,69.34
299.48,68.29
299.52,70.12
299.56,70.38
299.60,70.51
299.64,69.57
299.68,69.02
299.72,69.55
299.76,70.42
299.80,68.69
299.84,70.69
299.88,70.87
299.92,69.35
299.96,69.65
