# SIMULARE — semnal generat de genereaza_simulare.py, nu inregistrat. Rol: control pozitiv pentru validarea lantului de analiza.
t_s,bpm
0.00,72.22
0.04,71.02
0.08,72.40
0.12,71.41
0.16,71.69
0.20,71.75
0.24,72.21
0.28,73.31
0.32,72.12
0.36,71.91
0.40,71.84
0.44,74.29
0.48,73.72
0.52,72.69
0.56,72.92
0.60,74.28
0.64,73.19
0.68,75.09
0.72,71.30
0.76,74.22
0.80,72.96
0.84,74.29
0.88,74.94
0.92,73.94
0.96,74.22
1.00,73.23
1.04,74.92
1.08,74.76
1.12,73.72
1.16,74.80
1.20,74.81
1.24,74.38
1.28,73.83
1.32,73.56
1.36,73.65
1.40,74.95
1.44,75.12
1.48,76.05
1.52,74.36
1.56,73.17
1.60,73.33
1.64,74.14
1.68,73.51
1.72,74.02
1.76,71.43
1.80,72.47
1.84,72.01
1.88,70.84
1.92,73.07
1.96,71.38
2.00,71.45
2.04,71.56
2.08,71.52
2.12,70.33
2.16,71.75
2.20,70.29
2.24,69.34
2.28,69.21
2.32,70.43
2.36,70.71
2.40,69.27
2.44,69.94
2.48,70.44
2.52,70.35
2.56,70.75
2.60,68.98
2.64,70.10
2.68,66.99
2.72,69.09
2.76,68.30
2.80,68.25
2.84,69.78
2.88,68.64
2.92,68.21
2.96,70.59
3.00,70.38
3.04,67.89
3.08,68.95
3.12,68.40
3.16,69.70
3.20,69.45
3.24,69.18
3.28,68.86
3.32,72.41
3.36,68.99
3.40,68.99
3.44,68.96
3.48,69.46
3.52,70.10
3.56,70.91
3.60,70.65
3.64,70.09
3.68,70.20
3.72,71.97
3.76,71.84
3.80,70.42
3.84,73.12
3.88,72.66
3.92,71.72
3.96,72.32
4.00,72.42
4.04,71.78
4.08,73.86
4.12,73.13
4.16,73.88
4.20,73.27
4.24,74.14
4.28,73.55
4.32,74.50
4.36,72.71
4.40,73.99
4.44,73.30
4.48,74.48
4.52,75.64
4.56,76.80
4.60,77.13
4.64,75.40
4.68,76.10
4.72,75.99
4.76,76.55
4.80,73.90
4.84,75.12
4.88,75.90
4.92,76.11
4.96,75.58
5.00,75.59
5.04,79.02
5.08,74.49
5.12,77.06
5.16,77.26
5.20,74.81
5.24,77.14
5.28,75.58
5.32,75.42
5.36,75.55
5.40,77.14
5.44,74.78
5.48,75.93
5.52,72.80
5.56,75.70
5.60,73.87
5.64,73.90
5.68,74.33
5.72,74.15
5.76,74.95
5.80,75.09
5.84,75.60
5.88,73.14
5.92,72.55
5.96,72.08
6.00,73.79
6.04,74.52
6.08,72.84
6.12,73.25
6.16,71.85
6.20,72.24
6.24,72.06
6.28,71.35
6.32,71.65
6.36,71.29
6.40,72.15
6.44,71.48
6.48,71.54
6.52,71.58
6.56,71.52
6.60,72.54
6.64,72.83
6.68,70.01
6.72,70.91
6.76,70.85
6.80,70.85
6.84,68.51
6.88,69.85
6.92,70.50
6.96,71.22
7.00,71.84
7.04,72.15
7.08,71.68
7.12,70.67
7.16,70.36
7.20,69.29
7.24,70.70
7.28,70.81
7.32,71.23
7.36,72.57
7.40,72.61
7.44,71.32
7.48,69.79
7.52,72.91
7.56,72.34
7.60,72.06
7.64,73.27
7.68,73.23
7.72,70.30
7.76,72.69
7.80,72.60
7.84,72.92
7.88,72.27
7.92,71.56
7.96,75.12
8.00,73.36
8.04,74.22
8.08,74.69
8.12,74.53
8.16,73.93
8.20,74.66
8.24,74.50
8.28,73.22
8.32,73.68
8.36,74.41
8.40,76.35
8.44,74.76
8.48,76.76
8.52,77.21
8.56,76.93
8.60,73.93
8.64,74.85
8.68,76.71
8.72,76.42
8.76,77.11
8.80,76.16
8.84,76.03
8.88,75.96
8.92,77.01
8.96,75.00
9.00,75.11
9.04,76.57
9.08,77.31
9.12,77.19
9.16,75.66
9.20,76.21
9.24,75.91
9.28,78.39
9.32,76.05
9.36,75.75
9.40,77.05
9.44,74.10
9.48,74.68
9.52,75.66
9.56,74.04
9.60,74.69
9.64,77.01
9.68,76.87
9.72,77.16
9.76,75.32
9.80,75.77
9.84,75.37
9.88,72.79
9.92,74.26
9.96,72.99
10.00,74.29
10.04,72.38
10.08,72.65
10.12,74.35
10.16,75.42
10.20,72.59
10.24,71.24
10.28,72.27
10.32,73.69
10.36,73.43
10.40,70.68
10.44,72.77
10.48,71.19
10.52,72.39
10.56,70.29
10.60,69.14
10.64,71.28
10.68,72.03
10.72,69.70
10.76,70.28
10.80,70.82
10.84,70.34
10.88,70.07
10.92,71.47
10.96,71.00
11.00,69.38
11.04,69.77
11.08,69.59
11.12,72.53
11.16,70.40
11.20,70.59
11.24,71.20
11.28,70.00
11.32,73.07
11.36,70.41
11.40,72.03
11.44,71.56
11.48,73.11
11.52,73.00
11.56,70.14
11.60,71.68
11.64,71.62
11.68,71.19
11.72,71.02
11.76,71.98
11.80,73.00
11.84,73.13
11.88,72.73
11.92,71.57
11.96,73.83
12.00,73.18
12.04,73.84
12.08,75.50
12.12,75.56
12.16,74.81
12.20,74.24
12.24,75.08
12.28,76.77
12.32,75.81
12.36,74.91
12.40,75.58
12.44,75.29
12.48,74.95
12.52,76.97
12.56,76.04
12.60,76.00
12.64,76.33
12.68,75.04
12.72,75.42
12.76,77.14
12.80,76.45
12.84,77.63
12.88,77.55
12.92,75.18
12.96,75.87
13.00,75.97
13.04,75.73
13.08,75.92
13.12,75.69
13.16,77.32
13.20,76.50
13.24,75.24
13.28,75.65
13.32,76.18
13.36,75.85
13.40,75.19
13.44,76.97
13.48,75.52
13.52,75.90
13.56,73.59
13.60,74.73
13.64,74.04
13.68,75.77
13.72,75.87
13.76,74.80
13.80,73.52
13.84,72.88
13.88,74.22
13.92,75.09
13.96,73.29
14.00,72.55
14.04,73.01
14.08,72.89
14.12,72.56
14.16,72.63
14.20,71.69
14.24,72.04
14.28,73.16
14.32,73.31
14.36,71.16
14.40,71.55
14.44,71.31
14.48,72.45
14.52,70.99
14.56,70.67
14.60,70.02
14.64,70.55
14.68,69.79
14.72,71.91
14.76,68.60
14.80,69.21
14.84,69.12
14.88,69.64
14.92,69.80
14.96,69.56
15.00,70.36
15.04,69.27
15.08,70.62
15.12,69.57
15.16,70.38
15.20,70.97
15.24,70.06
15.28,68.89
15.32,70.73
15.36,70.14
15.40,71.57
15.44,69.73
15.48,73.37
15.52,69.86
15.56,71.67
15.60,71.93
15.64,73.12
15.68,71.43
15.72,71.27
15.76,71.55
15.80,72.53
15.84,73.00
15.88,72.11
15.92,72.55
15.96,73.89
16.00,71.78
16.04,73.88
16.08,72.42
16.12,72.50
16.16,72.44
16.20,72.12
16.24,74.46
16.28,73.12
16.32,73.58
16.36,72.67
16.40,76.54
16.44,75.35
16.48,74.00
16.52,73.06
16.56,75.03
16.60,73.69
16.64,75.10
16.68,74.61
16.72,74.74
16.76,74.91
16.80,76.02
16.84,73.81
16.88,74.78
16.92,76.70
16.96,74.22
17.00,76.34
17.04,75.98
17.08,73.38
17.12,74.77
17.16,74.23
17.20,77.89
17.24,74.12
17.28,75.72
17.32,75.28
17.36,73.80
17.40,75.20
17.44,74.85
17.48,74.35
17.52,74.55
17.56,72.86
17.60,72.38
17.64,73.84
17.68,72.83
17.72,73.92
17.76,72.86
17.80,72.16
17.84,72.90
17.88,72.15
17.92,71.45
17.96,72.81
18.00,72.73
18.04,72.28
18.08,71.70
18.12,71.34
18.16,71.27
18.20,71.88
18.24,71.84
18.28,72.27
18.32,68.75
18.36,69.59
18.40,70.14
18.44,67.86
18.48,67.68
18.52,69.61
18.56,68.92
18.60,69.81
18.64,69.53
18.68,67.80
18.72,69.83
18.76,69.48
18.80,70.11
18.84,66.55
18.88,67.90
18.92,68.61
18.96,69.32
19.00,68.94
19.04,68.90
19.08,68.57
19.12,68.82
19.16,69.37
19.20,68.72
19.24,70.39
19.28,68.89
19.32,68.99
19.36,67.70
19.40,68.24
19.44,69.83
19.48,69.96
19.52,68.05
19.56,69.04
19.60,69.68
19.64,70.30
19.68,71.17
19.72,69.49
19.76,69.76
19.80,71.06
19.84,70.35
19.88,70.71
19.92,68.07
19.96,71.76
20.00,71.91
20.04,69.94
20.08,71.82
20.12,70.93
20.16,71.19
20.20,72.12
20.24,72.93
20.28,72.10
20.32,72.37
20.36,70.25
20.40,72.06
20.44,72.85
20.48,74.11
20.52,72.83
20.56,73.33
20.60,72.84
20.64,72.28
20.68,72.88
20.72,73.75
20.76,73.48
20.80,72.84
20.84,73.02
20.88,74.40
20.92,73.85
20.96,72.88
21.00,72.45
21.04,73.25
21.08,73.13
21.12,73.55
21.16,73.83
21.20,72.80
21.24,72.10
21.28,71.28
21.32,73.89
21.36,73.83
21.40,72.20
21.44,71.73
21.48,71.60
21.52,72.82
21.56,72.51
21.60,71.93
21.64,71.33
21.68,72.20
21.72,71.99
21.76,71.12
21.80,69.66
21.84,71.69
21.88,71.46
21.92,71.47
21.96,69.73
22.00,69.88
22.04,70.35
22.08,69.18
22.12,68.96
22.16,69.26
22.20,69.66
22.24,69.17
22.28,68.21
22.32,68.71
22.36,68.61
22.40,69.03
22.44,67.77
22.48,67.40
22.52,66.34
22.56,68.23
22.60,66.20
22.64,66.86
22.68,67.42
22.72,68.02
22.76,66.77
22.80,67.11
22.84,66.05
22.88,66.56
22.92,67.39
22.96,67.03
23.00,66.87
23.04,67.06
23.08,67.35
23.12,67.36
23.16,66.01
23.20,66.73
23.24,65.95
23.28,66.47
23.32,64.99
23.36,68.15
23.40,68.67
23.44,68.76
23.48,69.78
23.52,68.02
23.56,67.24
23.60,68.46
23.64,68.16
23.68,67.00
23.72,67.53
23.76,68.49
23.80,68.68
23.84,68.62
23.88,67.70
23.92,68.37
23.96,69.82
24.00,68.60
24.04,68.93
24.08,70.22
24.12,69.50
24.16,70.95
24.20,69.92
24.24,69.96
24.28,70.10
24.32,70.51
24.36,71.50
24.40,70.71
24.44,70.74
24.48,71.70
24.52,71.33
24.56,70.72
24.60,71.78
24.64,72.69
24.68,71.64
24.72,70.90
24.76,71.58
24.80,71.42
24.84,71.39
24.88,72.02
24.92,72.61
24.96,70.98
25.00,71.83
25.04,69.91
25.08,72.77
25.12,70.52
25.16,73.05
25.20,71.29
25.24,72.54
25.28,72.55
25.32,71.58
25.36,71.14
25.40,71.37
25.44,72.05
25.48,70.66
25.52,72.69
25.56,69.67
25.60,70.67
25.64,71.42
25.68,70.49
25.72,70.06
25.76,70.12
25.80,69.71
25.84,70.91
25.88,69.67
25.92,67.89
25.96,69.67
26.00,69.08
26.04,69.74
26.08,68.20
26.12,68.23
26.16,66.96
26.20,66.77
26.24,66.81
26.28,68.22
26.32,67.25
26.36,66.25
26.40,67.30
26.44,66.92
26.48,67.07
26.52,65.50
26.56,66.81
26.60,64.91
26.64,65.73
26.68,65.29
26.72,67.33
26.76,66.69
26.80,64.54
26.84,65.90
26.88,65.94
26.92,65.20
26.96,65.06
27.00,64.98
27.04,65.51
27.08,65.25
27.12,63.96
27.16,67.82
27.20,65.28
27.24,66.82
27.28,66.24
27.32,65.61
27.36,66.23
27.40,64.98
27.44,66.96
27.48,66.97
27.52,66.02
27.56,66.09
27.60,67.17
27.64,67.94
27.68,64.82
27.72,66.58
27.76,65.81
27.80,67.99
27.84,66.89
27.88,68.72
27.92,66.93
27.96,68.33
28.00,68.69
28.04,67.17
28.08,68.76
28.12,69.29
28.16,69.76
28.20,70.41
28.24,69.15
28.28,69.66
28.32,68.95
28.36,69.69
28.40,70.98
28.44,69.63
28.48,70.11
28.52,70.92
28.56,69.40
28.60,71.58
28.64,70.72
28.68,69.58
28.72,70.68
28.76,71.07
28.80,70.50
28.84,71.26
28.88,70.57
28.92,70.43
28.96,71.21
29.00,71.12
29.04,70.33
29.08,70.65
29.12,69.59
29.16,70.01
29.20,70.48
29.24,72.15
29.28,69.21
29.32,71.47
29.36,70.84
29.40,70.67
29.44,69.59
29.48,69.18
29.52,69.21
29.56,69.03
29.60,70.36
29.64,67.73
29.68,70.44
29.72,68.60
29.76,68.20
29.80,69.21
29.84,67.53
29.88,69.95
29.92,69.05
29.96,67.62
30.00,68.75
30.04,69.21
30.08,67.42
30.12,68.71
30.16,67.20
30.20,68.52
30.24,67.38
30.28,65.48
30.32,66.43
30.36,67.39
30.40,64.55
30.44,67.35
30.48,64.71
30.52,64.87
30.56,65.80
30.60,66.43
30.64,64.53
30.68,64.73
30.72,65.28
30.76,64.60
30.80,65.05
30.84,66.41
30.88,63.32
30.92,64.30
30.96,63.50
31.00,64.42
31.04,64.87
31.08,66.11
31.12,63.83
31.16,65.02
31.20,64.34
31.24,64.80
31.28,65.59
31.32,66.97
31.36,65.66
31.40,66.82
31.44,67.12
31.48,66.44
31.52,64.85
31.56,66.29
31.60,66.55
31.64,65.92
31.68,65.76
31.72,68.06
31.76,66.13
31.80,67.43
31.84,66.13
31.88,67.48
31.92,68.13
31.96,68.13
32.00,68.91
32.04,66.71
32.08,69.38
32.12,68.53
32.16,68.28
32.20,68.63
32.24,69.91
32.28,67.97
32.32,69.24
32.36,70.18
32.40,69.31
32.44,69.70
32.48,69.99
32.52,70.95
32.56,70.34
32.60,70.96
32.64,70.61
32.68,70.97
32.72,71.87
32.76,72.05
32.80,70.49
32.84,69.82
32.88,70.85
32.92,70.94
32.96,70.46
33.00,69.71
33.04,72.02
33.08,70.05
33.12,72.60
33.16,69.53
33.20,71.97
33.24,68.85
33.28,70.26
33.32,70.73
33.36,70.09
33.40,71.95
33.44,69.76
33.48,70.44
33.52,68.86
33.56,71.14
33.60,68.99
33.64,69.32
33.68,70.89
33.72,69.10
33.76,69.98
33.80,67.31
33.84,69.65
33.88,68.82
33.92,68.22
33.96,67.65
34.00,67.62
34.04,67.05
34.08,67.41
34.12,66.88
34.16,67.54
34.20,67.53
34.24,67.12
34.28,68.76
34.32,67.08
34.36,67.00
34.40,66.15
34.44,66.02
34.48,66.26
34.52,65.84
34.56,67.18
34.60,65.79
34.64,66.37
34.68,64.78
34.72,65.21
34.76,65.05
34.80,64.20
34.84,64.91
34.88,65.29
34.92,65.48
34.96,64.69
35.00,65.58
35.04,65.03
35.08,65.18
35.12,66.55
35.16,65.22
35.20,65.89
35.24,64.78
35.28,65.71
35.32,65.07
35.36,64.33
35.40,66.40
35.44,66.24
35.48,64.98
35.52,67.04
35.56,66.47
35.60,67.53
35.64,66.63
35.68,66.74
35.72,67.40
35.76,68.87
35.80,68.86
35.84,67.35
35.88,67.91
35.92,66.71
35.96,67.02
36.00,70.62
36.04,70.07
36.08,67.89
36.12,68.70
36.16,68.62
36.20,70.37
36.24,70.28
36.28,70.27
36.32,70.88
36.36,69.74
36.40,69.80
36.44,70.16
36.48,70.07
36.52,70.92
36.56,71.60
36.60,72.39
36.64,71.98
36.68,70.69
36.72,71.46
36.76,72.63
36.80,69.98
36.84,73.18
36.88,71.35
36.92,70.72
36.96,71.97
37.00,72.48
37.04,71.40
37.08,71.93
37.12,72.80
37.16,71.91
37.20,70.59
37.24,70.90
37.28,71.83
37.32,71.12
37.36,73.19
37.40,70.51
37.44,71.20
37.48,72.02
37.52,71.86
37.56,71.08
37.60,71.21
37.64,69.32
37.68,70.18
37.72,70.82
37.76,69.46
37.80,68.17
37.84,69.17
37.88,70.70
37.92,69.83
37.96,70.09
38.00,67.20
38.04,69.22
38.08,67.45
38.12,68.52
38.16,69.39
38.20,65.59
38.24,69.04
38.28,68.33
38.32,67.18
38.36,67.66
38.40,67.15
38.44,66.69
38.48,66.84
38.52,66.81
38.56,66.77
38.60,65.14
38.64,66.91
38.68,63.90
38.72,67.81
38.76,68.97
38.80,65.90
38.84,67.92
38.88,65.92
38.92,65.82
38.96,66.25
39.00,68.69
39.04,67.38
39.08,65.67
39.12,66.17
39.16,67.16
39.20,65.62
39.24,67.76
39.28,66.52
39.32,67.54
39.36,66.08
39.40,69.43
39.44,66.73
39.48,66.87
39.52,68.12
39.56,67.71
39.60,68.63
39.64,70.08
39.68,69.21
39.72,68.05
39.76,70.05
39.80,69.43
39.84,70.14
39.88,69.06
39.92,69.51
39.96,69.22
40.00,68.77
40.04,70.11
40.08,71.80
40.12,71.00
40.16,71.58
40.20,69.04
40.24,72.26
40.28,70.40
40.32,72.94
40.36,73.20
40.40,72.15
40.44,71.70
40.48,72.08
40.52,70.88
40.56,73.13
40.60,73.73
40.64,70.62
40.68,72.50
40.72,73.01
40.76,73.52
40.80,72.56
40.84,73.82
40.88,71.94
40.92,71.33
40.96,71.05
41.00,73.78
41.04,70.34
41.08,74.62
41.12,73.35
41.16,73.17
41.20,72.35
41.24,73.25
41.28,72.01
41.32,72.60
41.36,74.26
41.40,73.19
41.44,72.28
41.48,72.52
41.52,74.07
41.56,72.30
41.60,73.39
41.64,71.89
41.68,70.80
41.72,71.72
41.76,71.73
41.80,73.89
41.84,70.07
41.88,70.95
41.92,71.48
41.96,70.84
42.00,69.57
42.04,70.92
42.08,70.22
42.12,70.79
42.16,69.83
42.20,69.15
42.24,70.25
42.28,69.04
42.32,68.89
42.36,69.52
42.40,68.91
42.44,67.95
42.48,69.71
42.52,68.73
42.56,69.33
42.60,68.35
42.64,69.92
42.68,68.04
42.72,67.93
42.76,68.54
42.80,67.69
42.84,68.82
42.88,68.19
42.92,66.13
42.96,67.05
43.00,69.00
43.04,67.90
43.08,68.30
43.12,67.88
43.16,67.99
43.20,67.96
43.24,67.38
43.28,70.56
43.32,67.42
43.36,67.26
43.40,68.09
43.44,68.40
43.48,66.82
43.52,68.86
43.56,69.91
43.60,68.82
43.64,69.44
43.68,69.99
43.72,71.26
43.76,70.12
43.80,69.07
43.84,70.29
43.88,69.18
43.92,71.78
43.96,69.56
44.00,70.74
44.04,70.78
44.08,72.50
44.12,70.90
44.16,72.69
44.20,72.19
44.24,72.12
44.28,72.68
44.32,72.61
44.36,72.04
44.40,72.89
44.44,73.11
44.48,73.78
44.52,72.31
44.56,73.91
44.60,72.08
44.64,73.37
44.68,72.40
44.72,74.32
44.76,72.57
44.80,75.36
44.84,76.02
44.88,74.38
44.92,74.30
44.96,74.04
45.00,74.77
45.04,73.60
45.08,74.57
45.12,74.48
45.16,74.86
45.20,74.07
45.24,74.11
45.28,74.30
45.32,74.74
45.36,73.89
45.40,73.01
45.44,73.61
45.48,71.47
45.52,74.27
45.56,73.39
45.60,73.08
45.64,72.97
45.68,73.42
45.72,73.56
45.76,72.53
45.80,72.32
45.84,71.55
45.88,72.27
45.92,71.09
45.96,72.04
46.00,70.95
46.04,71.90
46.08,70.34
46.12,70.95
46.16,71.62
46.20,68.98
46.24,70.81
46.28,69.66
46.32,71.66
46.36,70.17
46.40,69.71
46.44,69.37
46.48,67.49
46.52,71.12
46.56,70.33
46.60,69.28
46.64,69.60
46.68,69.91
46.72,67.47
46.76,69.46
46.80,69.34
46.84,68.59
46.88,69.48
46.92,69.12
46.96,66.32
47.00,68.55
47.04,70.06
47.08,68.75
47.12,67.82
47.16,68.02
47.20,69.88
47.24,66.62
47.28,68.08
47.32,67.97
47.36,69.44
47.40,69.85
47.44,68.07
47.48,67.97
47.52,70.15
47.56,69.83
47.60,69.11
47.64,70.80
47.68,68.81
47.72,70.63
47.76,71.82
47.80,71.29
47.84,70.82
47.88,71.57
47.92,70.27
47.96,69.37
48.00,72.50
48.04,70.09
48.08,71.74
48.12,72.70
48.16,73.27
48.20,71.66
48.24,72.44
48.28,71.16
48.32,72.18
48.36,72.42
48.40,72.57
48.44,73.65
48.48,74.97
48.52,73.64
48.56,74.41
48.60,75.02
48.64,73.91
48.68,75.23
48.72,74.64
48.76,75.58
48.80,75.04
48.84,74.95
48.88,75.95
48.92,74.52
48.96,74.72
49.00,75.30
49.04,73.61
49.08,74.00
49.12,75.44
49.16,73.74
49.20,74.14
49.24,74.47
49.28,73.31
49.32,72.70
49.36,74.64
49.40,74.99
49.44,74.40
49.48,75.35
49.52,73.26
49.56,73.26
49.60,73.94
49.64,74.69
49.68,72.96
49.72,74.07
49.76,72.60
49.80,73.16
49.84,72.32
49.88,72.18
49.92,71.93
49.96,72.28
50.00,70.40
50.04,71.84
50.08,71.56
50.12,70.16
50.16,70.93
50.20,70.56
50.24,70.13
50.28,70.83
50.32,71.12
50.36,71.70
50.40,70.36
50.44,71.33
50.48,70.53
50.52,68.99
50.56,71.50
50.60,69.12
50.64,69.12
50.68,70.35
50.72,68.57
50.76,69.31
50.80,68.84
50.84,70.98
50.88,69.77
50.92,68.35
50.96,68.88
51.00,67.60
51.04,68.65
51.08,68.71
51.12,69.00
51.16,66.27
51.20,67.21
51.24,69.38
51.28,69.19
51.32,69.84
51.36,69.32
51.40,70.31
51.44,69.52
51.48,69.49
51.52,67.85
51.56,70.01
51.60,70.43
51.64,69.82
51.68,69.52
51.72,70.18
51.76,70.41
51.80,70.84
51.84,69.71
51.88,71.80
51.92,72.78
51.96,73.07
52.00,71.25
52.04,71.45
52.08,72.64
52.12,70.81
52.16,72.62
52.20,72.07
52.24,72.50
52.28,71.93
52.32,74.07
52.36,73.71
52.40,72.01
52.44,72.73
52.48,73.72
52.52,72.68
52.56,72.95
52.60,73.72
52.64,72.95
52.68,73.43
52.72,73.90
52.76,73.74
52.80,74.36
52.84,73.91
52.88,73.73
52.92,73.80
52.96,75.49
53.00,74.42
53.04,74.41
53.08,74.96
53.12,73.53
53.16,73.62
53.20,73.73
53.24,74.05
53.28,72.66
53.32,74.12
53.36,73.71
53.40,73.88
53.44,72.90
53.48,74.03
53.52,72.86
53.56,73.28
53.60,73.72
53.64,73.62
53.68,71.79
53.72,73.08
53.76,72.12
53.80,72.65
53.84,72.15
53.88,72.60
53.92,70.59
53.96,71.20
54.00,71.44
54.04,71.22
54.08,71.34
54.12,71.14
54.16,70.15
54.20,71.13
54.24,70.03
54.28,70.16
54.32,68.89
54.36,68.23
54.40,68.34
54.44,67.08
54.48,69.72
54.52,69.67
54.56,67.81
54.60,67.57
54.64,67.88
54.68,68.18
54.72,67.26
54.76,67.45
54.80,67.53
54.84,68.32
54.88,66.88
54.92,66.28
54.96,65.94
55.00,68.26
55.04,68.48
55.08,68.00
55.12,66.71
55.16,66.71
55.20,69.51
55.24,68.21
55.28,66.96
55.32,67.94
55.36,67.79
55.40,66.41
55.44,67.18
55.48,68.29
55.52,68.43
55.56,70.77
55.60,70.32
55.64,69.62
55.68,67.53
55.72,68.32
55.76,68.16
55.80,69.03
55.84,68.76
55.88,70.76
55.92,70.17
55.96,70.39
56.00,70.04
56.04,70.08
56.08,71.15
56.12,69.65
56.16,70.92
56.20,71.28
56.24,71.35
56.28,72.36
56.32,70.78
56.36,71.66
56.40,73.15
56.44,70.82
56.48,70.59
56.52,73.16
56.56,71.84
56.60,73.20
56.64,70.69
56.68,72.51
56.72,72.09
56.76,73.16
56.80,72.64
56.84,74.01
56.88,72.65
56.92,72.90
56.96,72.89
57.00,72.83
57.04,75.06
57.08,72.17
57.12,71.71
57.16,72.07
57.20,72.75
57.24,74.13
57.28,73.83
57.32,72.06
57.36,72.80
57.40,73.17
57.44,70.98
57.48,71.87
57.52,71.97
57.56,72.88
57.60,70.41
57.64,71.31
57.68,70.70
57.72,70.72
57.76,70.71
57.80,71.28
57.84,68.79
57.88,71.72
57.92,68.33
57.96,69.24
58.00,69.30
58.04,69.70
58.08,68.88
58.12,69.43
58.16,69.29
58.20,67.30
58.24,66.36
58.28,67.10
58.32,68.15
58.36,66.76
58.40,68.64
58.44,67.87
58.48,67.18
58.52,66.05
58.56,67.08
58.60,67.20
58.64,67.67
58.68,67.48
58.72,66.50
58.76,66.40
58.80,66.29
58.84,67.08
58.88,64.59
58.92,68.65
58.96,66.07
59.00,65.96
59.04,66.22
59.08,66.31
59.12,64.72
59.16,65.83
59.20,66.34
59.24,65.74
59.28,64.52
59.32,65.38
59.36,65.50
59.40,66.17
59.44,66.57
59.48,67.10
59.52,64.93
59.56,67.68
59.60,67.41
59.64,67.46
59.68,66.87
59.72,66.98
59.76,66.42
59.80,67.63
59.84,66.97
59.88,66.16
59.92,69.16
59.96,68.47
60.00,67.86
60.04,68.14
60.08,68.83
60.12,69.33
60.16,69.59
60.20,70.42
60.24,70.21
60.28,69.07
60.32,71.68
60.36,73.05
60.40,70.21
60.44,69.98
60.48,70.32
60.52,70.50
60.56,69.44
60.60,70.71
60.64,70.48
60.68,72.16
60.72,71.53
60.76,71.39
60.80,71.90
60.84,69.80
60.88,70.56
60.92,71.17
60.96,71.34
61.00,72.02
61.04,70.02
61.08,69.25
61.12,71.08
61.16,71.08
61.20,71.28
61.24,70.37
61.28,71.71
61.32,71.70
61.36,70.91
61.40,70.14
61.44,69.63
61.48,70.50
61.52,69.51
61.56,70.84
61.60,68.40
61.64,71.25
61.68,69.95
61.72,69.27
61.76,68.75
61.80,69.07
61.84,69.21
61.88,68.25
61.92,66.52
61.96,66.88
62.00,66.95
62.04,67.00
62.08,68.17
62.12,66.30
62.16,68.14
62.20,65.75
62.24,65.21
62.28,66.71
62.32,66.66
62.36,66.29
62.40,66.13
62.44,65.12
62.48,65.83
62.52,65.86
62.56,63.97
62.60,66.29
62.64,65.06
62.68,65.37
62.72,62.18
62.76,66.14
62.80,62.51
62.84,65.19
62.88,63.96
62.92,63.26
62.96,64.85
63.00,64.53
63.04,62.91
63.08,65.21
63.12,64.72
63.16,64.71
63.20,62.76
63.24,64.49
63.28,65.69
63.32,65.47
63.36,66.23
63.40,65.56
63.44,64.23
63.48,64.81
63.52,65.20
63.56,63.59
63.60,63.81
63.64,63.42
63.68,64.59
63.72,65.90
63.76,67.58
63.80,65.39
63.84,66.95
63.88,66.59
63.92,66.85
63.96,66.03
64.00,66.53
64.04,65.97
64.08,66.50
64.12,68.04
64.16,67.80
64.20,67.71
64.24,67.06
64.28,68.29
64.32,68.70
64.36,68.36
64.40,65.40
64.44,68.68
64.48,67.54
64.52,68.85
64.56,71.13
64.60,69.26
64.64,68.59
64.68,69.02
64.72,69.61
64.76,69.39
64.80,68.71
64.84,69.42
64.88,69.23
64.92,67.81
64.96,68.95
65.00,69.41
65.04,67.33
65.08,69.28
65.12,69.72
65.16,68.33
65.20,68.44
65.24,68.73
65.28,68.30
65.32,68.20
65.36,69.21
65.40,67.14
65.44,68.57
65.48,67.99
65.52,67.88
65.56,69.21
65.60,70.11
65.64,66.51
65.68,67.34
65.72,67.88
65.76,65.68
65.80,67.71
65.84,67.05
65.88,66.60
65.92,66.40
65.96,67.10
66.00,66.03
66.04,66.56
66.08,64.96
66.12,65.40
66.16,64.03
66.20,66.06
66.24,64.46
66.28,66.24
66.32,63.33
66.36,63.57
66.40,63.95
66.44,64.25
66.48,63.08
66.52,64.13
66.56,64.06
66.60,62.35
66.64,63.02
66.68,64.26
66.72,63.33
66.76,64.37
66.80,63.94
66.84,62.75
66.88,63.81
66.92,62.83
66.96,63.75
67.00,61.03
67.04,61.67
67.08,61.94
67.12,62.63
67.16,61.74
67.20,63.03
67.24,63.38
67.28,62.53
67.32,63.71
67.36,61.95
67.40,63.67
67.44,62.78
67.48,62.84
67.52,62.84
67.56,63.59
67.60,64.79
67.64,63.42
67.68,62.54
67.72,63.46
67.76,64.67
67.80,65.44
67.84,64.88
67.88,63.79
67.92,65.53
67.96,66.64
68.00,64.21
68.04,64.80
68.08,66.96
68.12,66.45
68.16,65.39
68.20,65.79
68.24,65.04
68.28,67.02
68.32,66.08
68.36,67.07
68.40,67.76
68.44,66.76
68.48,67.78
68.52,67.16
68.56,67.74
68.60,67.10
68.64,67.73
68.68,67.36
68.72,66.52
68.76,68.79
68.80,68.05
68.84,66.96
68.88,66.45
68.92,66.44
68.96,68.05
69.00,68.29
69.04,69.75
69.08,68.25
69.12,67.80
69.16,69.35
69.20,67.36
69.24,70.40
69.28,68.56
69.32,69.70
69.36,66.70
69.40,67.40
69.44,69.08
69.48,68.11
69.52,67.76
69.56,66.48
69.60,65.53
69.64,67.10
69.68,66.50
69.72,66.27
69.76,65.93
69.80,66.83
69.84,64.40
69.88,66.14
69.92,65.34
69.96,64.88
70.00,66.65
70.04,64.49
70.08,64.88
70.12,64.59
70.16,64.24
70.20,64.20
70.24,63.14
70.28,65.75
70.32,63.42
70.36,64.13
70.40,62.84
70.44,63.66
70.48,62.74
70.52,63.97
70.56,62.65
70.60,63.37
70.64,62.96
70.68,63.10
70.72,61.08
70.76,62.36
70.80,62.26
70.84,61.59
70.88,63.10
70.92,62.38
70.96,61.48
71.00,63.84
71.04,60.96
71.08,63.76
71.12,61.59
71.16,61.15
71.20,63.21
71.24,63.53
71.28,63.38
71.32,63.08
71.36,63.58
71.40,62.88
71.44,63.23
71.48,63.70
71.52,63.53
71.56,64.25
71.60,63.46
71.64,63.86
71.68,63.08
71.72,62.86
71.76,64.82
71.80,63.99
71.84,64.87
71.88,64.06
71.92,64.26
71.96,64.66
72.00,63.96
72.04,65.42
72.08,65.55
72.12,66.71
72.16,66.30
72.20,65.75
72.24,64.54
72.28,65.83
72.32,66.00
72.36,68.57
72.40,66.21
72.44,68.39
72.48,67.66
72.52,68.07
72.56,67.81
72.60,69.23
72.64,67.72
72.68,68.65
72.72,67.46
72.76,67.74
72.80,67.50
72.84,68.88
72.88,68.28
72.92,68.12
72.96,68.78
73.00,69.37
73.04,69.46
73.08,69.27
73.12,68.46
73.16,67.25
73.20,69.32
73.24,66.60
73.28,68.39
73.32,68.60
73.36,68.13
73.40,66.97
73.44,67.64
73.48,68.62
73.52,67.68
73.56,66.65
73.60,66.35
73.64,67.20
73.68,66.44
73.72,66.93
73.76,67.10
73.80,67.09
73.84,66.11
73.88,66.30
73.92,66.01
73.96,65.76
74.00,66.25
74.04,64.24
74.08,66.34
74.12,65.08
74.16,64.11
74.20,64.27
74.24,64.09
74.28,64.46
74.32,63.85
74.36,63.51
74.40,62.19
74.44,64.60
74.48,62.72
74.52,64.43
74.56,63.86
74.60,62.03
74.64,63.87
74.68,64.72
74.72,62.55
74.76,63.22
74.80,63.06
74.84,64.92
74.88,62.05
74.92,64.59
74.96,62.06
75.00,62.10
75.04,62.41
75.08,62.17
75.12,63.12
75.16,63.02
75.20,62.79
75.24,62.77
75.28,62.60
75.32,63.41
75.36,64.06
75.40,62.86
75.44,64.50
75.48,63.77
75.52,64.88
75.56,64.00
75.60,65.12
75.64,64.70
75.68,65.29
75.72,64.51
75.76,64.96
75.80,64.88
75.84,65.11
75.88,65.67
75.92,65.62
75.96,65.13
76.00,66.82
76.04,67.04
76.08,67.10
76.12,67.56
76.16,66.98
76.20,66.78
76.24,67.18
76.28,67.95
76.32,68.22
76.36,68.01
76.40,67.40
76.44,68.51
76.48,68.57
76.52,68.79
76.56,68.19
76.60,68.47
76.64,69.29
76.68,69.07
76.72,68.34
76.76,69.38
76.80,69.92
76.84,69.26
76.88,68.60
76.92,69.21
76.96,68.52
77.00,67.46
77.04,69.80
77.08,69.00
77.12,68.63
77.16,69.08
77.20,68.81
77.24,70.46
77.28,69.61
77.32,69.34
77.36,67.69
77.40,69.13
77.44,69.13
77.48,68.43
77.52,70.07
77.56,68.49
77.60,67.68
77.64,67.08
77.68,68.70
77.72,67.60
77.76,66.18
77.80,65.94
77.84,65.92
77.88,67.32
77.92,69.06
77.96,67.15
78.00,65.24
78.04,65.39
78.08,66.42
78.12,66.06
78.16,65.39
78.20,65.29
78.24,66.10
78.28,65.35
78.32,64.00
78.36,65.15
78.40,64.09
78.44,64.66
78.48,64.92
78.52,64.68
78.56,65.14
78.60,63.41
78.64,64.21
78.68,63.24
78.72,64.11
78.76,64.76
78.80,62.84
78.84,63.82
78.88,62.92
78.92,64.25
78.96,64.17
79.00,63.20
79.04,63.81
79.08,65.27
79.12,64.28
79.16,64.35
79.20,64.30
79.24,63.37
79.28,65.04
79.32,63.91
79.36,63.66
79.40,63.08
79.44,64.15
79.48,64.86
79.52,65.16
79.56,66.29
79.60,65.94
79.64,65.14
79.68,67.07
79.72,66.91
79.76,66.34
79.80,65.59
79.84,66.42
79.88,66.81
79.92,68.58
79.96,67.56
80.00,66.61
80.04,68.97
80.08,69.00
80.12,68.67
80.16,67.97
80.20,69.05
80.24,66.00
80.28,70.13
80.32,67.71
80.36,69.90
80.40,70.00
80.44,68.50
80.48,69.22
80.52,67.33
80.56,69.03
80.60,69.00
80.64,69.79
80.68,70.78
80.72,71.09
80.76,68.62
80.80,70.03
80.84,69.78
80.88,71.46
80.92,71.92
80.96,69.98
81.00,71.68
81.04,69.98
81.08,70.38
81.12,70.49
81.16,71.50
81.20,69.29
81.24,70.48
81.28,72.68
81.32,71.23
81.36,70.43
81.40,70.00
81.44,70.42
81.48,71.52
81.52,70.36
81.56,68.37
81.60,70.12
81.64,69.26
81.68,69.40
81.72,70.37
81.76,69.88
81.80,68.87
81.84,67.15
81.88,68.57
81.92,67.01
81.96,69.34
82.00,67.77
82.04,68.47
82.08,68.48
82.12,67.12
82.16,67.02
82.20,66.53
82.24,68.27
82.28,67.66
82.32,65.80
82.36,65.66
82.40,68.16
82.44,66.78
82.48,65.81
82.52,66.68
82.56,66.17
82.60,65.87
82.64,67.65
82.68,64.65
82.72,65.78
82.76,67.11
82.80,64.68
82.84,64.09
82.88,66.71
82.92,65.99
82.96,65.97
83.00,66.23
83.04,65.48
83.08,64.43
83.12,65.94
83.16,65.37
83.20,64.79
83.24,67.40
83.28,65.93
83.32,65.95
83.36,67.58
83.40,64.27
83.44,66.88
83.48,67.94
83.52,67.20
83.56,68.05
83.60,68.86
83.64,66.36
83.68,68.00
83.72,67.66
83.76,70.08
83.80,68.05
83.84,68.97
83.88,68.25
83.92,67.23
83.96,69.70
84.00,69.21
84.04,69.23
84.08,70.65
84.12,69.80
84.16,71.27
84.20,71.68
84.24,70.74
84.28,69.24
84.32,71.19
84.36,71.11
84.40,71.36
84.44,70.78
84.48,72.05
84.52,73.45
84.56,72.10
84.60,72.01
84.64,72.34
84.68,72.41
84.72,72.90
84.76,72.21
84.80,73.06
84.84,73.44
84.88,71.58
84.92,73.04
84.96,72.42
85.00,73.11
85.04,73.45
85.08,73.46
85.12,72.92
85.16,72.73
85.20,73.75
85.24,72.89
85.28,72.73
85.32,73.90
85.36,74.08
85.40,72.44
85.44,74.32
85.48,73.08
85.52,71.64
85.56,72.64
85.60,72.75
85.64,70.01
85.68,71.38
85.72,72.28
85.76,72.79
85.80,71.28
85.84,69.99
85.88,71.58
85.92,70.96
85.96,70.87
86.00,69.79
86.04,69.56
86.08,69.42
86.12,70.10
86.16,70.56
86.20,70.16
86.24,69.97
86.28,68.15
86.32,68.73
86.36,70.28
86.40,68.93
86.44,67.11
86.48,68.27
86.52,70.65
86.56,68.45
86.60,69.49
86.64,67.97
86.68,65.38
86.72,65.31
86.76,64.41
86.80,63.76
86.84,62.54
86.88,62.95
86.92,61.55
86.96,60.96
87.00,61.03
87.04,60.17
87.08,61.52
87.12,60.59
87.16,59.57
87.20,59.30
87.24,60.31
87.28,60.94
87.32,60.28
87.36,59.26
87.40,61.52
87.44,61.25
87.48,63.06
87.52,63.91
87.56,61.92
87.60,63.63
87.64,67.30
87.68,70.29
87.72,72.83
87.76,75.26
87.80,78.65
87.84,80.04
87.88,81.85
87.92,84.61
87.96,86.97
88.00,89.07
88.04,90.29
88.08,93.27
88.12,92.61
88.16,95.06
88.20,97.28
88.24,99.76
88.28,99.89
88.32,99.82
88.36,102.02
88.40,102.94
88.44,103.12
88.48,103.74
88.52,103.35
88.56,105.24
88.60,105.14
88.64,107.78
88.68,107.00
88.72,109.40
88.76,108.91
88.80,108.41
88.84,109.30
88.88,107.25
88.92,110.13
88.96,109.06
89.00,109.30
89.04,111.39
89.08,110.20
89.12,110.76
89.16,110.59
89.20,111.28
89.24,109.77
89.28,110.62
89.32,110.01
89.36,111.03
89.40,110.79
89.44,108.74
89.48,110.95
89.52,110.03
89.56,109.67
89.60,109.71
89.64,109.27
89.68,108.21
89.72,107.86
89.76,108.62
89.80,106.56
89.84,107.74
89.88,107.67
89.92,106.64
89.96,105.73
90.00,106.37
90.04,105.54
90.08,104.77
90.12,105.78
90.16,105.80
90.20,104.73
90.24,105.58
90.28,105.20
90.32,103.22
90.36,104.84
90.40,104.12
90.44,102.38
90.48,103.18
90.52,101.99
90.56,101.87
90.60,101.66
90.64,101.22
90.68,102.50
90.72,101.48
90.76,101.97
90.80,98.27
90.84,99.72
90.88,99.93
90.92,99.40
90.96,100.86
91.00,100.07
91.04,98.62
91.08,99.15
91.12,98.63
91.16,97.30
91.20,99.00
91.24,99.12
91.28,97.88
91.32,97.25
91.36,97.97
91.40,96.90
91.44,95.64
91.48,100.49
91.52,95.10
91.56,96.31
91.60,97.14
91.64,97.02
91.68,97.96
91.72,96.90
91.76,98.48
91.80,97.50
91.84,96.49
91.88,95.04
91.92,99.11
91.96,96.53
92.00,97.38
92.04,96.41
92.08,97.75
92.12,96.87
92.16,96.44
92.20,97.78
92.24,96.30
92.28,96.90
92.32,97.44
92.36,97.50
92.40,96.87
92.44,97.42
92.48,98.61
92.52,96.96
92.56,96.39
92.60,97.75
92.64,97.82
92.68,97.49
92.72,95.29
92.76,96.69
92.80,98.73
92.84,96.61
92.88,95.61
92.92,95.41
92.96,95.53
93.00,96.29
93.04,94.95
93.08,94.65
93.12,95.31
93.16,96.49
93.20,96.30
93.24,95.61
93.28,94.47
93.32,94.72
93.36,91.81
93.40,94.02
93.44,92.89
93.48,93.05
93.52,91.92
93.56,92.47
93.60,91.04
93.64,90.91
93.68,92.23
93.72,91.65
93.76,89.35
93.80,91.14
93.84,91.63
93.88,90.95
93.92,89.80
93.96,89.74
94.00,89.74
94.04,89.69
94.08,86.99
94.12,86.70
94.16,87.03
94.20,86.67
94.24,87.85
94.28,86.94
94.32,87.09
94.36,86.31
94.40,85.41
94.44,85.44
94.48,83.48
94.52,85.33
94.56,86.17
94.60,83.60
94.64,85.32
94.68,84.93
94.72,83.78
94.76,83.01
94.80,84.91
94.84,81.35
94.88,83.17
94.92,81.96
94.96,83.16
95.00,81.79
95.04,82.51
95.08,82.81
95.12,82.22
95.16,82.46
95.20,82.31
95.24,82.05
95.28,83.21
95.32,81.48
95.36,81.71
95.40,81.32
95.44,80.89
95.48,82.51
95.52,81.53
95.56,81.81
95.60,81.63
95.64,82.64
95.68,80.48
95.72,81.00
95.76,83.07
95.80,81.09
95.84,82.52
95.88,81.81
95.92,83.00
95.96,82.48
96.00,81.00
96.04,84.82
96.08,84.40
96.12,82.36
96.16,83.54
96.20,81.88
96.24,83.11
96.28,83.17
96.32,83.53
96.36,83.66
96.40,82.19
96.44,84.81
96.48,82.25
96.52,82.80
96.56,85.19
96.60,83.54
96.64,84.48
96.68,84.37
96.72,82.96
96.76,84.96
96.80,84.87
96.84,84.81
96.88,84.31
96.92,84.39
96.96,82.07
97.00,81.81
97.04,83.85
97.08,83.11
97.12,82.17
97.16,83.74
97.20,84.45
97.24,81.27
97.28,83.62
97.32,81.64
97.36,81.60
97.40,81.75
97.44,79.55
97.48,80.61
97.52,80.59
97.56,81.21
97.60,81.19
97.64,78.28
97.68,80.87
97.72,80.18
97.76,79.32
97.80,78.86
97.84,79.34
97.88,78.44
97.92,78.98
97.96,77.22
98.00,77.83
98.04,78.66
98.08,78.04
98.12,76.65
98.16,75.24
98.20,77.57
98.24,77.12
98.28,74.83
98.32,75.13
98.36,75.78
98.40,76.09
98.44,75.46
98.48,74.55
98.52,74.69
98.56,74.05
98.60,76.57
98.64,72.55
98.68,75.09
98.72,72.53
98.76,72.12
98.80,73.41
98.84,73.35
98.88,74.59
98.92,73.16
98.96,72.64
99.00,72.63
99.04,73.29
99.08,72.43
99.12,72.18
99.16,74.77
99.20,72.13
99.24,72.15
99.28,73.20
99.32,71.98
99.36,73.90
99.40,73.93
99.44,72.53
99.48,72.82
99.52,73.21
99.56,71.95
99.60,73.53
99.64,73.14
99.68,73.21
99.72,73.59
99.76,75.10
99.80,73.65
99.84,74.01
99.88,75.12
99.92,73.26
99.96,74.52
100.00,75.16
100.04,74.21
100.08,74.20
100.12,76.36
100.16,76.26
100.20,74.97
100.24,74.35
100.28,76.04
100.32,75.43
100.36,76.65
100.40,75.25
100.44,74.37
100.48,75.51
100.52,75.46
100.56,75.88
100.60,75.40
100.64,75.22
100.68,74.90
100.72,76.26
100.76,76.96
100.80,75.27
100.84,76.10
100.88,75.48
100.92,76.67
100.96,74.65
101.00,76.67
101.04,76.28
101.08,75.47
101.12,75.50
101.16,76.53
101.20,76.24
101.24,76.79
101.28,75.58
101.32,75.20
101.36,74.75
101.40,75.75
101.44,73.79
101.48,73.54
101.52,72.62
101.56,74.46
101.60,74.00
101.64,72.50
101.68,74.51
101.72,74.25
101.76,72.62
101.80,73.31
101.84,73.34
101.88,72.89
101.92,71.80
101.96,72.19
102.00,72.04
102.04,72.79
102.08,70.92
102.12,70.93
102.16,69.47
102.20,70.46
102.24,70.44
102.28,71.76
102.32,71.62
102.36,70.36
102.40,68.18
102.44,67.77
102.48,69.61
102.52,69.28
102.56,69.58
102.60,69.39
102.64,69.50
102.68,68.48
102.72,68.11
102.76,67.94
102.80,68.56
102.84,66.88
102.88,68.35
102.92,68.48
102.96,67.17
103.00,67.73
103.04,67.78
103.08,68.05
103.12,67.78
103.16,67.08
103.20,67.78
103.24,68.07
103.28,66.36
103.32,67.29
103.36,70.02
103.40,69.17
103.44,67.85
103.48,67.63
103.52,69.12
103.56,68.07
103.60,67.66
103.64,67.19
103.68,68.30
103.72,70.47
103.76,68.02
103.80,69.77
103.84,68.17
103.88,69.01
103.92,70.79
103.96,71.10
104.00,70.43
104.04,67.82
104.08,72.50
104.12,70.61
104.16,69.06
104.20,71.38
104.24,70.98
104.28,69.92
104.32,70.55
104.36,70.85
104.40,70.22
104.44,71.76
104.48,72.28
104.52,71.84
104.56,72.68
104.60,71.84
104.64,72.17
104.68,72.88
104.72,72.62
104.76,71.82
104.80,71.32
104.84,71.81
104.88,72.69
104.92,71.86
104.96,73.18
105.00,74.07
105.04,73.04
105.08,70.13
105.12,73.33
105.16,70.96
105.20,71.53
105.24,72.26
105.28,70.86
105.32,71.30
105.36,70.91
105.40,73.95
105.44,72.87
105.48,72.03
105.52,70.29
105.56,71.45
105.60,69.43
105.64,70.76
105.68,70.53
105.72,69.34
105.76,70.18
105.80,68.96
105.84,68.72
105.88,68.61
105.92,69.05
105.96,67.82
106.00,69.39
106.04,68.25
106.08,67.53
106.12,68.76
106.16,67.26
106.20,69.35
106.24,66.83
106.28,68.01
106.32,65.83
106.36,67.44
106.40,66.77
106.44,66.19
106.48,66.16
106.52,66.49
106.56,64.58
106.60,65.69
106.64,65.93
106.68,66.40
106.72,66.50
106.76,64.97
106.80,66.93
106.84,66.83
106.88,64.13
106.92,65.42
106.96,63.62
107.00,65.77
107.04,65.03
107.08,65.84
107.12,64.36
107.16,65.21
107.20,62.90
107.24,64.75
107.28,66.79
107.32,64.87
107.36,63.53
107.40,65.26
107.44,65.09
107.48,66.88
107.52,64.23
107.56,67.33
107.60,66.49
107.64,66.76
107.68,64.90
107.72,67.38
107.76,67.24
107.80,65.98
107.84,67.22
107.88,66.76
107.92,67.97
107.96,67.47
108.00,67.36
108.04,67.45
108.08,68.89
108.12,67.75
108.16,70.17
108.20,70.07
108.24,68.14
108.28,69.13
108.32,68.18
108.36,69.92
108.40,70.65
108.44,70.98
108.48,68.85
108.52,68.14
108.56,70.91
108.60,69.25
108.64,69.45
108.68,70.08
108.72,69.85
108.76,70.33
108.80,70.21
108.84,69.08
108.88,70.25
108.92,70.10
108.96,69.74
109.00,70.62
109.04,69.19
109.08,69.42
109.12,69.06
109.16,69.21
109.20,69.61
109.24,68.96
109.28,69.81
109.32,68.63
109.36,69.52
109.40,68.40
109.44,69.77
109.48,68.09
109.52,68.54
109.56,70.48
109.60,67.36
109.64,67.55
109.68,67.23
109.72,67.99
109.76,69.45
109.80,68.44
109.84,67.79
109.88,67.95
109.92,67.51
109.96,67.95
110.00,65.93
110.04,66.56
110.08,66.82
110.12,66.04
110.16,68.57
110.20,65.34
110.24,66.77
110.28,64.99
110.32,65.17
110.36,67.33
110.40,66.66
110.44,66.19
110.48,64.93
110.52,65.87
110.56,65.02
110.60,64.07
110.64,64.78
110.68,65.25
110.72,65.88
110.76,64.85
110.80,62.58
110.84,63.77
110.88,63.77
110.92,63.63
110.96,64.03
111.00,64.76
111.04,63.45
111.08,63.89
111.12,63.11
111.16,64.51
111.20,65.69
111.24,63.59
111.28,63.48
111.32,64.48
111.36,63.02
111.40,64.80
111.44,64.72
111.48,65.23
111.52,64.87
111.56,64.99
111.60,64.95
111.64,64.30
111.68,66.42
111.72,66.21
111.76,65.58
111.80,67.61
111.84,67.44
111.88,66.55
111.92,65.18
111.96,66.46
112.00,67.56
112.04,66.17
112.08,67.57
112.12,67.30
112.16,68.40
112.20,68.36
112.24,69.16
112.28,66.88
112.32,67.99
112.36,68.72
112.40,68.25
112.44,69.35
112.48,68.24
112.52,69.95
112.56,67.35
112.60,69.58
112.64,69.16
112.68,69.56
112.72,68.68
112.76,70.38
112.80,70.02
112.84,69.23
112.88,68.55
112.92,67.99
112.96,68.89
113.00,67.69
113.04,68.11
113.08,71.90
113.12,69.44
113.16,69.41
113.20,71.10
113.24,71.22
113.28,70.98
113.32,69.58
113.36,70.34
113.40,68.92
113.44,69.91
113.48,70.22
113.52,69.45
113.56,66.80
113.60,68.01
113.64,68.19
113.68,68.97
113.72,67.56
113.76,67.29
113.80,68.16
113.84,67.48
113.88,66.85
113.92,66.06
113.96,66.10
114.00,66.96
114.04,66.38
114.08,67.09
114.12,67.31
114.16,66.34
114.20,67.31
114.24,66.38
114.28,64.70
114.32,64.90
114.36,64.59
114.40,67.53
114.44,64.24
114.48,64.85
114.52,64.20
114.56,62.69
114.60,64.20
114.64,64.69
114.68,64.43
114.72,64.91
114.76,63.15
114.80,62.56
114.84,64.22
114.88,63.10
114.92,64.30
114.96,64.74
115.00,64.49
115.04,62.09
115.08,65.02
115.12,64.61
115.16,64.37
115.20,63.53
115.24,63.85
115.28,64.34
115.32,64.98
115.36,64.54
115.40,65.16
115.44,64.79
115.48,65.94
115.52,64.10
115.56,66.27
115.60,64.86
115.64,67.17
115.68,64.35
115.72,65.60
115.76,65.52
115.80,66.48
115.84,68.11
115.88,66.44
115.92,67.33
115.96,66.86
116.00,67.93
116.04,67.24
116.08,69.04
116.12,68.13
116.16,68.56
116.20,68.69
116.24,69.82
116.28,68.30
116.32,68.51
116.36,67.37
116.40,70.12
116.44,69.46
116.48,70.49
116.52,71.59
116.56,71.89
116.60,69.09
116.64,70.17
116.68,69.82
116.72,70.15
116.76,70.36
116.80,70.57
116.84,70.74
116.88,70.44
116.92,70.65
116.96,71.50
117.00,70.87
117.04,70.41
117.08,70.76
117.12,71.12
117.16,70.87
117.20,69.46
117.24,71.72
117.28,72.00
117.32,70.37
117.36,69.89
117.40,69.82
117.44,70.28
117.48,70.60
117.52,69.60
117.56,70.41
117.60,70.69
117.64,68.40
117.68,69.72
117.72,69.75
117.76,69.21
117.80,69.64
117.84,67.70
117.88,68.09
117.92,68.38
117.96,67.02
118.00,68.23
118.04,70.08
118.08,68.96
118.12,68.37
118.16,68.54
118.20,67.20
118.24,66.74
118.28,66.86
118.32,67.86
118.36,67.11
118.40,66.20
118.44,65.71
118.48,64.86
118.52,67.05
118.56,65.36
118.60,65.93
118.64,64.87
118.68,66.28
118.72,64.76
118.76,64.33
118.80,65.94
118.84,63.87
118.88,65.13
118.92,67.59
118.96,65.03
119.00,66.16
119.04,66.70
119.08,66.94
119.12,67.84
119.16,64.70
119.20,65.91
119.24,65.76
119.28,66.41
119.32,66.72
119.36,66.02
119.40,65.14
119.44,67.35
119.48,66.91
119.52,66.52
119.56,66.61
119.60,66.96
119.64,67.34
119.68,66.56
119.72,66.39
119.76,67.39
119.80,67.99
119.84,67.31
119.88,67.68
119.92,69.17
119.96,69.10
120.00,67.33
120.04,68.14
120.08,69.54
120.12,69.76
120.16,70.97
120.20,71.08
120.24,69.43
120.28,69.63
120.32,72.60
120.36,71.32
120.40,71.40
120.44,71.42
120.48,71.87
120.52,71.64
120.56,71.70
120.60,71.85
120.64,72.37
120.68,73.35
120.72,71.72
120.76,73.39
120.80,72.33
120.84,73.36
120.88,71.64
120.92,72.87
120.96,73.16
121.00,71.80
121.04,72.59
121.08,72.28
121.12,71.66
121.16,72.66
121.20,72.77
121.24,73.15
121.28,72.83
121.32,71.80
121.36,72.35
121.40,72.93
121.44,72.63
121.48,71.53
121.52,73.38
121.56,71.85
121.60,71.80
121.64,70.26
121.68,72.06
121.72,71.93
121.76,71.46
121.80,71.11
121.84,70.60
121.88,69.66
121.92,70.35
121.96,70.09
122.00,69.02
122.04,69.04
122.08,68.70
122.12,70.18
122.16,68.14
122.20,71.46
122.24,69.49
122.28,69.80
122.32,68.54
122.36,68.91
122.40,70.09
122.44,66.90
122.48,67.83
122.52,67.44
122.56,68.89
122.60,68.07
122.64,67.22
122.68,68.61
122.72,67.57
122.76,66.83
122.80,66.28
122.84,67.52
122.88,68.75
122.92,67.48
122.96,67.26
123.00,68.21
123.04,67.19
123.08,66.01
123.12,67.20
123.16,66.81
123.20,68.19
123.24,67.57
123.28,67.54
123.32,67.79
123.36,67.72
123.40,68.64
123.44,68.35
123.48,69.64
123.52,67.87
123.56,69.13
123.60,71.08
123.64,66.84
123.68,68.02
123.72,67.87
123.76,68.60
123.80,69.28
123.84,70.48
123.88,68.98
123.92,71.03
123.96,70.58
124.00,70.48
124.04,72.25
124.08,69.86
124.12,71.11
124.16,71.24
124.20,71.57
124.24,71.60
124.28,73.08
124.32,71.76
124.36,71.87
124.40,72.67
124.44,71.84
124.48,72.78
124.52,75.05
124.56,72.83
124.60,72.66
124.64,73.19
124.68,74.36
124.72,74.20
124.76,74.21
124.80,74.85
124.84,75.72
124.88,74.60
124.92,75.60
124.96,76.00
125.00,74.68
125.04,76.78
125.08,75.56
125.12,74.28
125.16,75.72
125.20,75.30
125.24,74.43
125.28,74.94
125.32,74.37
125.36,73.54
125.40,72.44
125.44,72.98
125.48,73.51
125.52,74.94
125.56,75.25
125.60,74.25
125.64,73.70
125.68,73.76
125.72,72.78
125.76,72.22
125.80,72.31
125.84,70.80
125.88,72.14
125.92,70.62
125.96,71.16
126.00,72.32
126.04,71.62
126.08,71.85
126.12,71.11
126.16,71.64
126.20,71.67
126.24,69.85
126.28,70.94
126.32,71.89
126.36,68.55
126.40,70.42
126.44,69.07
126.48,70.86
126.52,71.61
126.56,70.88
126.60,69.82
126.64,70.52
126.68,68.50
126.72,68.36
126.76,68.91
126.80,69.02
126.84,69.13
126.88,68.65
126.92,69.85
126.96,69.30
127.00,68.79
127.04,70.10
127.08,68.53
127.12,70.45
127.16,68.75
127.20,69.22
127.24,68.66
127.28,69.72
127.32,69.24
127.36,71.04
127.40,67.42
127.44,69.10
127.48,70.33
127.52,70.88
127.56,69.76
127.60,70.75
127.64,71.92
127.68,70.32
127.72,71.59
127.76,71.96
127.80,73.36
127.84,71.91
127.88,71.78
127.92,70.93
127.96,72.01
128.00,72.34
128.04,72.88
128.08,73.05
128.12,73.12
128.16,72.70
128.20,73.23
128.24,74.76
128.28,73.95
128.32,72.80
128.36,73.47
128.40,75.14
128.44,74.36
128.48,75.59
128.52,73.24
128.56,75.08
128.60,75.59
128.64,75.52
128.68,74.90
128.72,75.71
128.76,75.34
128.80,77.32
128.84,76.27
128.88,75.06
128.92,75.38
128.96,75.03
129.00,76.79
129.04,75.70
129.08,75.98
129.12,74.79
129.16,76.01
129.20,77.17
129.24,74.50
129.28,74.32
129.32,75.20
129.36,75.22
129.40,75.88
129.44,75.21
129.48,73.72
129.52,74.46
129.56,73.97
129.60,74.65
129.64,74.21
129.68,74.17
129.72,73.80
129.76,73.81
129.80,74.43
129.84,73.44
129.88,73.61
129.92,73.51
129.96,73.25
130.00,71.30
130.04,73.54
130.08,71.08
130.12,73.00
130.16,71.21
130.20,71.52
130.24,71.72
130.28,72.76
130.32,72.02
130.36,69.23
130.40,71.05
130.44,71.48
130.48,69.50
130.52,70.32
130.56,69.42
130.60,70.88
130.64,70.10
130.68,69.32
130.72,70.05
130.76,70.17
130.80,70.21
130.84,71.14
130.88,69.61
130.92,70.31
130.96,69.76
131.00,68.28
131.04,69.18
131.08,70.27
131.12,68.56
131.16,71.44
131.20,70.66
131.24,69.44
131.28,70.22
131.32,70.71
131.36,71.44
131.40,70.69
131.44,69.32
131.48,68.79
131.52,70.41
131.56,71.02
131.60,72.38
131.64,70.89
131.68,71.93
131.72,70.26
131.76,71.20
131.80,72.77
131.84,72.81
131.88,71.21
131.92,72.45
131.96,72.92
132.00,73.78
132.04,73.88
132.08,74.74
132.12,72.41
132.16,72.84
132.20,72.95
132.24,72.90
132.28,73.86
132.32,75.58
132.36,74.70
132.40,74.14
132.44,73.92
132.48,73.57
132.52,75.10
132.56,74.43
132.60,74.67
132.64,75.43
132.68,76.19
132.72,75.17
132.76,74.95
132.80,74.88
132.84,74.66
132.88,75.65
132.92,75.94
132.96,73.52
133.00,76.45
133.04,75.42
133.08,76.24
133.12,75.96
133.16,75.95
133.20,76.15
133.24,75.19
133.28,75.34
133.32,75.33
133.36,75.98
133.40,76.94
133.44,75.80
133.48,74.80
133.52,75.85
133.56,75.27
133.60,72.75
133.64,74.14
133.68,74.59
133.72,73.01
133.76,73.67
133.80,74.36
133.84,73.19
133.88,74.84
133.92,74.99
133.96,71.33
134.00,72.52
134.04,73.38
134.08,71.69
134.12,72.89
134.16,72.06
134.20,71.30
134.24,70.27
134.28,70.70
134.32,71.72
134.36,70.68
134.40,70.85
134.44,71.90
134.48,70.73
134.52,69.31
134.56,70.71
134.60,69.30
134.64,69.24
134.68,70.73
134.72,70.75
134.76,68.34
134.80,70.05
134.84,69.16
134.88,71.02
134.92,69.37
134.96,66.91
135.00,69.91
135.04,69.72
135.08,70.03
135.12,69.50
135.16,70.96
135.20,70.16
135.24,68.91
135.28,68.83
135.32,69.85
135.36,70.78
135.40,71.16
135.44,70.34
135.48,70.71
135.52,69.44
135.56,68.54
135.60,68.96
135.64,70.72
135.68,72.01
135.72,71.60
135.76,70.37
135.80,71.53
135.84,71.10
135.88,70.84
135.92,72.73
135.96,73.01
136.00,74.17
136.04,70.49
136.08,74.03
136.12,73.12
136.16,72.46
136.20,73.62
136.24,74.26
136.28,72.77
136.32,73.79
136.36,73.75
136.40,74.28
136.44,72.86
136.48,73.97
136.52,74.83
136.56,72.47
136.60,74.70
136.64,75.27
136.68,73.61
136.72,73.79
136.76,75.65
136.80,74.73
136.84,75.65
136.88,75.25
136.92,75.14
136.96,77.25
137.00,75.67
137.04,75.34
137.08,74.24
137.12,75.32
137.16,75.51
137.20,75.62
137.24,75.24
137.28,74.97
137.32,73.37
137.36,73.16
137.40,73.23
137.44,74.72
137.48,73.24
137.52,73.68
137.56,72.67
137.60,72.59
137.64,74.01
137.68,71.03
137.72,72.56
137.76,73.73
137.80,73.89
137.84,73.29
137.88,72.04
137.92,72.24
137.96,71.95
138.00,72.94
138.04,72.86
138.08,72.25
138.12,69.92
138.16,70.85
138.20,70.12
138.24,71.21
138.28,70.46
138.32,70.46
138.36,69.71
138.40,69.82
138.44,71.11
138.48,71.44
138.52,70.96
138.56,69.15
138.60,70.06
138.64,69.87
138.68,68.84
138.72,68.74
138.76,68.86
138.80,68.10
138.84,68.88
138.88,67.87
138.92,69.87
138.96,67.56
139.00,70.39
139.04,69.77
139.08,70.46
139.12,67.51
139.16,68.09
139.20,68.92
139.24,68.90
139.28,67.13
139.32,69.44
139.36,69.40
139.40,72.03
139.44,70.25
139.48,69.09
139.52,69.86
139.56,70.06
139.60,69.70
139.64,68.64
139.68,70.03
139.72,69.62
139.76,70.07
139.80,68.73
139.84,70.57
139.88,68.90
139.92,69.05
139.96,70.35
140.00,70.51
140.04,71.46
140.08,73.50
140.12,71.17
140.16,72.12
140.20,72.89
140.24,73.18
140.28,73.36
140.32,72.41
140.36,72.35
140.40,73.52
140.44,73.04
140.48,73.36
140.52,72.51
140.56,72.76
140.60,72.80
140.64,74.02
140.68,74.61
140.72,73.31
140.76,74.81
140.80,73.66
140.84,73.32
140.88,73.41
140.92,73.82
140.96,71.91
141.00,74.12
141.04,73.74
141.08,74.69
141.12,74.30
141.16,73.08
141.20,73.28
141.24,73.94
141.28,73.59
141.32,73.26
141.36,73.65
141.40,74.25
141.44,72.01
141.48,72.10
141.52,72.61
141.56,74.56
141.60,72.87
141.64,70.76
141.68,71.85
141.72,72.51
141.76,72.83
141.80,71.44
141.84,68.46
141.88,70.86
141.92,71.17
141.96,70.63
142.00,69.55
142.04,70.18
142.08,68.85
142.12,69.26
142.16,67.97
142.20,70.12
142.24,68.28
142.28,69.68
142.32,67.63
142.36,68.62
142.40,68.33
142.44,69.07
142.48,68.67
142.52,67.82
142.56,68.67
142.60,65.10
142.64,67.61
142.68,67.18
142.72,66.91
142.76,66.93
142.80,68.36
142.84,67.41
142.88,68.56
142.92,66.61
142.96,64.95
143.00,68.05
143.04,67.09
143.08,65.99
143.12,67.33
143.16,66.89
143.20,66.14
143.24,65.51
143.28,67.91
143.32,67.54
143.36,68.37
143.40,67.28
143.44,66.72
143.48,68.13
143.52,67.36
143.56,66.70
143.60,66.14
143.64,68.05
143.68,67.50
143.72,68.78
143.76,68.39
143.80,68.69
143.84,69.71
143.88,67.76
143.92,68.00
143.96,69.30
144.00,68.22
144.04,69.20
144.08,69.88
144.12,70.09
144.16,71.22
144.20,69.57
144.24,69.40
144.28,69.40
144.32,71.84
144.36,71.56
144.40,72.85
144.44,71.48
144.48,72.45
144.52,70.84
144.56,71.31
144.60,73.24
144.64,72.97
144.68,70.74
144.72,72.57
144.76,74.21
144.80,72.48
144.84,70.51
144.88,73.38
144.92,72.41
144.96,73.34
145.00,72.88
145.04,73.13
145.08,72.90
145.12,73.09
145.16,71.52
145.20,72.83
145.24,72.69
145.28,71.84
145.32,71.64
145.36,71.64
145.40,68.84
145.44,73.30
145.48,70.56
145.52,71.26
145.56,70.71
145.60,70.19
145.64,71.82
145.68,71.67
145.72,68.58
145.76,71.15
145.80,69.28
145.84,69.52
145.88,69.19
145.92,69.03
145.96,69.12
146.00,68.70
146.04,70.74
146.08,68.09
146.12,68.59
146.16,69.48
146.20,69.24
146.24,68.78
146.28,68.08
146.32,66.81
146.36,68.16
146.40,69.66
146.44,68.80
146.48,67.65
146.52,67.69
146.56,66.76
146.60,66.48
146.64,66.14
146.68,66.97
146.72,65.43
146.76,65.97
146.80,66.13
146.84,67.20
146.88,66.36
146.92,64.17
146.96,64.63
147.00,65.29
147.04,64.92
147.08,66.77
147.12,65.84
147.16,66.89
147.20,65.24
147.24,67.01
147.28,67.14
147.32,65.54
147.36,65.21
147.40,66.39
147.44,64.97
147.48,66.29
147.52,66.37
147.56,66.56
147.60,67.70
147.64,67.59
147.68,67.56
147.72,67.34
147.76,67.25
147.80,67.32
147.84,66.66
147.88,68.87
147.92,69.52
147.96,68.79
148.00,69.42
148.04,68.67
148.08,69.15
148.12,70.08
148.16,69.54
148.20,68.92
148.24,69.45
148.28,71.41
148.32,71.03
148.36,70.74
148.40,71.04
148.44,70.54
148.48,72.23
148.52,70.86
148.56,71.48
148.60,70.73
148.64,71.67
148.68,71.60
148.72,71.64
148.76,71.34
148.80,71.45
148.84,71.01
148.88,72.49
148.92,70.79
148.96,73.34
149.00,72.08
149.04,70.75
149.08,71.67
149.12,71.77
149.16,71.68
149.20,71.09
149.24,71.59
149.28,72.04
149.32,70.30
149.36,72.37
149.40,70.18
149.44,69.51
149.48,70.26
149.52,70.24
149.56,70.85
149.60,70.44
149.64,69.54
149.68,69.85
149.72,69.95
149.76,70.31
149.80,69.06
149.84,69.27
149.88,70.14
149.92,68.48
149.96,67.11
150.00,68.42
150.04,69.28
150.08,68.16
150.12,67.84
150.16,67.87
150.20,66.65
150.24,68.65
150.28,67.74
150.32,67.12
150.36,66.43
150.40,66.53
150.44,67.36
150.48,67.55
150.52,66.03
150.56,65.94
150.60,64.73
150.64,66.12
150.68,65.56
150.72,65.74
150.76,67.12
150.80,67.07
150.84,67.14
150.88,66.50
150.92,65.01
150.96,64.39
151.00,64.06
151.04,65.84
151.08,64.40
151.12,66.72
151.16,65.47
151.20,65.82
151.24,66.62
151.28,65.77
151.32,66.83
151.36,65.53
151.40,66.31
151.44,64.58
151.48,67.50
151.52,66.53
151.56,66.30
151.60,67.68
151.64,66.85
151.68,66.71
151.72,66.71
151.76,66.92
151.80,66.87
151.84,68.24
151.88,69.11
151.92,69.18
151.96,68.76
152.00,70.07
152.04,69.10
152.08,67.98
152.12,69.43
152.16,69.36
152.20,68.21
152.24,70.18
152.28,69.17
152.32,69.60
152.36,69.79
152.40,69.94
152.44,70.70
152.48,69.60
152.52,70.50
152.56,70.01
152.60,71.49
152.64,71.66
152.68,70.18
152.72,70.85
152.76,72.02
152.80,73.60
152.84,71.10
152.88,71.58
152.92,72.84
152.96,70.61
153.00,71.58
153.04,69.70
153.08,73.28
153.12,68.93
153.16,72.24
153.20,71.82
153.24,71.88
153.28,70.80
153.32,69.50
153.36,71.05
153.40,72.41
153.44,71.38
153.48,70.36
153.52,70.97
153.56,71.11
153.60,70.04
153.64,69.10
153.68,69.78
153.72,71.35
153.76,69.12
153.80,67.63
153.84,69.65
153.88,68.63
153.92,68.24
153.96,69.48
154.00,69.74
154.04,68.61
154.08,68.60
154.12,69.12
154.16,67.32
154.20,69.00
154.24,68.24
154.28,66.93
154.32,67.68
154.36,68.71
154.40,68.05
154.44,65.42
154.48,68.48
154.52,66.41
154.56,65.80
154.60,64.55
154.64,65.03
154.68,65.49
154.72,66.79
154.76,64.28
154.80,66.27
154.84,65.05
154.88,66.48
154.92,65.22
154.96,64.30
155.00,65.39
155.04,65.74
155.08,66.99
155.12,66.74
155.16,65.17
155.20,64.44
155.24,66.15
155.28,66.82
155.32,65.85
155.36,66.88
155.40,66.59
155.44,66.65
155.48,67.01
155.52,67.76
155.56,67.06
155.60,67.64
155.64,66.68
155.68,65.53
155.72,68.49
155.76,66.92
155.80,69.93
155.84,68.45
155.88,69.62
155.92,68.99
155.96,68.96
156.00,69.90
156.04,69.59
156.08,70.05
156.12,69.63
156.16,71.17
156.20,69.83
156.24,70.08
156.28,70.86
156.32,71.62
156.36,71.44
156.40,71.01
156.44,71.76
156.48,71.04
156.52,72.54
156.56,72.16
156.60,71.55
156.64,71.00
156.68,72.60
156.72,73.31
156.76,71.56
156.80,72.50
156.84,72.77
156.88,72.53
156.92,71.55
156.96,72.34
157.00,74.16
157.04,71.77
157.08,71.30
157.12,73.46
157.16,72.22
157.20,74.51
157.24,72.61
157.28,72.01
157.32,71.97
157.36,73.20
157.40,73.03
157.44,72.24
157.48,71.31
157.52,70.98
157.56,72.84
157.60,71.82
157.64,72.24
157.68,70.20
157.72,71.40
157.76,72.30
157.80,71.83
157.84,71.02
157.88,70.58
157.92,69.50
157.96,70.19
158.00,71.85
158.04,68.80
158.08,69.84
158.12,69.01
158.16,68.13
158.20,69.84
158.24,68.06
158.28,68.15
158.32,70.06
158.36,68.89
158.40,69.25
158.44,68.78
158.48,66.90
158.52,67.61
158.56,67.56
158.60,68.17
158.64,68.19
158.68,69.61
158.72,68.59
158.76,67.44
158.80,66.49
158.84,67.91
158.88,66.23
158.92,67.82
158.96,66.48
159.00,67.76
159.04,67.95
159.08,68.15
159.12,67.10
159.16,66.55
159.20,67.99
159.24,68.46
159.28,67.08
159.32,67.95
159.36,68.58
159.40,69.29
159.44,68.05
159.48,67.77
159.52,69.10
159.56,69.24
159.60,68.29
159.64,69.01
159.68,68.45
159.72,69.62
159.76,71.14
159.80,68.53
159.84,69.90
159.88,69.35
159.92,69.23
159.96,69.21
160.00,71.11
160.04,70.27
160.08,71.58
160.12,71.39
160.16,71.33
160.20,73.07
160.24,72.20
160.28,72.79
160.32,70.75
160.36,71.47
160.40,73.36
160.44,73.62
160.48,72.58
160.52,73.18
160.56,73.73
160.60,73.91
160.64,73.30
160.68,73.15
160.72,74.02
160.76,74.82
160.80,72.90
160.84,74.38
160.88,75.75
160.92,73.91
160.96,74.25
161.00,72.82
161.04,73.34
161.08,74.28
161.12,73.15
161.16,74.62
161.20,74.05
161.24,73.08
161.28,74.47
161.32,74.03
161.36,74.10
161.40,73.43
161.44,73.68
161.48,73.13
161.52,72.45
161.56,73.14
161.60,74.30
161.64,73.90
161.68,73.00
161.72,72.37
161.76,70.13
161.80,70.70
161.84,72.58
161.88,72.06
161.92,71.57
161.96,71.87
162.00,71.15
162.04,71.49
162.08,70.69
162.12,70.68
162.16,69.14
162.20,71.67
162.24,71.04
162.28,68.61
162.32,70.62
162.36,70.66
162.40,71.84
162.44,70.65
162.48,69.02
162.52,69.96
162.56,69.08
162.60,71.62
162.64,67.79
162.68,70.22
162.72,69.09
162.76,69.49
162.80,67.86
162.84,68.24
162.88,68.81
162.92,69.57
162.96,69.67
163.00,68.77
163.04,70.65
163.08,71.15
163.12,69.51
163.16,68.03
163.20,68.86
163.24,68.73
163.28,69.36
163.32,68.13
163.36,70.02
163.40,70.87
163.44,70.19
163.48,70.46
163.52,70.85
163.56,70.43
163.60,70.15
163.64,71.67
163.68,71.86
163.72,71.07
163.76,72.70
163.80,73.08
163.84,71.36
163.88,70.76
163.92,70.92
163.96,71.18
164.00,70.46
164.04,72.08
164.08,71.35
164.12,71.79
164.16,71.15
164.20,73.08
164.24,71.58
164.28,74.82
164.32,73.99
164.36,73.59
164.40,74.15
164.44,75.25
164.48,74.97
164.52,72.33
164.56,74.67
164.60,75.15
164.64,74.79
164.68,75.82
164.72,76.03
164.76,75.87
164.80,76.46
164.84,76.42
164.88,76.78
164.92,75.07
164.96,76.25
165.00,76.15
165.04,76.04
165.08,75.72
165.12,73.36
165.16,75.12
165.20,75.46
165.24,75.85
165.28,75.49
165.32,75.05
165.36,75.47
165.40,74.19
165.44,75.06
165.48,73.11
165.52,75.57
165.56,74.06
165.60,73.25
165.64,75.44
165.68,73.36
165.72,72.76
165.76,74.88
165.80,73.01
165.84,73.76
165.88,73.24
165.92,73.98
165.96,74.18
166.00,72.50
166.04,75.93
166.08,72.74
166.12,72.51
166.16,70.89
166.20,72.92
166.24,74.02
166.28,72.22
166.32,71.71
166.36,71.52
166.40,70.22
166.44,71.92
166.48,70.14
166.52,71.78
166.56,71.55
166.60,70.42
166.64,69.60
166.68,70.27
166.72,71.74
166.76,70.43
166.80,71.25
166.84,70.95
166.88,70.10
166.92,71.63
166.96,70.48
167.00,70.59
167.04,70.59
167.08,70.44
167.12,70.42
167.16,71.06
167.20,70.56
167.24,70.98
167.28,70.16
167.32,71.40
167.36,69.86
167.40,70.23
167.44,70.95
167.48,70.19
167.52,71.82
167.56,69.95
167.60,72.44
167.64,70.97
167.68,71.92
167.72,71.22
167.76,70.79
167.80,71.83
167.84,71.92
167.88,71.73
167.92,73.36
167.96,74.16
168.00,71.55
168.04,74.39
168.08,73.13
168.12,73.78
168.16,73.57
168.20,75.80
168.24,72.92
168.28,72.34
168.32,74.65
168.36,74.95
168.40,74.27
168.44,74.59
168.48,75.36
168.52,75.00
168.56,76.49
168.60,75.80
168.64,76.41
168.68,75.01
168.72,76.37
168.76,75.44
168.80,77.15
168.84,76.30
168.88,75.54
168.92,78.49
168.96,75.85
169.00,78.06
169.04,76.20
169.08,76.08
169.12,75.96
169.16,77.31
169.20,75.84
169.24,75.41
169.28,75.80
169.32,74.37
169.36,76.56
169.40,74.58
169.44,75.50
169.48,74.85
169.52,76.40
169.56,73.56
169.60,74.83
169.64,74.19
169.68,75.12
169.72,74.02
169.76,74.09
169.80,74.77
169.84,72.71
169.88,73.09
169.92,72.48
169.96,74.55
170.00,72.09
170.04,73.65
170.08,71.32
170.12,71.14
170.16,71.61
170.20,73.00
170.24,71.30
170.28,70.82
170.32,72.73
170.36,71.36
170.40,73.59
170.44,72.25
170.48,72.02
170.52,71.35
170.56,72.16
170.60,70.84
170.64,71.07
170.68,71.11
170.72,70.24
170.76,70.41
170.80,70.85
170.84,70.83
170.88,70.95
170.92,71.42
170.96,69.87
171.00,70.60
171.04,68.61
171.08,70.60
171.12,71.19
171.16,68.57
171.20,67.78
171.24,69.92
171.28,70.03
171.32,71.13
171.36,70.53
171.40,70.78
171.44,71.57
171.48,70.50
171.52,70.80
171.56,71.70
171.60,71.18
171.64,71.35
171.68,70.71
171.72,71.92
171.76,70.95
171.80,73.47
171.84,71.35
171.88,72.35
171.92,74.47
171.96,72.96
172.00,76.37
172.04,73.72
172.08,72.01
172.12,73.56
172.16,73.93
172.20,73.23
172.24,73.48
172.28,74.31
172.32,73.64
172.36,73.97
172.40,76.93
172.44,74.92
172.48,75.59
172.52,74.39
172.56,76.07
172.60,75.41
172.64,75.79
172.68,74.56
172.72,74.06
172.76,75.81
172.80,76.11
172.84,76.58
172.88,75.45
172.92,74.32
172.96,75.62
173.00,75.07
173.04,78.56
173.08,75.88
173.12,75.98
173.16,74.38
173.20,75.70
173.24,75.80
173.28,76.50
173.32,75.73
173.36,74.28
173.40,74.23
173.44,74.82
173.48,76.10
173.52,74.97
173.56,74.99
173.60,75.14
173.64,74.06
173.68,74.07
173.72,75.15
173.76,74.92
173.80,72.82
173.84,75.24
173.88,73.30
173.92,71.89
173.96,73.43
174.00,72.32
174.04,73.69
174.08,71.99
174.12,73.17
174.16,71.79
174.20,70.83
174.24,71.67
174.28,71.98
174.32,70.57
174.36,71.62
174.40,70.66
174.44,70.50
174.48,68.21
174.52,69.98
174.56,70.13
174.60,69.51
174.64,72.21
174.68,70.57
174.72,70.13
174.76,70.01
174.80,71.11
174.84,70.31
174.88,69.38
174.92,69.65
174.96,69.98
175.00,71.18
175.04,69.41
175.08,68.83
175.12,69.35
175.16,69.04
175.20,69.98
175.24,71.39
175.28,69.92
175.32,69.03
175.36,70.04
175.40,70.93
175.44,68.55
175.48,70.46
175.52,71.27
175.56,71.30
175.60,70.19
175.64,71.82
175.68,69.56
175.72,71.75
175.76,70.49
175.80,72.05
175.84,73.15
175.88,71.12
175.92,69.76
175.96,71.83
176.00,72.54
176.04,72.17
176.08,72.10
176.12,71.45
176.16,73.24
176.20,73.08
176.24,74.07
176.28,73.11
176.32,72.28
176.36,73.98
176.40,73.49
176.44,74.87
176.48,73.71
176.52,73.76
176.56,73.51
176.60,74.61
176.64,74.66
176.68,75.23
176.72,74.80
176.76,75.51
176.80,74.95
176.84,73.09
176.88,74.03
176.92,76.16
176.96,74.40
177.00,74.00
177.04,77.00
177.08,73.59
177.12,74.24
177.16,74.68
177.20,75.86
177.24,75.20
177.28,74.26
177.32,75.28
177.36,75.98
177.40,72.51
177.44,73.96
177.48,74.27
177.52,73.40
177.56,73.11
177.60,72.47
177.64,73.79
177.68,73.79
177.72,74.30
177.76,72.81
177.80,71.64
177.84,71.41
177.88,72.28
177.92,70.18
177.96,72.35
178.00,71.10
178.04,71.73
178.08,70.77
178.12,70.70
178.16,69.59
178.20,69.92
178.24,70.71
178.28,68.65
178.32,70.22
178.36,69.60
178.40,69.03
178.44,70.59
178.48,70.52
178.52,69.84
178.56,70.28
178.60,69.53
178.64,68.43
178.68,68.12
178.72,68.50
178.76,67.10
178.80,68.35
178.84,67.26
178.88,68.06
178.92,67.21
178.96,68.24
179.00,68.65
179.04,66.83
179.08,68.51
179.12,68.06
179.16,66.79
179.20,67.07
179.24,67.34
179.28,68.51
179.32,69.08
179.36,69.78
179.40,68.35
179.44,69.51
179.48,67.92
179.52,68.50
179.56,68.75
179.60,67.47
179.64,69.77
179.68,69.59
179.72,67.84
179.76,68.55
179.80,70.74
179.84,68.15
179.88,69.82
179.92,70.79
179.96,70.30
180.00,70.16
180.04,70.15
180.08,70.56
180.12,70.31
180.16,71.98
180.20,72.10
180.24,71.21
180.28,71.44
180.32,72.08
180.36,73.01
180.40,72.51
180.44,72.24
180.48,72.20
180.52,72.48
180.56,73.09
180.60,72.28
180.64,71.90
180.68,71.86
180.72,73.01
180.76,72.20
180.80,73.69
180.84,72.20
180.88,72.70
180.92,71.89
180.96,71.55
181.00,73.88
181.04,74.72
181.08,72.98
181.12,72.50
181.16,72.99
181.20,73.76
181.24,71.32
181.28,73.34
181.32,71.68
181.36,71.02
181.40,73.66
181.44,72.02
181.48,72.10
181.52,71.32
181.56,72.07
181.60,70.78
181.64,71.53
181.68,72.42
181.72,71.31
181.76,72.60
181.80,69.98
181.84,70.64
181.88,70.52
181.92,69.55
181.96,69.45
182.00,69.11
182.04,69.43
182.08,69.30
182.12,67.88
182.16,69.28
182.20,67.90
182.24,68.04
182.28,68.43
182.32,68.91
182.36,68.38
182.40,67.91
182.44,66.70
182.48,67.37
182.52,67.71
182.56,67.01
182.60,66.08
182.64,67.33
182.68,67.55
182.72,65.69
182.76,66.04
182.80,65.72
182.84,65.33
182.88,65.14
182.92,64.48
182.96,67.47
183.00,66.92
183.04,67.06
183.08,64.95
183.12,65.55
183.16,65.47
183.20,67.39
183.24,65.39
183.28,67.60
183.32,65.89
183.36,68.45
183.40,66.87
183.44,65.78
183.48,66.68
183.52,66.64
183.56,66.77
183.60,68.25
183.64,65.94
183.68,67.34
183.72,66.46
183.76,67.31
183.80,67.83
183.84,67.94
183.88,66.63
183.92,68.43
183.96,67.69
184.00,68.14
184.04,67.79
184.08,68.92
184.12,72.01
184.16,70.05
184.20,69.79
184.24,70.10
184.28,70.12
184.32,68.57
184.36,68.76
184.40,71.52
184.44,72.50
184.48,70.88
184.52,71.13
184.56,70.83
184.60,70.13
184.64,72.18
184.68,71.19
184.72,70.26
184.76,71.18
184.80,70.75
184.84,70.79
184.88,71.36
184.92,71.73
184.96,72.40
185.00,71.04
185.04,72.58
185.08,71.60
185.12,71.33
185.16,70.60
185.20,71.56
185.24,71.79
185.28,71.37
185.32,72.15
185.36,69.78
185.40,70.12
185.44,71.60
185.48,70.75
185.52,71.05
185.56,68.64
185.60,71.15
185.64,70.52
185.68,69.69
185.72,71.76
185.76,68.26
185.80,69.48
185.84,68.82
185.88,69.12
185.92,67.50
185.96,68.18
186.00,68.36
186.04,67.60
186.08,68.67
186.12,67.69
186.16,65.93
186.20,66.80
186.24,67.91
186.28,67.51
186.32,67.38
186.36,65.99
186.40,65.50
186.44,66.39
186.48,66.37
186.52,65.61
186.56,68.77
186.60,65.40
186.64,66.03
186.68,65.68
186.72,65.23
186.76,64.88
186.80,64.48
186.84,65.29
186.88,64.70
186.92,65.91
186.96,64.22
187.00,66.69
187.04,65.71
187.08,66.13
187.12,65.42
187.16,64.58
187.20,65.42
187.24,66.40
187.28,66.87
187.32,65.81
187.36,63.40
187.40,66.84
187.44,65.56
187.48,65.52
187.52,65.78
187.56,66.17
187.60,66.90
187.64,66.53
187.68,66.99
187.72,65.75
187.76,67.76
187.80,65.08
187.84,68.27
187.88,67.58
187.92,66.79
187.96,68.07
188.00,68.00
188.04,66.52
188.08,69.07
188.12,69.37
188.16,69.71
188.20,68.76
188.24,68.23
188.28,68.46
188.32,69.38
188.36,69.19
188.40,70.40
188.44,70.01
188.48,70.80
188.52,70.20
188.56,69.29
188.60,71.32
188.64,70.03
188.68,70.55
188.72,69.59
188.76,70.51
188.80,70.81
188.84,70.12
188.88,70.28
188.92,71.11
188.96,70.74
189.00,72.37
189.04,72.61
189.08,72.61
189.12,71.18
189.16,71.25
189.20,70.92
189.24,71.39
189.28,70.52
189.32,70.70
189.36,71.15
189.40,68.50
189.44,70.04
189.48,71.63
189.52,69.46
189.56,71.17
189.60,69.52
189.64,70.31
189.68,68.56
189.72,69.34
189.76,69.17
189.80,68.64
189.84,69.09
189.88,69.16
189.92,66.33
189.96,69.36
190.00,64.51
190.04,64.55
190.08,64.86
190.12,62.51
190.16,62.85
190.20,61.81
190.24,61.29
190.28,61.19
190.32,60.82
190.36,61.54
190.40,59.30
190.44,59.05
190.48,58.60
190.52,58.78
190.56,57.21
190.60,57.19
190.64,59.86
190.68,57.70
190.72,57.91
190.76,57.30
190.80,59.01
190.84,59.11
190.88,59.70
190.92,59.52
190.96,60.22
191.00,62.68
191.04,65.91
191.08,70.71
191.12,72.39
191.16,73.31
191.20,77.10
191.24,77.08
191.28,79.73
191.32,80.54
191.36,82.42
191.40,84.31
191.44,87.63
191.48,86.21
191.52,87.41
191.56,89.41
191.60,90.48
191.64,91.97
191.68,92.62
191.72,93.51
191.76,94.74
191.80,94.74
191.84,96.00
191.88,96.17
191.92,97.88
191.96,98.61
192.00,98.91
192.04,100.06
192.08,101.21
192.12,100.88
192.16,101.44
192.20,103.22
192.24,100.99
192.28,101.59
192.32,101.41
192.36,102.37
192.40,102.83
192.44,103.45
192.48,104.58
192.52,105.46
192.56,104.30
192.60,104.73
192.64,104.05
192.68,103.70
192.72,105.28
192.76,104.53
192.80,105.38
192.84,103.62
192.88,105.32
192.92,104.12
192.96,104.49
193.00,105.18
193.04,106.67
193.08,104.40
193.12,106.39
193.16,101.82
193.20,104.10
193.24,103.48
193.28,105.25
193.32,102.56
193.36,102.33
193.40,102.33
193.44,102.23
193.48,101.53
193.52,101.55
193.56,101.52
193.60,100.41
193.64,104.21
193.68,100.00
193.72,100.06
193.76,98.50
193.80,98.83
193.84,98.95
193.88,99.51
193.92,99.25
193.96,98.74
194.00,98.33
194.04,96.65
194.08,98.66
194.12,96.58
194.16,95.79
194.20,95.11
194.24,97.03
194.28,95.25
194.32,94.67
194.36,96.11
194.40,93.27
194.44,94.39
194.48,94.29
194.52,94.26
194.56,93.65
194.60,92.13
194.64,92.44
194.68,92.31
194.72,93.27
194.76,92.43
194.80,91.08
194.84,91.09
194.88,92.25
194.92,91.27
194.96,91.62
195.00,89.87
195.04,88.82
195.08,90.74
195.12,91.51
195.16,89.55
195.20,88.43
195.24,90.08
195.28,90.65
195.32,89.17
195.36,89.85
195.40,88.91
195.44,89.17
195.48,90.22
195.52,88.35
195.56,90.23
195.60,91.14
195.64,89.33
195.68,90.07
195.72,89.80
195.76,88.84
195.80,92.52
195.84,88.70
195.88,87.86
195.92,89.09
195.96,90.75
196.00,89.76
196.04,89.01
196.08,89.76
196.12,90.82
196.16,90.12
196.20,90.54
196.24,88.91
196.28,87.66
196.32,89.50
196.36,89.32
196.40,88.60
196.44,89.13
196.48,91.45
196.52,89.65
196.56,88.45
196.60,89.24
196.64,91.21
196.68,90.05
196.72,90.52
196.76,90.62
196.80,89.35
196.84,89.52
196.88,90.15
196.92,88.69
196.96,89.68
197.00,90.91
197.04,88.86
197.08,89.74
197.12,88.52
197.16,87.90
197.20,88.80
197.24,86.83
197.28,88.79
197.32,87.87
197.36,87.21
197.40,88.17
197.44,87.34
197.48,87.00
197.52,86.67
197.56,86.25
197.60,86.27
197.64,85.47
197.68,85.66
197.72,84.31
197.76,84.57
197.80,85.06
197.84,82.88
197.88,84.03
197.92,84.35
197.96,83.02
198.00,84.12
198.04,83.02
198.08,82.10
198.12,82.61
198.16,83.47
198.20,82.45
198.24,81.14
198.28,82.82
198.32,81.16
198.36,82.56
198.40,80.49
198.44,80.86
198.48,78.24
198.52,80.43
198.56,79.32
198.60,78.53
198.64,79.15
198.68,80.46
198.72,78.79
198.76,79.63
198.80,78.23
198.84,78.54
198.88,77.60
198.92,77.78
198.96,78.33
199.00,77.37
199.04,78.06
199.08,78.44
199.12,77.66
199.16,76.04
199.20,77.21
199.24,77.42
199.28,77.24
199.32,78.80
199.36,78.97
199.40,77.74
199.44,79.65
199.48,78.17
199.52,78.09
199.56,78.99
199.60,78.07
199.64,77.88
199.68,77.52
199.72,78.33
199.76,78.79
199.80,78.02
199.84,78.28
199.88,77.70
199.92,78.83
199.96,79.59
200.00,79.15
200.04,80.13
200.08,79.15
200.12,79.68
200.16,78.84
200.20,79.90
200.24,80.60
200.28,79.39
200.32,79.62
200.36,81.10
200.40,80.74
200.44,81.82
200.48,80.07
200.52,78.54
200.56,80.41
200.60,81.23
200.64,81.65
200.68,80.85
200.72,80.03
200.76,81.41
200.80,81.14
200.84,79.55
200.88,79.28
200.92,80.81
200.96,80.43
201.00,80.98
201.04,80.37
201.08,81.08
201.12,79.50
201.16,80.68
201.20,80.81
201.24,80.21
201.28,79.77
201.32,80.78
201.36,78.82
201.40,77.43
201.44,80.78
201.48,79.35
201.52,80.19
201.56,78.87
201.60,78.56
201.64,77.72
201.68,77.39
201.72,78.06
201.76,78.55
201.80,77.49
201.84,78.02
201.88,74.09
201.92,77.50
201.96,78.07
202.00,75.71
202.04,76.18
202.08,77.74
202.12,74.55
202.16,77.77
202.20,75.48
202.24,74.80
202.28,73.91
202.32,75.67
202.36,74.70
202.40,74.13
202.44,73.16
202.48,74.75
202.52,71.82
202.56,74.29
202.60,73.56
202.64,73.57
202.68,72.45
202.72,73.49
202.76,74.17
202.80,72.63
202.84,71.38
202.88,71.59
202.92,74.07
202.96,74.54
203.00,72.22
203.04,71.49
203.08,72.44
203.12,71.44
203.16,72.14
203.20,71.32
203.24,71.60
203.28,71.83
203.32,71.79
203.36,72.70
203.40,73.87
203.44,73.24
203.48,73.00
203.52,73.09
203.56,73.52
203.60,74.55
203.64,74.27
203.68,74.20
203.72,73.14
203.76,73.27
203.80,73.59
203.84,74.78
203.88,74.48
203.92,75.17
203.96,73.50
204.00,72.70
204.04,75.05
204.08,73.70
204.12,75.72
204.16,74.41
204.20,76.22
204.24,75.36
204.28,76.05
204.32,75.11
204.36,75.69
204.40,76.99
204.44,77.54
204.48,75.73
204.52,76.14
204.56,76.52
204.60,75.99
204.64,76.73
204.68,77.46
204.72,75.71
204.76,77.90
204.80,76.59
204.84,77.24
204.88,76.23
204.92,78.06
204.96,77.63
205.00,74.53
205.04,76.00
205.08,75.87
205.12,77.68
205.16,76.63
205.20,76.50
205.24,78.04
205.28,77.70
205.32,75.71
205.36,75.13
205.40,76.28
205.44,75.34
205.48,77.23
205.52,76.41
205.56,75.34
205.60,75.62
205.64,75.98
205.68,76.36
205.72,74.85
205.76,75.25
205.80,75.14
205.84,75.89
205.88,74.09
205.92,75.62
205.96,73.74
206.00,74.91
206.04,72.39
206.08,72.37
206.12,72.43
206.16,71.39
206.20,73.00
206.24,73.70
206.28,73.08
206.32,71.50
206.36,72.31
206.40,72.21
206.44,70.13
206.48,70.86
206.52,70.52
206.56,72.79
206.60,70.73
206.64,70.14
206.68,70.46
206.72,70.93
206.76,71.11
206.80,70.65
206.84,70.00
206.88,70.83
206.92,71.89
206.96,69.59
207.00,69.17
207.04,70.74
207.08,70.65
207.12,71.81
207.16,70.11
207.20,71.61
207.24,69.94
207.28,70.54
207.32,69.14
207.36,70.00
207.40,72.18
207.44,70.40
207.48,70.87
207.52,71.76
207.56,72.57
207.60,71.09
207.64,71.05
207.68,71.25
207.72,70.30
207.76,72.78
207.80,71.59
207.84,73.52
207.88,73.87
207.92,71.99
207.96,73.01
208.00,73.66
208.04,73.85
208.08,71.99
208.12,73.54
208.16,73.61
208.20,73.37
208.24,73.43
208.28,73.29
208.32,74.83
208.36,74.73
208.40,74.98
208.44,73.64
208.48,73.61
208.52,73.85
208.56,76.63
208.60,75.46
208.64,75.04
208.68,74.90
208.72,76.12
208.76,76.96
208.80,75.06
208.84,73.71
208.88,72.88
208.92,76.12
208.96,74.40
209.00,75.47
209.04,76.86
209.08,74.74
209.12,74.13
209.16,77.04
209.20,75.45
209.24,77.19
209.28,76.11
209.32,76.88
209.36,74.21
209.40,74.34
209.44,74.64
209.48,73.52
209.52,72.91
209.56,74.60
209.60,74.57
209.64,74.57
209.68,74.03
209.72,73.73
209.76,73.41
209.80,75.42
209.84,73.41
209.88,73.89
209.92,72.48
209.96,72.27
210.00,71.92
210.04,70.71
210.08,71.68
210.12,72.25
210.16,71.39
210.20,71.16
210.24,69.66
210.28,71.96
210.32,71.77
210.36,69.69
210.40,68.87
210.44,70.10
210.48,68.00
210.52,71.34
210.56,68.96
210.60,68.45
210.64,70.25
210.68,68.60
210.72,70.59
210.76,69.51
210.80,70.73
210.84,69.77
210.88,69.18
210.92,68.42
210.96,70.33
211.00,70.65
211.04,69.36
211.08,67.49
211.12,67.92
211.16,68.03
211.20,69.13
211.24,68.94
211.28,68.23
211.32,68.08
211.36,70.21
211.40,70.52
211.44,69.76
211.48,70.66
211.52,70.25
211.56,69.19
211.60,70.64
211.64,69.71
211.68,69.17
211.72,69.71
211.76,69.69
211.80,70.75
211.84,71.27
211.88,72.10
211.92,70.71
211.96,70.56
212.00,71.91
212.04,72.08
212.08,71.77
212.12,74.07
212.16,73.97
212.20,71.89
212.24,72.33
212.28,72.77
212.32,74.35
212.36,73.23
212.40,75.59
212.44,72.68
212.48,73.42
212.52,75.02
212.56,73.24
212.60,75.44
212.64,75.55
212.68,75.42
212.72,73.39
212.76,73.81
212.80,73.87
212.84,74.95
212.88,75.31
212.92,74.25
212.96,74.70
213.00,75.03
213.04,74.46
213.08,74.75
213.12,74.56
213.16,73.21
213.20,74.27
213.24,75.94
213.28,74.71
213.32,74.72
213.36,74.62
213.40,73.67
213.44,74.32
213.48,72.51
213.52,74.11
213.56,73.70
213.60,73.02
213.64,73.97
213.68,73.09
213.72,72.67
213.76,72.10
213.80,71.89
213.84,70.84
213.88,72.43
213.92,72.53
213.96,70.02
214.00,72.13
214.04,70.60
214.08,72.34
214.12,71.47
214.16,70.36
214.20,72.66
214.24,72.36
214.28,69.94
214.32,70.11
214.36,68.19
214.40,69.10
214.44,68.46
214.48,68.17
214.52,68.32
214.56,68.32
214.60,69.26
214.64,67.91
214.68,67.47
214.72,68.42
214.76,69.07
214.80,69.63
214.84,68.71
214.88,68.85
214.92,70.14
214.96,69.55
215.00,66.48
215.04,68.54
215.08,68.60
215.12,68.38
215.16,69.15
215.20,69.36
215.24,67.59
215.28,67.64
215.32,68.12
215.36,68.83
215.40,69.30
215.44,67.97
215.48,69.29
215.52,69.46
215.56,68.73
215.60,68.54
215.64,69.07
215.68,68.29
215.72,70.74
215.76,70.59
215.80,70.94
215.84,70.33
215.88,70.57
215.92,71.43
215.96,70.58
216.00,70.65
216.04,70.09
216.08,71.31
216.12,69.68
216.16,70.90
216.20,71.11
216.24,70.79
216.28,71.85
216.32,72.77
216.36,70.45
216.40,72.38
216.44,72.01
216.48,70.55
216.52,73.29
216.56,73.28
216.60,73.85
216.64,73.40
216.68,72.25
216.72,71.54
216.76,71.86
216.80,73.79
216.84,72.23
216.88,73.52
216.92,73.55
216.96,73.82
217.00,72.29
217.04,74.51
217.08,71.17
217.12,73.74
217.16,74.91
217.20,73.09
217.24,71.83
217.28,72.52
217.32,72.02
217.36,73.01
217.40,72.23
217.44,72.82
217.48,72.82
217.52,72.03
217.56,71.81
217.60,71.13
217.64,72.00
217.68,70.12
217.72,72.70
217.76,70.76
217.80,72.15
217.84,71.26
217.88,69.57
217.92,66.17
217.96,67.24
218.00,66.73
218.04,66.16
218.08,67.10
218.12,63.78
218.16,66.92
218.20,64.18
218.24,63.37
218.28,62.44
218.32,63.49
218.36,61.44
218.40,62.39
218.44,61.10
218.48,59.32
218.52,60.54
218.56,58.45
218.60,60.10
218.64,61.00
218.68,60.48
218.72,60.02
218.76,59.88
218.80,61.63
218.84,60.33
218.88,63.43
218.92,66.03
218.96,68.17
219.00,71.60
219.04,72.28
219.08,74.63
219.12,76.53
219.16,79.67
219.20,79.33
219.24,79.97
219.28,84.34
219.32,84.61
219.36,85.69
219.40,86.89
219.44,87.95
219.48,88.35
219.52,90.79
219.56,90.01
219.60,93.66
219.64,94.53
219.68,95.49
219.72,94.99
219.76,94.39
219.80,96.39
219.84,96.14
219.88,97.14
219.92,98.15
219.96,98.60
220.00,99.32
220.04,99.80
220.08,99.42
220.12,99.67
220.16,101.17
220.20,99.81
220.24,103.77
220.28,101.75
220.32,101.57
220.36,101.69
220.40,102.32
220.44,102.31
220.48,103.24
220.52,103.20
220.56,103.95
220.60,103.51
220.64,104.16
220.68,101.63
220.72,102.98
220.76,105.13
220.80,102.45
220.84,103.89
220.88,103.71
220.92,103.54
220.96,102.65
221.00,102.96
221.04,103.07
221.08,103.14
221.12,103.57
221.16,100.22
221.20,103.97
221.24,101.74
221.28,103.56
221.32,102.42
221.36,103.42
221.40,100.31
221.44,100.49
221.48,98.75
221.52,99.30
221.56,99.87
221.60,100.20
221.64,98.95
221.68,97.67
221.72,98.25
221.76,99.70
221.80,98.59
221.84,96.33
221.88,96.99
221.92,98.14
221.96,96.07
222.00,96.02
222.04,96.03
222.08,95.39
222.12,94.13
222.16,96.35
222.20,94.23
222.24,93.94
222.28,93.51
222.32,93.09
222.36,92.27
222.40,91.97
222.44,93.01
222.48,91.42
222.52,92.01
222.56,90.07
222.60,91.80
222.64,90.06
222.68,90.32
222.72,90.39
222.76,88.56
222.80,89.70
222.84,89.61
222.88,89.64
222.92,88.11
222.96,87.20
223.00,87.88
223.04,87.02
223.08,88.80
223.12,86.80
223.16,89.65
223.20,85.84
223.24,88.69
223.28,88.80
223.32,88.39
223.36,86.68
223.40,86.27
223.44,87.99
223.48,86.33
223.52,87.51
223.56,87.81
223.60,85.78
223.64,86.43
223.68,86.62
223.72,87.10
223.76,85.49
223.80,86.43
223.84,86.01
223.88,88.82
223.92,87.38
223.96,85.59
224.00,85.47
224.04,87.20
224.08,86.55
224.12,86.65
224.16,86.32
224.20,86.79
224.24,86.59
224.28,86.63
224.32,86.40
224.36,86.84
224.40,87.73
224.44,86.89
224.48,87.24
224.52,87.99
224.56,86.90
224.60,85.76
224.64,88.26
224.68,88.69
224.72,86.73
224.76,87.46
224.80,88.39
224.84,86.33
224.88,86.30
224.92,87.44
224.96,85.01
225.00,86.14
225.04,86.81
225.08,86.14
225.12,85.53
225.16,85.91
225.20,84.72
225.24,84.79
225.28,84.39
225.32,84.14
225.36,84.23
225.40,84.73
225.44,83.60
225.48,83.79
225.52,84.78
225.56,81.43
225.60,83.26
225.64,84.15
225.68,83.68
225.72,83.44
225.76,82.51
225.80,80.37
225.84,80.47
225.88,80.70
225.92,80.77
225.96,80.86
226.00,78.40
226.04,79.78
226.08,78.79
226.12,78.18
226.16,79.06
226.20,79.69
226.24,77.81
226.28,76.62
226.32,77.10
226.36,77.64
226.40,76.99
226.44,76.54
226.48,77.50
226.52,77.08
226.56,78.22
226.60,75.89
226.64,76.79
226.68,78.06
226.72,73.80
226.76,74.82
226.80,76.20
226.84,74.89
226.88,75.40
226.92,74.73
226.96,75.33
227.00,75.63
227.04,75.22
227.08,72.59
227.12,73.71
227.16,73.64
227.20,76.26
227.24,75.95
227.28,74.93
227.32,72.50
227.36,72.67
227.40,74.48
227.44,74.23
227.48,74.30
227.52,73.64
227.56,75.25
227.60,73.80
227.64,75.55
227.68,74.43
227.72,74.34
227.76,73.70
227.80,73.91
227.84,74.84
227.88,75.30
227.92,76.36
227.96,74.97
228.00,74.47
228.04,75.66
228.08,74.76
228.12,75.05
228.16,75.17
228.20,74.84
228.24,76.98
228.28,75.61
228.32,76.57
228.36,75.78
228.40,76.63
228.44,75.43
228.48,77.10
228.52,76.01
228.56,75.89
228.60,76.63
228.64,75.76
228.68,76.54
228.72,76.65
228.76,75.80
228.80,75.71
228.84,77.11
228.88,76.43
228.92,75.49
228.96,76.09
229.00,75.72
229.04,75.15
229.08,76.01
229.12,75.27
229.16,75.61
229.20,75.67
229.24,75.37
229.28,76.31
229.32,75.48
229.36,76.36
229.40,74.98
229.44,75.87
229.48,72.38
229.52,74.94
229.56,76.29
229.60,74.14
229.64,74.60
229.68,73.81
229.72,72.98
229.76,72.73
229.80,72.68
229.84,73.97
229.88,73.25
229.92,71.45
229.96,70.66
230.00,72.80
230.04,71.18
230.08,70.39
230.12,70.56
230.16,71.61
230.20,71.38
230.24,71.77
230.28,68.01
230.32,68.75
230.36,69.15
230.40,68.78
230.44,69.46
230.48,70.03
230.52,69.15
230.56,68.84
230.60,68.76
230.64,69.78
230.68,69.21
230.72,67.37
230.76,68.36
230.80,69.13
230.84,67.34
230.88,67.56
230.92,68.25
230.96,68.82
231.00,69.62
231.04,67.97
231.08,67.21
231.12,67.29
231.16,68.37
231.20,67.86
231.24,67.91
231.28,67.76
231.32,67.78
231.36,68.91
231.40,67.13
231.44,67.85
231.48,67.64
231.52,67.89
231.56,66.58
231.60,69.35
231.64,70.46
231.68,69.57
231.72,69.15
231.76,69.37
231.80,69.10
231.84,68.28
231.88,68.85
231.92,69.74
231.96,70.49
232.00,69.86
232.04,70.49
232.08,69.77
232.12,70.66
232.16,69.21
232.20,70.40
232.24,71.77
232.28,70.24
232.32,72.34
232.36,71.48
232.40,70.73
232.44,71.73
232.48,72.76
232.52,72.64
232.56,70.76
232.60,71.03
232.64,72.82
232.68,72.16
232.72,74.28
232.76,70.89
232.80,72.52
232.84,71.42
232.88,72.05
232.92,72.67
232.96,71.49
233.00,72.52
233.04,71.48
233.08,73.40
233.12,73.63
233.16,70.71
233.20,72.69
233.24,71.09
233.28,71.66
233.32,72.44
233.36,70.19
233.40,72.87
233.44,71.12
233.48,71.02
233.52,69.11
233.56,70.84
233.60,70.63
233.64,70.63
233.68,69.61
233.72,70.32
233.76,69.19
233.80,69.56
233.84,70.93
233.88,68.55
233.92,67.53
233.96,70.03
234.00,69.26
234.04,69.85
234.08,68.58
234.12,66.16
234.16,68.20
234.20,68.34
234.24,68.80
234.28,68.09
234.32,67.11
234.36,66.08
234.40,66.59
234.44,65.50
234.48,68.81
234.52,64.79
234.56,66.50
234.60,66.40
234.64,64.08
234.68,66.03
234.72,65.85
234.76,64.79
234.80,66.56
234.84,65.32
234.88,65.58
234.92,64.67
234.96,66.02
235.00,64.06
235.04,65.12
235.08,66.77
235.12,65.00
235.16,66.01
235.20,64.83
235.24,66.45
235.28,64.94
235.32,64.71
235.36,66.02
235.40,65.19
235.44,67.27
235.48,65.65
235.52,66.49
235.56,65.91
235.60,68.79
235.64,65.69
235.68,66.07
235.72,67.58
235.76,67.20
235.80,67.88
235.84,67.26
235.88,68.61
235.92,67.66
235.96,66.83
236.00,67.25
236.04,68.05
236.08,69.22
236.12,69.22
236.16,68.65
236.20,67.28
236.24,68.81
236.28,68.58
236.32,68.49
236.36,71.13
236.40,68.26
236.44,69.85
236.48,70.38
236.52,69.61
236.56,70.43
236.60,69.91
236.64,70.20
236.68,70.21
236.72,71.35
236.76,71.08
236.80,70.33
236.84,70.68
236.88,71.53
236.92,70.69
236.96,70.27
237.00,71.19
237.04,71.82
237.08,70.13
237.12,70.65
237.16,70.24
237.20,68.50
237.24,69.38
237.28,69.62
237.32,71.29
237.36,69.75
237.40,69.49
237.44,71.36
237.48,69.16
237.52,70.23
237.56,69.49
237.60,69.88
237.64,70.99
237.68,68.76
237.72,70.75
237.76,69.56
237.80,68.59
237.84,69.32
237.88,69.38
237.92,68.63
237.96,68.47
238.00,66.32
238.04,67.22
238.08,67.01
238.12,66.75
238.16,66.81
238.20,67.67
238.24,66.81
238.28,67.90
238.32,67.04
238.36,67.03
238.40,65.63
238.44,65.94
238.48,66.93
238.52,64.32
238.56,65.65
238.60,64.92
238.64,65.88
238.68,64.12
238.72,65.18
238.76,65.00
238.80,65.71
238.84,65.57
238.88,66.83
238.92,64.30
238.96,65.12
239.00,66.52
239.04,65.07
239.08,63.95
239.12,65.39
239.16,66.61
239.20,64.30
239.24,65.61
239.28,67.61
239.32,65.91
239.36,64.55
239.40,67.78
239.44,66.82
239.48,66.61
239.52,67.79
239.56,64.63
239.60,66.91
239.64,67.42
239.68,66.32
239.72,68.21
239.76,67.24
239.80,67.36
239.84,66.69
239.88,67.86
239.92,68.01
239.96,68.79
240.00,67.80
240.04,70.78
240.08,68.83
240.12,67.34
240.16,69.49
240.20,70.55
240.24,67.76
240.28,67.96
240.32,69.43
240.36,68.72
240.40,71.08
240.44,70.60
240.48,71.24
240.52,70.30
240.56,69.76
240.60,70.20
240.64,70.01
240.68,71.53
240.72,69.90
240.76,70.85
240.80,73.05
240.84,71.30
240.88,72.07
240.92,72.87
240.96,73.62
241.00,71.42
241.04,70.83
241.08,71.73
241.12,70.52
241.16,71.15
241.20,71.47
241.24,70.35
241.28,72.87
241.32,70.68
241.36,71.17
241.40,71.91
241.44,71.29
241.48,71.69
241.52,71.25
241.56,70.39
241.60,70.89
241.64,68.15
241.68,71.11
241.72,70.13
241.76,71.64
241.80,68.79
241.84,70.95
241.88,71.15
241.92,67.66
241.96,70.62
242.00,69.52
242.04,69.07
242.08,67.63
242.12,66.94
242.16,67.01
242.20,68.20
242.24,68.52
242.28,66.72
242.32,69.11
242.36,67.69
242.40,67.02
242.44,67.39
242.48,68.47
242.52,66.26
242.56,67.14
242.60,66.51
242.64,68.06
242.68,67.23
242.72,66.65
242.76,66.89
242.80,66.91
242.84,65.29
242.88,66.50
242.92,65.82
242.96,66.42
243.00,66.47
243.04,63.82
243.08,65.06
243.12,64.77
243.16,64.75
243.20,65.70
243.24,65.01
243.28,67.40
243.32,66.29
243.36,67.28
243.40,67.98
243.44,66.95
243.48,67.03
243.52,68.42
243.56,67.42
243.60,66.26
243.64,67.99
243.68,67.80
243.72,68.30
243.76,69.08
243.80,67.72
243.84,69.38
243.88,67.51
243.92,68.62
243.96,68.29
244.00,68.52
244.04,69.66
244.08,70.59
244.12,69.83
244.16,68.77
244.20,69.38
244.24,69.99
244.28,71.32
244.32,70.06
244.36,70.63
244.40,69.49
244.44,71.13
244.48,70.11
244.52,70.17
244.56,70.99
244.60,72.31
244.64,71.98
244.68,73.17
244.72,72.69
244.76,72.43
244.80,71.77
244.84,71.20
244.88,72.26
244.92,71.18
244.96,74.24
245.00,71.76
245.04,73.27
245.08,71.84
245.12,72.52
245.16,72.49
245.20,72.75
245.24,71.43
245.28,71.79
245.32,73.37
245.36,72.57
245.40,72.41
245.44,71.26
245.48,72.92
245.52,72.06
245.56,72.56
245.60,71.99
245.64,73.04
245.68,71.00
245.72,70.96
245.76,71.00
245.80,70.06
245.84,69.53
245.88,69.25
245.92,70.25
245.96,68.76
246.00,68.87
246.04,70.00
246.08,69.67
246.12,69.82
246.16,70.58
246.20,68.71
246.24,69.19
246.28,68.68
246.32,69.00
246.36,67.53
246.40,70.68
246.44,67.25
246.48,68.47
246.52,68.34
246.56,68.47
246.60,68.28
246.64,67.39
246.68,68.27
246.72,68.37
246.76,68.69
246.80,67.71
246.84,68.67
246.88,68.46
246.92,66.24
246.96,67.26
247.00,66.31
247.04,69.15
247.08,67.78
247.12,67.92
247.16,67.89
247.20,68.45
247.24,69.13
247.28,68.17
247.32,68.95
247.36,68.75
247.40,69.19
247.44,68.38
247.48,69.76
247.52,67.73
247.56,69.27
247.60,69.03
247.64,70.38
247.68,69.68
247.72,69.05
247.76,66.95
247.80,70.71
247.84,69.42
247.88,70.10
247.92,69.62
247.96,71.36
248.00,70.99
248.04,70.35
248.08,69.88
248.12,71.36
248.16,71.04
248.20,71.59
248.24,72.07
248.28,73.54
248.32,72.67
248.36,72.30
248.40,72.70
248.44,74.44
248.48,72.59
248.52,72.63
248.56,73.13
248.60,74.25
248.64,73.42
248.68,74.83
248.72,74.50
248.76,74.59
248.80,74.25
248.84,72.73
248.88,74.25
248.92,74.33
248.96,74.70
249.00,74.55
249.04,73.96
249.08,76.57
249.12,73.04
249.16,74.94
249.20,73.18
249.24,74.08
249.28,74.25
249.32,75.96
249.36,74.04
249.40,74.12
249.44,74.42
249.48,75.84
249.52,73.01
249.56,73.38
249.60,73.03
249.64,74.75
249.68,74.13
249.72,73.97
249.76,71.04
249.80,73.41
249.84,70.82
249.88,71.51
249.92,70.88
249.96,70.61
250.00,71.73
250.04,71.88
250.08,72.38
250.12,69.96
250.16,71.93
250.20,69.75
250.24,71.11
250.28,69.86
250.32,70.16
250.36,70.46
250.40,69.45
250.44,70.37
250.48,68.33
250.52,66.75
250.56,66.83
250.60,63.84
250.64,66.53
250.68,65.29
250.72,65.50
250.76,63.69
250.80,64.32
250.84,63.86
250.88,64.83
250.92,61.94
250.96,62.60
251.00,61.33
251.04,62.17
251.08,62.46
251.12,62.93
251.16,63.00
251.20,64.11
251.24,64.39
251.28,63.20
251.32,63.71
251.36,62.58
251.40,64.01
251.44,65.09
251.48,66.71
251.52,67.98
251.56,70.91
251.60,74.56
251.64,75.58
251.68,78.33
251.72,78.49
251.76,81.95
251.80,82.81
251.84,84.90
251.88,86.55
251.92,87.72
251.96,90.84
252.00,90.27
252.04,90.55
252.08,93.67
252.12,93.74
252.16,94.37
252.20,96.41
252.24,96.13
252.28,98.32
252.32,99.47
252.36,98.44
252.40,98.51
252.44,100.58
252.48,100.36
252.52,101.04
252.56,100.78
252.60,101.09
252.64,104.29
252.68,102.68
252.72,102.98
252.76,102.53
252.80,103.45
252.84,104.00
252.88,103.76
252.92,105.19
252.96,104.71
253.00,105.48
253.04,105.77
253.08,104.78
253.12,103.26
253.16,103.65
253.20,104.27
253.24,104.66
253.28,105.34
253.32,101.53
253.36,101.96
253.40,102.66
253.44,105.95
253.48,103.11
253.52,102.51
253.56,104.75
253.60,103.75
253.64,104.07
253.68,102.75
253.72,102.21
253.76,99.98
253.80,102.92
253.84,101.58
253.88,101.50
253.92,101.23
253.96,101.50
254.00,100.22
254.04,100.19
254.08,98.68
254.12,99.08
254.16,98.58
254.20,97.78
254.24,96.31
254.28,97.85
254.32,97.46
254.36,96.22
254.40,96.95
254.44,98.28
254.48,94.93
254.52,95.81
254.56,96.76
254.60,96.59
254.64,94.58
254.68,94.14
254.72,95.47
254.76,93.38
254.80,92.98
254.84,92.76
254.88,93.90
254.92,92.42
254.96,94.09
255.00,94.02
255.04,93.14
255.08,91.96
255.12,90.94
255.16,92.02
255.20,93.04
255.24,93.62
255.28,91.02
255.32,93.46
255.36,92.49
255.40,93.51
255.44,91.84
255.48,91.84
255.52,92.34
255.56,91.24
255.60,91.40
255.64,93.09
255.68,90.30
255.72,92.64
255.76,91.41
255.80,91.38
255.84,91.02
255.88,93.27
255.92,92.78
255.96,91.89
256.00,91.23
256.04,91.72
256.08,91.47
256.12,92.55
256.16,92.86
256.20,92.75
256.24,90.41
256.28,91.85
256.32,92.05
256.36,89.35
256.40,92.09
256.44,92.91
256.48,91.79
256.52,92.43
256.56,92.52
256.60,92.64
256.64,91.21
256.68,90.13
256.72,91.91
256.76,91.51
256.80,91.67
256.84,91.68
256.88,91.87
256.92,92.52
256.96,89.57
257.00,91.23
257.04,91.41
257.08,90.97
257.12,90.62
257.16,90.14
257.20,88.98
257.24,90.93
257.28,89.64
257.32,88.24
257.36,90.04
257.40,90.39
257.44,90.10
257.48,88.13
257.52,88.33
257.56,86.44
257.60,87.78
257.64,85.45
257.68,85.88
257.72,87.29
257.76,88.43
257.80,86.25
257.84,85.77
257.88,85.85
257.92,85.38
257.96,85.29
258.00,84.33
258.04,85.68
258.08,84.42
258.12,83.36
258.16,82.33
258.20,84.55
258.24,83.16
258.28,83.34
258.32,82.66
258.36,82.44
258.40,81.16
258.44,81.30
258.48,82.25
258.52,81.49
258.56,80.06
258.60,80.84
258.64,81.04
258.68,80.21
258.72,80.95
258.76,78.85
258.80,80.98
258.84,80.98
258.88,78.97
258.92,79.96
258.96,79.69
259.00,79.72
259.04,79.31
259.08,80.57
259.12,80.33
259.16,79.41
259.20,78.21
259.24,78.86
259.28,79.91
259.32,78.96
259.36,80.21
259.40,78.19
259.44,77.76
259.48,79.97
259.52,79.95
259.56,79.11
259.60,78.33
259.64,78.88
259.68,78.76
259.72,78.50
259.76,78.24
259.80,79.46
259.84,79.21
259.88,80.23
259.92,79.51
259.96,78.08
260.00,81.43
260.04,80.00
260.08,80.80
260.12,80.39
260.16,80.39
260.20,79.34
260.24,80.79
260.28,78.64
260.32,80.81
260.36,80.46
260.40,81.30
260.44,82.41
260.48,80.70
260.52,82.70
260.56,81.89
260.60,82.15
260.64,81.78
260.68,81.14
260.72,81.83
260.76,81.33
260.80,82.36
260.84,79.38
260.88,81.57
260.92,81.21
260.96,80.15
261.00,79.66
261.04,81.56
261.08,80.67
261.12,79.38
261.16,81.26
261.20,79.32
261.24,80.50
261.28,80.11
261.32,79.74
261.36,79.05
261.40,78.73
261.44,80.79
261.48,79.92
261.52,77.88
261.56,77.29
261.60,79.26
261.64,76.42
261.68,78.15
261.72,78.58
261.76,77.06
261.80,78.23
261.84,77.31
261.88,77.38
261.92,78.25
261.96,75.91
262.00,77.00
262.04,75.63
262.08,76.32
262.12,74.65
262.16,75.60
262.20,73.96
262.24,73.61
262.28,74.77
262.32,75.50
262.36,73.91
262.40,73.86
262.44,74.52
262.48,73.18
262.52,74.00
262.56,72.53
262.60,74.16
262.64,72.31
262.68,72.02
262.72,71.99
262.76,72.62
262.80,71.94
262.84,71.04
262.88,70.47
262.92,73.15
262.96,69.66
263.00,72.13
263.04,72.46
263.08,70.37
263.12,71.57
263.16,72.52
263.20,72.79
263.24,71.30
263.28,72.55
263.32,72.03
263.36,70.93
263.40,71.29
263.44,71.95
263.48,71.86
263.52,71.57
263.56,72.11
263.60,71.97
263.64,70.34
263.68,74.04
263.72,72.53
263.76,72.46
263.80,72.68
263.84,71.74
263.88,72.49
263.92,73.31
263.96,72.36
264.00,72.89
264.04,73.68
264.08,71.75
264.12,73.99
264.16,74.81
264.20,74.00
264.24,74.74
264.28,73.57
264.32,74.73
264.36,74.23
264.40,74.66
264.44,76.25
264.48,76.29
264.52,74.19
264.56,73.69
264.60,74.58
264.64,75.79
264.68,76.20
264.72,76.68
264.76,75.89
264.80,75.17
264.84,74.98
264.88,75.44
264.92,75.29
264.96,75.90
265.00,74.67
265.04,76.81
265.08,74.76
265.12,73.39
265.16,74.42
265.20,75.17
265.24,75.48
265.28,73.56
265.32,76.95
265.36,74.07
265.40,72.67
265.44,75.47
265.48,73.33
265.52,73.08
265.56,73.38
265.60,72.75
265.64,75.79
265.68,73.12
265.72,72.33
265.76,71.76
265.80,73.42
265.84,72.72
265.88,71.92
265.92,70.66
265.96,71.77
266.00,72.20
266.04,70.18
266.08,72.31
266.12,71.18
266.16,71.49
266.20,69.36
266.24,70.14
266.28,70.95
266.32,69.29
266.36,68.54
266.40,69.28
266.44,69.04
266.48,68.43
266.52,67.31
266.56,69.53
266.60,66.36
266.64,69.47
266.68,68.34
266.72,66.32
266.76,67.65
266.80,68.49
266.84,67.73
266.88,66.30
266.92,68.47
266.96,68.75
267.00,66.14
267.04,67.19
267.08,68.66
267.12,67.81
267.16,67.54
267.20,67.19
267.24,67.88
267.28,69.46
267.32,68.57
267.36,67.72
267.40,66.65
267.44,66.66
267.48,69.48
267.52,69.06
267.56,70.15
267.60,69.97
267.64,67.69
267.68,69.97
267.72,68.57
267.76,68.48
267.80,69.29
267.84,69.70
267.88,69.56
267.92,69.27
267.96,69.70
268.00,70.61
268.04,68.73
268.08,70.04
268.12,69.15
268.16,70.62
268.20,73.06
268.24,69.96
268.28,70.18
268.32,71.30
268.36,70.82
268.40,70.69
268.44,71.62
268.48,71.32
268.52,70.77
268.56,70.44
268.60,70.00
268.64,72.05
268.68,72.79
268.72,71.35
268.76,71.58
268.80,73.56
268.84,72.42
268.88,71.11
268.92,73.48
268.96,71.73
269.00,72.80
269.04,70.99
269.08,73.00
269.12,70.17
269.16,73.00
269.20,70.52
269.24,72.08
269.28,72.13
269.32,70.91
269.36,71.93
269.40,70.91
269.44,70.64
269.48,70.93
269.52,70.26
269.56,70.68
269.60,70.26
269.64,70.28
269.68,69.40
269.72,70.66
269.76,71.19
269.80,71.98
269.84,70.08
269.88,70.50
269.92,67.89
269.96,68.77
270.00,67.90
270.04,69.09
270.08,67.49
270.12,67.89
270.16,68.62
270.20,67.84
270.24,67.95
270.28,68.13
270.32,68.18
270.36,68.84
270.40,65.46
270.44,67.63
270.48,66.46
270.52,67.06
270.56,66.36
270.60,68.23
270.64,63.88
270.68,66.08
270.72,66.19
270.76,65.49
270.80,68.37
270.84,66.23
270.88,66.76
270.92,66.89
270.96,66.02
271.00,66.02
271.04,65.41
271.08,66.61
271.12,65.11
271.16,67.59
271.20,66.71
271.24,65.44
271.28,66.86
271.32,65.69
271.36,65.84
271.40,65.62
271.44,66.29
271.48,65.68
271.52,68.44
271.56,67.53
271.60,66.82
271.64,65.62
271.68,65.99
271.72,68.17
271.76,67.93
271.80,67.87
271.84,67.02
271.88,68.15
271.92,67.17
271.96,68.27
272.00,68.52
272.04,68.63
272.08,70.65
272.12,68.39
272.16,68.96
272.20,69.31
272.24,69.33
272.28,70.57
272.32,70.12
272.36,69.33
272.40,71.40
272.44,69.96
272.48,70.57
272.52,71.48
272.56,70.52
272.60,69.06
272.64,70.76
272.68,70.40
272.72,69.46
272.76,71.13
272.80,71.68
272.84,71.06
272.88,70.93
272.92,71.52
272.96,71.51
273.00,71.63
273.04,70.35
273.08,72.14
273.12,72.03
273.16,71.58
273.20,71.76
273.24,71.66
273.28,70.80
273.32,71.23
273.36,70.76
273.40,71.02
273.44,70.42
273.48,70.68
273.52,70.83
273.56,71.18
273.60,69.51
273.64,69.79
273.68,69.51
273.72,71.01
273.76,69.23
273.80,68.58
273.84,69.60
273.88,69.61
273.92,70.47
273.96,70.11
274.00,67.88
274.04,68.52
274.08,67.81
274.12,67.50
274.16,67.26
274.20,66.92
274.24,65.78
274.28,66.57
274.32,65.63
274.36,66.99
274.40,67.20
274.44,65.03
274.48,66.30
274.52,67.58
274.56,66.35
274.60,65.96
274.64,66.19
274.68,64.09
274.72,65.03
274.76,65.04
274.80,66.86
274.84,65.68
274.88,65.99
274.92,66.20
274.96,65.90
275.00,65.50
275.04,65.53
275.08,66.53
275.12,65.49
275.16,65.10
275.20,65.93
275.24,65.55
275.28,65.21
275.32,66.25
275.36,67.25
275.40,64.84
275.44,65.12
275.48,65.72
275.52,67.55
275.56,67.50
275.60,65.64
275.64,67.27
275.68,67.10
275.72,65.80
275.76,67.25
275.80,67.41
275.84,68.58
275.88,68.94
275.92,69.40
275.96,68.48
276.00,68.43
276.04,69.79
276.08,68.25
276.12,68.56
276.16,68.48
276.20,69.76
276.24,69.55
276.28,70.46
276.32,71.24
276.36,72.04
276.40,69.83
276.44,71.71
276.48,70.02
276.52,70.92
276.56,70.40
276.60,70.05
276.64,70.01
276.68,71.48
276.72,69.73
276.76,72.10
276.80,70.34
276.84,72.06
276.88,71.43
276.92,70.33
276.96,70.33
277.00,73.48
277.04,71.73
277.08,70.83
277.12,72.06
277.16,71.41
277.20,71.86
277.24,70.62
277.28,71.58
277.32,71.03
277.36,71.38
277.40,71.33
277.44,70.08
277.48,68.86
277.52,69.80
277.56,70.84
277.60,70.17
277.64,70.13
277.68,71.01
277.72,70.75
277.76,68.50
277.80,70.49
277.84,69.73
277.88,70.56
277.92,67.61
277.96,69.05
278.00,70.51
278.04,67.66
278.08,68.04
278.12,70.04
278.16,69.55
278.20,68.71
278.24,67.95
278.28,66.35
278.32,67.64
278.36,67.38
278.40,66.61
278.44,66.98
278.48,67.63
278.52,68.11
278.56,67.21
278.60,68.81
278.64,66.39
278.68,66.30
278.72,65.14
278.76,66.39
278.80,66.60
278.84,66.54
278.88,67.94
278.92,67.59
278.96,67.47
279.00,66.22
279.04,65.08
279.08,66.34
279.12,66.72
279.16,67.33
279.20,66.67
279.24,67.08
279.28,67.82
279.32,65.82
279.36,66.09
279.40,68.90
279.44,67.29
279.48,68.13
279.52,68.30
279.56,68.60
279.60,68.25
279.64,68.42
279.68,68.84
279.72,68.45
279.76,69.80
279.80,69.55
279.84,69.69
279.88,68.47
279.92,71.25
279.96,69.71
280.00,69.67
280.04,70.13
280.08,71.51
280.12,69.62
280.16,72.95
280.20,71.28
280.24,72.25
280.28,71.70
280.32,72.65
280.36,71.81
280.40,72.17
280.44,71.66
280.48,70.68
280.52,73.52
280.56,74.45
280.60,73.47
280.64,73.69
280.68,73.84
280.72,73.54
280.76,73.74
280.80,73.19
280.84,73.61
280.88,73.61
280.92,75.06
280.96,73.60
281.00,73.62
281.04,73.53
281.08,73.43
281.12,74.81
281.16,74.77
281.20,73.17
281.24,72.67
281.28,74.60
281.32,73.76
281.36,72.57
281.40,73.80
281.44,74.46
281.48,73.25
281.52,72.41
281.56,72.90
281.60,74.28
281.64,73.01
281.68,72.27
281.72,70.83
281.76,72.27
281.80,71.94
281.84,70.32
281.88,72.24
281.92,71.97
281.96,73.03
282.00,72.09
282.04,72.36
282.08,71.20
282.12,69.40
282.16,68.82
282.20,70.67
282.24,70.98
282.28,71.29
282.32,70.33
282.36,70.72
282.40,71.54
282.44,70.52
282.48,67.83
282.52,72.06
282.56,70.04
282.60,68.72
282.64,70.31
282.68,68.91
282.72,70.68
282.76,69.61
282.80,72.51
282.84,69.92
282.88,69.92
282.92,66.64
282.96,69.93
283.00,70.12
283.04,68.67
283.08,69.31
283.12,67.83
283.16,69.71
283.20,69.36
283.24,69.31
283.28,70.21
283.32,69.63
283.36,69.79
283.40,67.96
283.44,67.23
283.48,66.06
283.52,66.51
283.56,67.39
283.60,67.24
283.64,67.31
283.68,67.32
283.72,65.45
283.76,65.21
283.80,66.64
283.84,66.37
283.88,66.70
283.92,65.53
283.96,66.60
284.00,64.84
284.04,67.30
284.08,66.23
284.12,67.92
284.16,67.25
284.20,69.22
284.24,68.17
284.28,69.37
284.32,70.04
284.36,72.44
284.40,73.93
284.44,78.02
284.48,79.00
284.52,80.78
284.56,81.27
284.60,85.74
284.64,85.64
284.68,87.95
284.72,88.96
284.76,92.00
284.80,91.43
284.84,92.97
284.88,95.04
284.92,97.69
284.96,94.21
285.00,96.34
285.04,98.69
285.08,98.09
285.12,97.93
285.16,97.32
285.20,97.72
285.24,100.76
285.28,100.60
285.32,100.89
285.36,99.06
285.40,100.04
285.44,100.20
285.48,102.15
285.52,102.56
285.56,101.71
285.60,100.50
285.64,101.31
285.68,102.50
285.72,101.97
285.76,101.30
285.80,101.63
285.84,104.24
285.88,100.88
285.92,101.07
285.96,102.08
286.00,101.04
286.04,100.88
286.08,99.92
286.12,98.36
286.16,100.02
286.20,99.92
286.24,99.20
286.28,99.50
286.32,100.42
286.36,99.75
286.40,98.28
286.44,100.32
286.48,97.18
286.52,96.51
286.56,98.25
286.60,98.57
286.64,97.12
286.68,99.12
286.72,99.17
286.76,96.97
286.80,95.44
286.84,97.72
286.88,97.40
286.92,96.15
286.96,95.70
287.00,97.68
287.04,97.99
287.08,96.75
287.12,95.27
287.16,95.31
287.20,94.99
287.24,95.96
287.28,96.54
287.32,96.89
287.36,95.71
287.40,95.48
287.44,95.73
287.48,95.72
287.52,95.98
287.56,95.33
287.60,94.60
287.64,95.56
287.68,95.67
287.72,95.29
287.76,94.26
287.80,95.45
287.84,93.78
287.88,97.74
287.92,96.63
287.96,96.11
288.00,95.79
288.04,96.68
288.08,96.25
288.12,96.98
288.16,97.90
288.20,98.36
288.24,94.50
288.28,95.38
288.32,95.90
288.36,95.80
288.40,97.09
288.44,97.86
288.48,96.73
288.52,97.18
288.56,96.78
288.60,96.03
288.64,97.39
288.68,95.50
288.72,97.76
288.76,96.85
288.80,94.98
288.84,96.49
288.88,94.17
288.92,95.32
288.96,95.78
289.00,93.23
289.04,94.92
289.08,94.73
289.12,95.95
289.16,95.60
289.20,96.77
289.24,94.59
289.28,93.62
289.32,94.83
289.36,93.96
289.40,93.44
289.44,93.74
289.48,92.25
289.52,94.44
289.56,93.09
289.60,92.58
289.64,93.84
289.68,92.46
289.72,92.24
289.76,92.83
289.80,92.23
289.84,90.99
289.88,90.29
289.92,90.85
289.96,90.37
290.00,88.98
290.04,90.45
290.08,89.47
290.12,89.36
290.16,90.32
290.20,89.33
290.24,88.74
290.28,86.80
290.32,87.59
290.36,84.76
290.40,87.53
290.44,85.52
290.48,86.77
290.52,85.32
290.56,85.95
290.60,85.75
290.64,85.47
290.68,84.12
290.72,85.49
290.76,85.76
290.80,83.71
290.84,84.27
290.88,84.57
290.92,84.68
290.96,84.06
291.00,83.55
291.04,84.86
291.08,85.21
291.12,84.69
291.16,83.47
291.20,84.52
291.24,84.20
291.28,84.94
291.32,84.58
291.36,83.73
291.40,83.56
291.44,83.62
291.48,82.17
291.52,83.47
291.56,83.24
291.60,85.35
291.64,84.66
291.68,84.51
291.72,85.06
291.76,83.08
291.80,84.42
291.84,84.58
291.88,85.41
291.92,85.75
291.96,83.82
292.00,84.99
292.04,87.31
292.08,84.11
292.12,87.17
292.16,85.09
292.20,84.76
292.24,85.60
292.28,85.45
292.32,85.06
292.36,87.28
292.40,85.48
292.44,86.14
292.48,86.59
292.52,87.23
292.56,86.27
292.60,85.90
292.64,88.00
292.68,87.31
292.72,85.46
292.76,86.62
292.80,84.77
292.84,84.62
292.88,87.56
292.92,85.28
292.96,86.00
293.00,84.39
293.04,85.53
293.08,84.97
293.12,85.75
293.16,86.40
293.20,85.57
293.24,85.17
293.28,84.28
293.32,84.50
293.36,86.07
293.40,84.34
293.44,84.24
293.48,84.32
293.52,84.92
293.56,82.32
293.60,83.13
293.64,83.69
293.68,83.96
293.72,82.58
293.76,83.02
293.80,83.67
293.84,82.89
293.88,81.92
293.92,83.04
293.96,82.53
294.00,80.77
294.04,82.66
294.08,80.34
294.12,81.39
294.16,80.34
294.20,81.07
294.24,80.11
294.28,81.10
294.32,79.87
294.36,81.25
294.40,78.23
294.44,78.29
294.48,78.80
294.52,76.67
294.56,77.72
294.60,77.69
294.64,76.37
294.68,77.47
294.72,76.92
294.76,79.37
294.80,77.01
294.84,77.19
294.88,77.13
294.92,77.05
294.96,75.82
295.00,77.52
295.04,78.67
295.08,77.49
295.12,75.45
295.16,77.59
295.20,76.42
295.24,76.57
295.28,75.32
295.32,76.91
295.36,77.38
295.40,77.21
295.44,77.38
295.48,76.61
295.52,75.11
295.56,78.78
295.60,79.41
295.64,77.62
295.68,77.26
295.72,79.12
295.76,78.63
295.80,77.72
295.84,78.66
295.88,77.95
295.92,77.57
295.96,79.05
296.00,79.58
296.04,78.84
296.08,78.15
296.12,80.14
296.16,77.75
296.20,78.91
296.24,79.09
296.28,79.36
296.32,80.50
296.36,80.74
296.40,79.14
296.44,79.54
296.48,80.40
296.52,80.29
296.56,79.41
296.60,81.64
296.64,80.85
296.68,79.89
296.72,82.79
296.76,79.71
296.80,79.50
296.84,80.18
296.88,80.17
296.92,78.62
296.96,80.28
297.00,79.62
297.04,80.07
297.08,80.02
297.12,80.75
297.16,79.98
297.20,79.22
297.24,82.34
297.28,77.80
297.32,80.20
297.36,79.42
297.40,80.71
297.44,77.98
297.48,79.45
297.52,79.00
297.56,77.68
297.60,79.00
297.64,78.73
297.68,78.07
297.72,78.29
297.76,77.00
297.80,78.57
297.84,76.08
297.88,79.51
297.92,76.97
297.96,75.15
298.00,75.89
298.04,76.21
298.08,76.93
298.12,74.88
298.16,74.56
298.20,75.37
298.24,74.41
298.28,74.36
298.32,76.54
298.36,75.49
298.40,74.51
298.44,73.77
298.48,73.21
298.52,73.58
298.56,74.31
298.60,73.13
298.64,74.17
298.68,74.43
298.72,73.34
298.76,73.40
298.80,71.99
298.84,72.73
298.88,72.58
298.92,73.78
298.96,72.56
299.00,73.20
299.04,73.37
299.08,71.05
299.12,72.78
299.16,71.79
299.20,71.95
299.24,70.29
299.28,72.63
299.32,73.59
299.36,72.65
299.40,72.59
299.44,73.48
299.48,71.88
299.52,71.96
299.56,72.28
299.60,72.83
299.64,72.52
299.68,73.68
299.72,74.55
299.76,73.39
299.80,72.64
299.84,73.44
299.88,74.00
299.92,74.81
299.96,74.51
