# SIMULARE — semnal generat de genereaza_simulare.py, nu inregistrat. Rol: control pozitiv pentru validarea lantului de analiza.
t_s,bpm
0.00,72.34
0.04,73.08
0.08,72.18
0.12,74.71
0.16,72.47
0.20,73.42
0.24,73.37
0.28,74.16
0.32,73.62
0.36,72.90
0.40,76.15
0.44,74.60
0.48,73.66
0.52,76.45
0.56,74.45
0.60,73.47
0.64,75.69
0.68,73.47
0.72,76.50
0.76,74.85
0.80,75.84
0.84,75.78
0.88,75.01
0.92,74.67
0.96,76.01
1.00,75.03
1.04,76.24
1.08,76.29
1.12,75.29
1.16,75.22
1.20,75.67
1.24,74.41
1.28,75.21
1.32,76.11
1.36,75.36
1.40,75.47
1.44,74.32
1.48,73.45
1.52,76.22
1.56,74.31
1.60,75.04
1.64,72.80
1.68,73.94
1.72,74.56
1.76,74.28
1.80,72.91
1.84,72.43
1.88,72.98
1.92,72.68
1.96,73.27
2.00,72.54
2.04,73.40
2.08,73.51
2.12,71.52
2.16,72.55
2.20,71.07
2.24,71.92
2.28,71.87
2.32,71.25
2.36,71.46
2.40,72.43
2.44,70.47
2.48,71.00
2.52,71.35
2.56,70.33
2.60,70.37
2.64,70.13
2.68,71.03
2.72,69.60
2.76,71.54
2.80,71.39
2.84,70.93
2.88,70.54
2.92,72.21
2.96,70.70
3.00,69.66
3.04,69.86
3.08,70.48
3.12,71.31
3.16,71.94
3.20,69.36
3.24,71.41
3.28,68.77
3.32,71.27
3.36,70.64
3.40,70.99
3.44,69.05
3.48,70.57
3.52,70.93
3.56,73.16
3.60,70.60
3.64,72.30
3.68,71.26
3.72,71.93
3.76,70.18
3.80,72.61
3.84,72.42
3.88,73.28
3.92,73.67
3.96,73.61
4.00,73.77
4.04,72.67
4.08,74.13
4.12,74.72
4.16,74.29
4.20,73.67
4.24,74.42
4.28,75.94
4.32,73.91
4.36,73.42
4.40,76.43
4.44,75.94
4.48,76.07
4.52,74.12
4.56,76.89
4.60,75.79
4.64,77.00
4.68,76.52
4.72,76.80
4.76,76.81
4.80,76.06
4.84,76.39
4.88,76.24
4.92,77.56
4.96,78.42
5.00,76.11
5.04,78.41
5.08,76.34
5.12,76.02
5.16,76.44
5.20,77.50
5.24,77.74
5.28,75.12
5.32,76.89
5.36,76.39
5.40,77.38
5.44,75.87
5.48,76.51
5.52,75.02
5.56,76.06
5.60,74.96
5.64,74.99
5.68,78.11
5.72,75.49
5.76,73.88
5.80,75.43
5.84,76.18
5.88,74.48
5.92,74.98
5.96,73.83
6.00,75.13
6.04,74.56
6.08,74.57
6.12,72.55
6.16,73.99
6.20,74.03
6.24,72.62
6.28,73.55
6.32,73.47
6.36,73.51
6.40,73.12
6.44,71.68
6.48,72.30
6.52,72.91
6.56,73.03
6.60,71.86
6.64,72.47
6.68,70.99
6.72,70.23
6.76,71.91
6.80,72.09
6.84,71.77
6.88,70.77
6.92,70.53
6.96,71.50
7.00,69.79
7.04,71.09
7.08,71.55
7.12,71.09
7.16,71.11
7.20,71.19
7.24,72.51
7.28,74.22
7.32,72.11
7.36,71.23
7.40,71.70
7.44,72.77
7.48,73.46
7.52,72.27
7.56,72.01
7.60,73.04
7.64,71.03
7.68,72.62
7.72,73.20
7.76,72.09
7.80,72.88
7.84,72.72
7.88,75.95
7.92,74.48
7.96,73.77
8.00,74.50
8.04,75.55
8.08,75.93
8.12,76.23
8.16,75.88
8.20,76.13
8.24,76.61
8.28,75.76
8.32,76.34
8.36,77.56
8.40,76.73
8.44,76.14
8.48,76.99
8.52,77.68
8.56,76.37
8.60,77.58
8.64,78.31
8.68,78.19
8.72,77.34
8.76,78.07
8.80,77.17
8.84,77.08
8.88,78.21
8.92,78.72
8.96,78.31
9.00,77.04
9.04,77.44
9.08,78.71
9.12,78.14
9.16,78.67
9.20,76.79
9.24,77.69
9.28,76.19
9.32,77.81
9.36,78.20
9.40,77.50
9.44,77.27
9.48,77.15
9.52,76.14
9.56,75.23
9.60,76.24
9.64,77.04
9.68,76.18
9.72,75.15
9.76,75.24
9.80,77.65
9.84,75.72
9.88,75.38
9.92,74.97
9.96,74.39
10.00,74.54
10.04,74.06
10.08,74.28
10.12,74.01
10.16,74.59
10.20,74.19
10.24,75.22
10.28,73.46
10.32,71.70
10.36,73.81
10.40,73.16
10.44,72.23
10.48,71.38
10.52,71.58
10.56,72.35
10.60,73.27
10.64,71.75
10.68,72.50
10.72,72.20
10.76,72.37
10.80,71.47
10.84,71.46
10.88,73.32
10.92,73.22
10.96,72.24
11.00,71.04
11.04,71.09
11.08,72.65
11.12,72.48
11.16,72.72
11.20,72.04
11.24,72.54
11.28,70.26
11.32,72.27
11.36,72.03
11.40,71.35
11.44,72.52
11.48,72.96
11.52,71.98
11.56,73.15
11.60,72.19
11.64,73.56
11.68,72.82
11.72,73.56
11.76,75.11
11.80,75.20
11.84,72.77
11.88,73.90
11.92,75.15
11.96,74.38
12.00,74.52
12.04,73.24
12.08,74.20
12.12,74.94
12.16,74.50
12.20,74.05
12.24,76.59
12.28,74.90
12.32,77.48
12.36,76.71
12.40,76.68
12.44,76.17
12.48,76.35
12.52,77.53
12.56,77.55
12.60,78.80
12.64,76.21
12.68,77.66
12.72,77.18
12.76,76.72
12.80,76.81
12.84,79.85
12.88,78.64
12.92,77.50
12.96,77.77
13.00,77.29
13.04,76.72
13.08,77.36
13.12,77.27
13.16,77.00
13.20,79.24
13.24,77.78
13.28,77.13
13.32,77.83
13.36,76.80
13.40,76.65
13.44,76.84
13.48,77.44
13.52,75.70
13.56,76.84
13.60,77.84
13.64,77.17
13.68,75.21
13.72,74.96
13.76,76.78
13.80,76.88
13.84,75.45
13.88,73.78
13.92,73.09
13.96,74.26
14.00,74.90
14.04,74.36
14.08,72.90
14.12,73.93
14.16,73.20
14.20,75.19
14.24,74.55
14.28,73.40
14.32,72.02
14.36,73.64
14.40,72.84
14.44,72.41
14.48,71.97
14.52,70.48
14.56,73.05
14.60,71.29
14.64,72.29
14.68,71.56
14.72,70.63
14.76,72.42
14.80,70.67
14.84,70.71
14.88,71.04
14.92,70.86
14.96,69.73
15.00,68.49
15.04,71.48
15.08,71.76
15.12,71.20
15.16,71.82
15.20,71.49
15.24,70.15
15.28,71.74
15.32,71.80
15.36,70.60
15.40,71.54
15.44,73.17
15.48,72.96
15.52,71.72
15.56,72.86
15.60,72.58
15.64,72.48
15.68,73.11
15.72,71.11
15.76,72.05
15.80,72.83
15.84,75.85
15.88,71.65
15.92,72.55
15.96,73.13
16.00,75.56
16.04,75.00
16.08,74.58
16.12,73.75
16.16,74.20
16.20,74.18
16.24,73.74
16.28,74.72
16.32,77.42
16.36,76.94
16.40,75.88
16.44,74.17
16.48,77.34
16.52,75.78
16.56,77.22
16.60,77.36
16.64,76.89
16.68,77.56
16.72,76.43
16.76,76.09
16.80,76.37
16.84,77.21
16.88,75.73
16.92,75.94
16.96,76.51
17.00,76.55
17.04,76.69
17.08,75.93
17.12,76.71
17.16,76.21
17.20,75.32
17.24,77.05
17.28,75.41
17.32,76.66
17.36,75.91
17.40,75.83
17.44,75.00
17.48,74.32
17.52,75.43
17.56,74.82
17.60,74.45
17.64,74.81
17.68,73.16
17.72,74.54
17.76,72.99
17.80,72.44
17.84,73.66
17.88,74.28
17.92,73.94
17.96,74.27
18.00,73.79
18.04,74.34
18.08,70.49
18.12,73.80
18.16,73.72
18.20,70.58
18.24,70.68
18.28,71.31
18.32,71.99
18.36,69.81
18.40,71.74
18.44,71.54
18.48,70.33
18.52,69.70
18.56,71.25
18.60,70.60
18.64,69.40
18.68,70.70
18.72,71.87
18.76,70.15
18.80,70.15
18.84,71.31
18.88,70.56
18.92,68.74
18.96,70.42
19.00,68.67
19.04,69.65
19.08,68.92
19.12,70.13
19.16,70.70
19.20,68.26
19.24,70.68
19.28,70.75
19.32,70.54
19.36,69.69
19.40,69.52
19.44,68.73
19.48,68.83
19.52,70.27
19.56,70.46
19.60,70.29
19.64,70.14
19.68,72.81
19.72,70.11
19.76,69.89
19.80,69.81
19.84,71.95
19.88,70.83
19.92,72.18
19.96,70.53
20.00,72.45
20.04,71.81
20.08,71.43
20.12,72.93
20.16,71.78
20.20,73.54
20.24,74.61
20.28,73.66
20.32,71.84
20.36,73.15
20.40,73.86
20.44,74.77
20.48,74.74
20.52,73.03
20.56,74.67
20.60,73.71
20.64,74.19
20.68,73.36
20.72,74.69
20.76,75.58
20.80,75.83
20.84,74.61
20.88,75.08
20.92,77.12
20.96,74.01
21.00,74.85
21.04,75.32
21.08,73.58
21.12,73.42
21.16,74.44
21.20,74.25
21.24,73.88
21.28,74.55
21.32,73.94
21.36,72.84
21.40,74.49
21.44,74.45
21.48,74.89
21.52,73.43
21.56,74.77
21.60,72.83
21.64,72.86
21.68,72.06
21.72,71.06
21.76,72.40
21.80,73.60
21.84,72.75
21.88,72.26
21.92,70.86
21.96,72.63
22.00,70.55
22.04,71.98
22.08,70.96
22.12,70.20
22.16,69.60
22.20,67.75
22.24,70.98
22.28,69.37
22.32,71.46
22.36,68.90
22.40,69.21
22.44,69.72
22.48,69.44
22.52,66.01
22.56,68.53
22.60,68.50
22.64,67.13
22.68,68.19
22.72,68.01
22.76,69.43
22.80,69.22
22.84,68.10
22.88,67.43
22.92,69.68
22.96,68.06
23.00,66.75
23.04,67.31
23.08,64.70
23.12,66.82
23.16,68.56
23.20,68.76
23.24,66.31
23.28,67.98
23.32,66.56
23.36,67.35
23.40,68.14
23.44,67.18
23.48,67.06
23.52,66.64
23.56,67.35
23.60,69.44
23.64,69.74
23.68,70.07
23.72,69.22
23.76,69.81
23.80,69.32
23.84,69.53
23.88,68.02
23.92,70.71
23.96,69.79
24.00,68.82
24.04,70.96
24.08,71.47
24.12,70.33
24.16,71.29
24.20,71.37
24.24,72.07
24.28,72.45
24.32,73.12
24.36,72.38
24.40,70.27
24.44,72.94
24.48,71.59
24.52,74.27
24.56,73.31
24.60,71.89
24.64,72.05
24.68,73.06
24.72,73.19
24.76,73.59
24.80,73.03
24.84,74.09
24.88,72.90
24.92,73.86
24.96,72.62
25.00,73.24
25.04,72.98
25.08,72.57
25.12,72.96
25.16,72.00
25.20,73.58
25.24,73.34
25.28,71.45
25.32,72.49
25.36,72.25
25.40,71.85
25.44,72.34
25.48,71.67
25.52,71.47
25.56,72.76
25.60,73.64
25.64,72.56
25.68,71.38
25.72,71.72
25.76,70.76
25.80,71.06
25.84,70.81
25.88,70.21
25.92,70.53
25.96,69.82
26.00,68.77
26.04,69.02
26.08,68.13
26.12,68.62
26.16,68.07
26.20,69.19
26.24,68.81
26.28,69.54
26.32,68.32
26.36,67.46
26.40,67.96
26.44,69.05
26.48,68.11
26.52,66.73
26.56,67.68
26.60,67.09
26.64,68.76
26.68,67.12
26.72,68.19
26.76,65.71
26.80,66.15
26.84,67.22
26.88,68.17
26.92,68.68
26.96,65.61
27.00,66.82
27.04,66.11
27.08,68.65
27.12,67.33
27.16,65.27
27.20,66.67
27.24,66.01
27.28,66.09
27.32,65.93
27.36,66.78
27.40,67.68
27.44,66.96
27.48,66.80
27.52,66.45
27.56,68.40
27.60,68.22
27.64,68.46
27.68,65.84
27.72,67.07
27.76,69.25
27.80,68.61
27.84,68.43
27.88,68.91
27.92,68.32
27.96,69.00
28.00,69.81
28.04,69.93
28.08,69.68
28.12,69.68
28.16,68.67
28.20,70.49
28.24,70.95
28.28,71.09
28.32,71.16
28.36,70.91
28.40,70.69
28.44,71.85
28.48,71.97
28.52,71.91
28.56,73.72
28.60,71.81
28.64,71.56
28.68,71.78
28.72,70.70
28.76,71.59
28.80,71.55
28.84,73.69
28.88,73.66
28.92,73.58
28.96,72.71
29.00,72.97
29.04,70.66
29.08,71.76
29.12,72.34
29.16,72.31
29.20,71.51
29.24,71.01
29.28,72.14
29.32,71.26
29.36,70.82
29.40,71.64
29.44,70.13
29.48,69.72
29.52,71.29
29.56,70.99
29.60,71.48
29.64,72.03
29.68,69.23
29.72,70.28
29.76,69.59
29.80,70.48
29.84,68.71
29.88,68.97
29.92,69.58
29.96,68.74
30.00,69.66
30.04,69.30
30.08,68.26
30.12,67.93
30.16,68.25
30.20,67.32
30.24,68.64
30.28,67.04
30.32,66.68
30.36,65.98
30.40,66.97
30.44,67.62
30.48,65.53
30.52,68.55
30.56,67.56
30.60,66.52
30.64,65.13
30.68,66.37
30.72,65.88
30.76,66.35
30.80,65.48
30.84,64.67
30.88,66.41
30.92,66.57
30.96,64.54
31.00,65.09
31.04,67.36
31.08,66.45
31.12,65.83
31.16,65.43
31.20,66.93
31.24,66.24
31.28,66.17
31.32,65.86
31.36,66.57
31.40,68.01
31.44,66.29
31.48,67.17
31.52,68.36
31.56,67.32
31.60,68.08
31.64,65.49
31.68,69.21
31.72,68.63
31.76,67.70
31.80,69.77
31.84,68.18
31.88,69.72
31.92,70.88
31.96,70.00
32.00,69.30
32.04,68.77
32.08,70.52
32.12,70.77
32.16,68.01
32.20,71.64
32.24,70.26
32.28,70.63
32.32,70.25
32.36,70.93
32.40,71.59
32.44,71.35
32.48,71.07
32.52,72.68
32.56,70.21
32.60,72.38
32.64,72.08
32.68,71.05
32.72,72.39
32.76,69.87
32.80,71.53
32.84,71.93
32.88,72.91
32.92,71.74
32.96,71.47
33.00,72.54
33.04,72.89
33.08,72.98
33.12,71.55
33.16,71.68
33.20,71.51
33.24,71.66
33.28,72.75
33.32,71.65
33.36,70.56
33.40,71.86
33.44,71.28
33.48,71.94
33.52,72.27
33.56,70.90
33.60,69.97
33.64,69.71
33.68,70.86
33.72,71.53
33.76,69.28
33.80,69.87
33.84,71.07
33.88,70.56
33.92,67.77
33.96,69.02
34.00,68.77
34.04,69.33
34.08,68.70
34.12,70.14
34.16,68.53
34.20,68.22
34.24,68.02
34.28,69.00
34.32,69.04
34.36,67.22
34.40,67.58
34.44,67.86
34.48,67.55
34.52,67.81
34.56,67.71
34.60,66.30
34.64,66.36
34.68,65.13
34.72,67.30
34.76,66.51
34.80,66.57
34.84,64.95
34.88,67.17
34.92,66.58
34.96,66.37
35.00,67.57
35.04,66.58
35.08,66.76
35.12,67.40
35.16,67.37
35.20,67.95
35.24,66.13
35.28,66.44
35.32,68.02
35.36,67.04
35.40,67.01
35.44,66.69
35.48,66.60
35.52,67.18
35.56,66.82
35.60,66.61
35.64,66.13
35.68,66.44
35.72,68.02
35.76,67.30
35.80,68.17
35.84,68.97
35.88,67.95
35.92,69.14
35.96,69.16
36.00,68.34
36.04,69.58
36.08,69.77
36.12,71.04
36.16,70.95
36.20,71.11
36.24,71.47
36.28,71.18
36.32,70.35
36.36,72.45
36.40,72.02
36.44,71.85
36.48,73.61
36.52,70.48
36.56,71.73
36.60,72.37
36.64,73.14
36.68,73.13
36.72,73.58
36.76,72.74
36.80,73.16
36.84,72.69
36.88,73.04
36.92,71.74
36.96,73.48
37.00,71.33
37.04,72.40
37.08,71.40
37.12,73.21
37.16,73.25
37.20,73.21
37.24,74.33
37.28,72.73
37.32,72.58
37.36,71.96
37.40,72.48
37.44,71.09
37.48,74.43
37.52,73.60
37.56,71.41
37.60,72.47
37.64,72.89
37.68,73.66
37.72,71.72
37.76,70.69
37.80,70.66
37.84,70.14
37.88,71.72
37.92,70.25
37.96,69.48
38.00,68.61
38.04,70.75
38.08,69.75
38.12,69.14
38.16,70.40
38.20,69.48
38.24,69.08
38.28,69.64
38.32,69.77
38.36,68.66
38.40,67.77
38.44,68.84
38.48,69.32
38.52,68.28
38.56,68.25
38.60,68.70
38.64,67.86
38.68,66.87
38.72,69.35
38.76,68.15
38.80,66.89
38.84,66.69
38.88,68.76
38.92,66.30
38.96,67.83
39.00,67.58
39.04,65.89
39.08,67.36
39.12,66.91
39.16,68.61
39.20,67.91
39.24,68.65
39.28,67.83
39.32,66.97
39.36,69.24
39.40,68.64
39.44,69.19
39.48,66.73
39.52,68.52
39.56,67.98
39.60,70.72
39.64,69.07
39.68,69.87
39.72,67.47
39.76,68.51
39.80,70.45
39.84,71.78
39.88,69.68
39.92,70.29
39.96,69.12
40.00,71.40
40.04,73.25
40.08,70.95
40.12,72.76
40.16,71.72
40.20,71.55
40.24,71.30
40.28,73.85
40.32,71.32
40.36,72.72
40.40,73.05
40.44,73.82
40.48,73.23
40.52,73.91
40.56,74.57
40.60,74.48
40.64,74.22
40.68,75.29
40.72,74.18
40.76,74.60
40.80,74.96
40.84,74.30
40.88,73.88
40.92,73.03
40.96,74.86
41.00,74.82
41.04,74.87
41.08,73.29
41.12,72.67
41.16,74.88
41.20,74.04
41.24,73.18
41.28,72.83
41.32,73.97
41.36,74.30
41.40,74.24
41.44,72.83
41.48,72.22
41.52,72.53
41.56,74.44
41.60,72.30
41.64,71.28
41.68,72.78
41.72,73.70
41.76,71.06
41.80,73.38
41.84,72.91
41.88,70.94
41.92,71.49
41.96,73.10
42.00,70.19
42.04,70.31
42.08,73.19
42.12,70.78
42.16,68.93
42.20,69.79
42.24,69.89
42.28,71.18
42.32,69.44
42.36,70.60
42.40,71.54
42.44,69.79
42.48,71.24
42.52,69.06
42.56,69.74
42.60,69.44
42.64,68.41
42.68,67.48
42.72,70.54
42.76,69.96
42.80,68.81
42.84,70.09
42.88,69.71
42.92,68.60
42.96,69.50
43.00,68.14
43.04,68.36
43.08,70.81
43.12,68.81
43.16,67.59
43.20,68.52
43.24,68.85
43.28,67.56
43.32,67.89
43.36,68.20
43.40,70.43
43.44,69.97
43.48,69.72
43.52,70.56
43.56,70.20
43.60,70.46
43.64,70.51
43.68,70.33
43.72,71.84
43.76,70.44
43.80,72.02
43.84,72.38
43.88,70.96
43.92,71.29
43.96,72.67
44.00,72.44
44.04,72.29
44.08,71.71
44.12,72.60
44.16,72.69
44.20,73.59
44.24,75.04
44.28,72.66
44.32,75.50
44.36,75.40
44.40,74.65
44.44,74.20
44.48,74.85
44.52,73.66
44.56,74.85
44.60,75.58
44.64,75.34
44.68,74.21
44.72,75.02
44.76,77.64
44.80,75.13
44.84,74.23
44.88,74.67
44.92,77.45
44.96,74.33
45.00,75.67
45.04,74.39
45.08,76.27
45.12,74.46
45.16,76.45
45.20,74.84
45.24,75.36
45.28,75.61
45.32,75.46
45.36,74.11
45.40,74.71
45.44,74.30
45.48,75.52
45.52,72.15
45.56,74.62
45.60,72.93
45.64,73.21
45.68,74.63
45.72,75.47
45.76,73.41
45.80,74.32
45.84,73.02
45.88,73.77
45.92,72.26
45.96,72.23
46.00,73.25
46.04,74.16
46.08,71.42
46.12,71.54
46.16,71.28
46.20,71.90
46.24,71.72
46.28,72.58
46.32,71.08
46.36,70.81
46.40,69.07
46.44,70.75
46.48,70.40
46.52,71.16
46.56,70.09
46.60,69.80
46.64,70.03
46.68,71.52
46.72,71.44
46.76,71.13
46.80,70.52
46.84,69.79
46.88,70.58
46.92,68.95
46.96,69.12
47.00,70.64
47.04,68.86
47.08,68.69
47.12,70.46
47.16,69.38
47.20,70.79
47.24,68.32
47.28,70.50
47.32,71.78
47.36,70.61
47.40,69.94
47.44,71.11
47.48,70.71
47.52,70.62
47.56,70.67
47.60,71.06
47.64,72.59
47.68,71.68
47.72,71.08
47.76,71.16
47.80,70.54
47.84,72.28
47.88,72.19
47.92,72.07
47.96,73.69
48.00,73.85
48.04,73.09
48.08,72.86
48.12,75.46
48.16,71.49
48.20,74.87
48.24,74.91
48.28,73.28
48.32,72.56
48.36,73.88
48.40,74.24
48.44,73.96
48.48,76.29
48.52,74.59
48.56,76.03
48.60,75.60
48.64,74.44
48.68,75.09
48.72,77.06
48.76,73.95
48.80,75.83
48.84,76.13
48.88,76.13
48.92,76.12
48.96,77.45
49.00,74.06
49.04,76.29
49.08,74.75
49.12,74.82
49.16,75.90
49.20,74.92
49.24,76.82
49.28,75.84
49.32,74.19
49.36,74.90
49.40,74.09
49.44,74.41
49.48,76.34
49.52,74.68
49.56,74.83
49.60,73.37
49.64,76.08
49.68,74.47
49.72,73.14
49.76,75.56
49.80,72.61
49.84,73.07
49.88,73.26
49.92,73.17
49.96,72.04
50.00,72.49
50.04,73.63
50.08,72.61
50.12,73.28
50.16,71.46
50.20,70.70
50.24,72.77
50.28,72.42
50.32,72.05
50.36,70.89
50.40,70.24
50.44,70.26
50.48,71.77
50.52,70.68
50.56,71.31
50.60,69.78
50.64,69.08
50.68,70.96
50.72,70.64
50.76,70.05
50.80,71.52
50.84,68.66
50.88,69.81
50.92,70.28
50.96,68.16
51.00,69.75
51.04,68.96
51.08,70.82
51.12,70.24
51.16,68.13
51.20,69.66
51.24,69.98
51.28,69.37
51.32,70.71
51.36,71.25
51.40,70.67
51.44,70.71
51.48,71.15
51.52,70.82
51.56,70.33
51.60,70.65
51.64,70.88
51.68,71.27
51.72,71.07
51.76,71.20
51.80,73.16
51.84,72.54
51.88,70.83
51.92,72.61
51.96,73.43
52.00,72.07
52.04,73.04
52.08,72.33
52.12,73.60
52.16,72.35
52.20,73.90
52.24,74.14
52.28,73.91
52.32,73.84
52.36,74.63
52.40,74.23
52.44,73.44
52.48,74.65
52.52,74.64
52.56,74.32
52.60,75.17
52.64,74.63
52.68,74.91
52.72,75.42
52.76,76.25
52.80,74.97
52.84,75.65
52.88,74.44
52.92,75.84
52.96,76.39
53.00,75.63
53.04,76.92
53.08,74.76
53.12,75.69
53.16,75.96
53.20,74.76
53.24,75.82
53.28,75.74
53.32,76.02
53.36,75.96
53.40,73.22
53.44,75.20
53.48,73.80
53.52,73.93
53.56,74.15
53.60,74.34
53.64,72.82
53.68,73.65
53.72,74.32
53.76,72.73
53.80,73.49
53.84,72.78
53.88,72.56
53.92,72.08
53.96,71.58
54.00,72.77
54.04,71.45
54.08,73.87
54.12,71.65
54.16,71.61
54.20,68.80
54.24,70.20
54.28,70.81
54.32,71.85
54.36,70.37
54.40,69.29
54.44,69.80
54.48,69.11
54.52,68.83
54.56,69.11
54.60,69.17
54.64,68.85
54.68,69.36
54.72,67.76
54.76,69.59
54.80,69.28
54.84,69.90
54.88,68.90
54.92,68.88
54.96,68.75
55.00,68.00
55.04,67.02
55.08,69.25
55.12,69.05
55.16,67.35
55.20,69.32
55.24,68.56
55.28,68.80
55.32,68.51
55.36,69.71
55.40,68.70
55.44,70.22
55.48,67.85
55.52,71.38
55.56,69.24
55.60,70.28
55.64,71.43
55.68,68.94
55.72,70.35
55.76,70.09
55.80,69.97
55.84,71.20
55.88,72.15
55.92,70.48
55.96,73.26
56.00,74.06
56.04,73.54
56.08,72.58
56.12,73.94
56.16,71.19
56.20,71.92
56.24,70.86
56.28,73.86
56.32,72.58
56.36,72.94
56.40,73.80
56.44,73.29
56.48,74.25
56.52,73.75
56.56,73.94
56.60,74.56
56.64,73.25
56.68,73.54
56.72,73.85
56.76,73.19
56.80,74.68
56.84,75.16
56.88,72.89
56.92,73.22
56.96,73.69
57.00,74.73
57.04,73.49
57.08,74.88
57.12,75.15
57.16,73.53
57.20,72.26
57.24,72.55
57.28,73.45
57.32,75.04
57.36,73.45
57.40,72.59
57.44,73.17
57.48,71.65
57.52,71.88
57.56,73.22
57.60,72.73
57.64,71.17
57.68,71.71
57.72,71.46
57.76,73.56
57.80,70.01
57.84,71.53
57.88,73.00
57.92,72.06
57.96,71.12
58.00,70.98
58.04,70.98
58.08,71.14
58.12,68.55
58.16,69.26
58.20,70.40
58.24,68.06
58.28,70.86
58.32,69.41
58.36,68.85
58.40,67.96
58.44,68.66
58.48,69.76
58.52,67.00
58.56,68.02
58.60,68.79
58.64,67.61
58.68,66.12
58.72,67.52
58.76,68.19
58.80,67.29
58.84,67.52
58.88,67.31
58.92,67.48
58.96,65.29
59.00,67.22
59.04,68.20
59.08,67.43
59.12,66.57
59.16,65.72
59.20,66.23
59.24,67.62
59.28,66.55
59.32,65.83
59.36,66.80
59.40,69.25
59.44,66.74
59.48,67.90
59.52,68.02
59.56,68.80
59.60,68.27
59.64,67.17
59.68,69.10
59.72,69.59
59.76,67.25
59.80,69.41
59.84,70.69
59.88,67.00
59.92,69.13
59.96,70.52
60.00,68.82
60.04,69.38
60.08,71.16
60.12,70.25
60.16,71.76
60.20,72.46
60.24,69.54
60.28,69.74
60.32,69.31
60.36,70.02
60.40,70.98
60.44,70.71
60.48,71.53
60.52,72.25
60.56,72.63
60.60,73.59
60.64,71.70
60.68,72.27
60.72,73.03
60.76,73.36
60.80,72.83
60.84,71.48
60.88,72.11
60.92,71.70
60.96,72.47
61.00,70.72
61.04,72.72
61.08,71.74
61.12,72.63
61.16,73.84
61.20,72.08
61.24,71.44
61.28,72.95
61.32,72.86
61.36,72.10
61.40,71.02
61.44,70.90
61.48,70.68
61.52,72.11
61.56,70.74
61.60,71.49
61.64,69.42
61.68,70.30
61.72,70.67
61.76,69.10
61.80,68.68
61.84,68.17
61.88,70.41
61.92,69.29
61.96,69.81
62.00,68.15
62.04,68.75
62.08,68.00
62.12,67.64
62.16,66.31
62.20,69.18
62.24,67.30
62.28,67.73
62.32,66.53
62.36,66.78
62.40,67.45
62.44,66.57
62.48,66.68
62.52,68.04
62.56,66.72
62.60,66.85
62.64,65.19
62.68,66.72
62.72,65.32
62.76,65.87
62.80,65.06
62.84,65.27
62.88,65.55
62.92,66.20
62.96,65.08
63.00,64.87
63.04,65.33
63.08,64.57
63.12,65.98
63.16,65.00
63.20,65.87
63.24,66.11
63.28,66.33
63.32,63.83
63.36,65.75
63.40,66.90
63.44,65.38
63.48,66.00
63.52,66.15
63.56,66.55
63.60,67.47
63.64,66.37
63.68,66.82
63.72,66.71
63.76,65.70
63.80,66.18
63.84,67.24
63.88,68.59
63.92,68.27
63.96,66.84
64.00,67.92
64.04,68.09
64.08,69.06
64.12,67.18
64.16,67.43
64.20,69.20
64.24,67.75
64.28,68.75
64.32,70.10
64.36,69.39
64.40,69.30
64.44,68.40
64.48,71.27
64.52,68.79
64.56,70.66
64.60,70.72
64.64,70.58
64.68,69.90
64.72,70.98
64.76,70.24
64.80,70.33
64.84,69.30
64.88,70.85
64.92,70.83
64.96,70.52
65.00,69.35
65.04,70.80
65.08,68.94
65.12,69.22
65.16,68.82
65.20,69.66
65.24,70.29
65.28,69.31
65.32,69.90
65.36,68.18
65.40,69.61
65.44,69.55
65.48,68.70
65.52,69.06
65.56,69.00
65.60,69.12
65.64,68.61
65.68,68.17
65.72,69.48
65.76,69.80
65.80,67.13
65.84,67.47
65.88,66.61
65.92,68.52
65.96,66.44
66.00,67.81
66.04,67.74
66.08,65.61
66.12,66.09
66.16,66.69
66.20,65.45
66.24,67.04
66.28,66.25
66.32,65.72
66.36,66.77
66.40,65.24
66.44,64.83
66.48,65.35
66.52,64.65
66.56,63.50
66.60,64.06
66.64,64.61
66.68,64.46
66.72,64.82
66.76,63.57
66.80,63.30
66.84,61.43
66.88,62.86
66.92,64.67
66.96,64.05
67.00,64.12
67.04,64.84
67.08,62.32
67.12,65.16
67.16,63.86
67.20,64.74
67.24,65.45
67.28,63.80
67.32,64.47
67.36,66.03
67.40,64.15
67.44,64.42
67.48,64.00
67.52,64.12
67.56,63.45
67.60,64.62
67.64,67.27
67.68,64.53
67.72,64.54
67.76,66.66
67.80,66.03
67.84,66.95
67.88,64.89
67.92,66.13
67.96,66.37
68.00,66.73
68.04,67.80
68.08,65.38
68.12,67.63
68.16,66.06
68.20,67.62
68.24,67.97
68.28,68.48
68.32,69.57
68.36,66.40
68.40,67.82
68.44,67.57
68.48,67.83
68.52,68.79
68.56,69.37
68.60,67.98
68.64,69.23
68.68,69.49
68.72,70.68
68.76,69.54
68.80,70.20
68.84,69.03
68.88,68.72
68.92,67.95
68.96,69.97
69.00,68.44
69.04,68.78
69.08,69.55
69.12,70.31
69.16,68.93
69.20,70.52
69.24,67.78
69.28,68.24
69.32,68.86
69.36,68.67
69.40,69.17
69.44,68.17
69.48,68.21
69.52,67.71
69.56,68.19
69.60,67.14
69.64,68.66
69.68,66.36
69.72,67.39
69.76,67.53
69.80,68.73
69.84,66.13
69.88,66.11
69.92,67.10
69.96,66.31
70.00,65.91
70.04,66.75
70.08,66.83
70.12,66.52
70.16,65.19
70.20,65.61
70.24,65.64
70.28,64.11
70.32,65.07
70.36,64.57
70.40,65.07
70.44,63.92
70.48,63.34
70.52,63.77
70.56,63.81
70.60,66.08
70.64,63.55
70.68,63.22
70.72,64.00
70.76,63.46
70.80,63.44
70.84,63.66
70.88,63.89
70.92,62.69
70.96,63.94
71.00,66.05
71.04,63.12
71.08,62.61
71.12,61.85
71.16,63.35
71.20,63.44
71.24,62.15
71.28,61.28
71.32,65.19
71.36,63.34
71.40,63.23
71.44,63.67
71.48,63.96
71.52,63.92
71.56,64.77
71.60,63.46
71.64,65.03
71.68,64.88
71.72,64.96
71.76,63.79
71.80,66.46
71.84,64.63
71.88,66.28
71.92,65.55
71.96,66.01
72.00,65.85
72.04,66.98
72.08,66.67
72.12,68.37
72.16,67.02
72.20,67.57
72.24,67.72
72.28,67.59
72.32,67.60
72.36,68.62
72.40,68.26
72.44,67.69
72.48,68.71
72.52,68.89
72.56,69.66
72.60,67.53
72.64,68.21
72.68,69.51
72.72,69.30
72.76,69.51
72.80,69.78
72.84,69.06
72.88,70.20
72.92,68.98
72.96,68.12
73.00,68.55
73.04,70.09
73.08,69.94
73.12,68.82
73.16,68.49
73.20,69.14
73.24,69.60
73.28,69.99
73.32,69.28
73.36,68.67
73.40,67.35
73.44,68.70
73.48,67.37
73.52,67.35
73.56,69.24
73.60,69.55
73.64,67.77
73.68,67.86
73.72,68.21
73.76,69.42
73.80,68.06
73.84,65.73
73.88,67.10
73.92,68.78
73.96,64.53
74.00,68.54
74.04,65.50
74.08,65.79
74.12,69.10
74.16,65.44
74.20,66.07
74.24,66.22
74.28,66.03
74.32,66.24
74.36,65.41
74.40,64.17
74.44,65.34
74.48,64.93
74.52,63.62
74.56,63.84
74.60,65.54
74.64,64.95
74.68,66.01
74.72,64.45
74.76,65.14
74.80,64.81
74.84,62.46
74.88,63.35
74.92,64.11
74.96,64.07
75.00,64.50
75.04,62.77
75.08,63.45
75.12,62.99
75.16,64.08
75.20,63.94
75.24,63.57
75.28,63.30
75.32,64.22
75.36,64.11
75.40,63.88
75.44,65.94
75.48,65.04
75.52,65.87
75.56,65.35
75.60,65.79
75.64,64.98
75.68,65.20
75.72,67.17
75.76,66.26
75.80,65.04
75.84,66.34
75.88,66.90
75.92,67.81
75.96,67.03
76.00,67.86
76.04,65.73
76.08,67.58
76.12,67.94
76.16,68.64
76.20,67.15
76.24,68.62
76.28,68.38
76.32,68.52
76.36,68.47
76.40,68.31
76.44,68.71
76.48,68.97
76.52,67.30
76.56,69.31
76.60,69.81
76.64,70.94
76.68,69.64
76.72,70.91
76.76,71.63
76.80,69.55
76.84,70.14
76.88,70.79
76.92,71.86
76.96,69.64
77.00,69.35
77.04,69.44
77.08,70.99
77.12,70.57
77.16,70.07
77.20,70.92
77.24,68.98
77.28,70.13
77.32,71.67
77.36,67.82
77.40,69.41
77.44,69.78
77.48,70.65
77.52,70.49
77.56,68.88
77.60,71.13
77.64,67.50
77.68,69.09
77.72,70.02
77.76,68.38
77.80,69.54
77.84,69.42
77.88,68.17
77.92,67.55
77.96,68.62
78.00,67.15
78.04,67.68
78.08,66.08
78.12,66.52
78.16,67.67
78.20,66.40
78.24,65.34
78.28,69.00
78.32,67.17
78.36,66.87
78.40,66.51
78.44,66.38
78.48,64.19
78.52,64.80
78.56,64.95
78.60,65.91
78.64,65.92
78.68,65.28
78.72,64.86
78.76,64.14
78.80,65.81
78.84,64.96
78.88,64.83
78.92,64.49
78.96,65.12
79.00,65.29
79.04,64.03
79.08,64.32
79.12,65.60
79.16,65.78
79.20,66.33
79.24,65.73
79.28,68.20
79.32,67.02
79.36,64.49
79.40,66.68
79.44,64.67
79.48,66.71
79.52,65.85
79.56,66.36
79.60,66.82
79.64,67.95
79.68,65.92
79.72,66.47
79.76,66.58
79.80,67.32
79.84,68.20
79.88,67.18
79.92,68.18
79.96,66.88
80.00,68.18
80.04,69.78
80.08,69.98
80.12,69.11
80.16,69.37
80.20,68.01
80.24,70.30
80.28,70.84
80.32,68.74
80.36,71.91
80.40,70.64
80.44,69.74
80.48,71.26
80.52,71.42
80.56,71.18
80.60,70.59
80.64,71.47
80.68,72.20
80.72,71.11
80.76,72.65
80.80,70.79
80.84,70.12
80.88,74.92
80.92,70.89
80.96,72.12
81.00,70.66
81.04,72.21
81.08,71.45
81.12,72.83
81.16,72.55
81.20,71.25
81.24,71.43
81.28,72.76
81.32,72.82
81.36,72.28
81.40,71.94
81.44,70.68
81.48,69.61
81.52,69.97
81.56,72.39
81.60,71.20
81.64,70.67
81.68,70.73
81.72,70.99
81.76,70.34
81.80,68.69
81.84,71.25
81.88,70.55
81.92,69.24
81.96,68.89
82.00,68.82
82.04,69.90
82.08,68.27
82.12,68.22
82.16,68.74
82.20,67.53
82.24,68.37
82.28,68.25
82.32,67.91
82.36,68.67
82.40,69.14
82.44,68.97
82.48,68.49
82.52,67.25
82.56,68.35
82.60,66.60
82.64,66.86
82.68,66.69
82.72,66.73
82.76,66.14
82.80,67.29
82.84,66.79
82.88,66.67
82.92,65.18
82.96,68.07
83.00,66.88
83.04,65.14
83.08,67.33
83.12,68.10
83.16,66.85
83.20,67.48
83.24,65.55
83.28,68.06
83.32,66.64
83.36,66.83
83.40,66.21
83.44,67.33
83.48,67.90
83.52,70.09
83.56,66.11
83.60,67.38
83.64,67.88
83.68,68.76
83.72,68.56
83.76,68.99
83.80,67.74
83.84,69.79
83.88,69.71
83.92,70.43
83.96,68.72
84.00,70.22
84.04,71.45
84.08,68.99
84.12,71.34
84.16,68.14
84.20,71.73
84.24,70.79
84.28,70.43
84.32,72.27
84.36,71.38
84.40,71.00
84.44,72.19
84.48,72.82
84.52,73.63
84.56,74.16
84.60,72.75
84.64,70.53
84.68,74.17
84.72,73.24
84.76,73.02
84.80,71.16
84.84,73.33
84.88,74.26
84.92,72.07
84.96,72.94
85.00,72.88
85.04,71.99
85.08,74.49
85.12,71.42
85.16,72.96
85.20,74.10
85.24,72.49
85.28,72.65
85.32,71.13
85.36,72.78
85.40,72.04
85.44,73.91
85.48,73.49
85.52,73.85
85.56,74.17
85.60,74.23
85.64,74.03
85.68,72.67
85.72,72.20
85.76,70.52
85.80,71.53
85.84,72.09
85.88,69.72
85.92,71.44
85.96,70.34
86.00,71.80
86.04,69.01
86.08,71.28
86.12,70.16
86.16,69.46
86.20,69.13
86.24,69.80
86.28,69.18
86.32,69.20
86.36,68.18
86.40,68.95
86.44,69.18
86.48,65.82
86.52,69.00
86.56,67.66
86.60,67.31
86.64,69.24
86.68,68.11
86.72,67.49
86.76,68.09
86.80,66.75
86.84,69.46
86.88,67.53
86.92,66.15
86.96,68.04
87.00,68.71
87.04,68.09
87.08,67.08
87.12,68.05
87.16,67.59
87.20,70.13
87.24,68.85
87.28,68.23
87.32,67.55
87.36,69.81
87.40,67.90
87.44,68.08
87.48,66.75
87.52,67.64
87.56,70.00
87.60,68.95
87.64,70.06
87.68,70.40
87.72,70.50
87.76,68.85
87.80,70.34
87.84,69.39
87.88,69.42
87.92,71.87
87.96,71.72
88.00,71.99
88.04,70.23
88.08,71.03
88.12,71.98
88.16,72.77
88.20,72.39
88.24,71.67
88.28,71.14
88.32,74.04
88.36,73.67
88.40,72.84
88.44,71.92
88.48,70.95
88.52,72.81
88.56,74.51
88.60,73.11
88.64,73.65
88.68,73.69
88.72,73.49
88.76,74.36
88.80,74.39
88.84,73.25
88.88,74.42
88.92,72.63
88.96,74.96
89.00,74.20
89.04,74.52
89.08,73.38
89.12,72.09
89.16,74.45
89.20,74.79
89.24,74.86
89.28,73.70
89.32,75.37
89.36,74.19
89.40,73.23
89.44,73.07
89.48,75.38
89.52,72.94
89.56,72.59
89.60,72.54
89.64,72.77
89.68,74.07
89.72,74.70
89.76,71.35
89.80,70.37
89.84,71.38
89.88,72.45
89.92,72.25
89.96,70.56
90.00,71.83
90.04,71.04
90.08,71.12
90.12,70.44
90.16,70.57
90.20,71.25
90.24,69.76
90.28,70.71
90.32,70.47
90.36,67.80
90.40,67.80
90.44,67.93
90.48,69.19
90.52,68.78
90.56,69.68
90.60,68.93
90.64,68.38
90.68,70.04
90.72,67.18
90.76,69.72
90.80,67.74
90.84,68.47
90.88,69.14
90.92,67.63
90.96,67.67
91.00,67.79
91.04,69.07
91.08,70.41
91.12,67.90
91.16,67.40
91.20,67.38
91.24,68.13
91.28,68.60
91.32,70.51
91.36,68.37
91.40,69.53
91.44,70.32
91.48,68.13
91.52,69.53
91.56,70.18
91.60,71.03
91.64,68.22
91.68,70.22
91.72,71.38
91.76,71.06
91.80,70.62
91.84,70.46
91.88,70.16
91.92,71.37
91.96,71.50
92.00,71.73
92.04,72.34
92.08,73.62
92.12,71.03
92.16,71.99
92.20,73.39
92.24,72.73
92.28,73.28
92.32,73.93
92.36,73.09
92.40,73.92
92.44,72.37
92.48,74.39
92.52,71.46
92.56,74.24
92.60,72.97
92.64,75.12
92.68,72.90
92.72,74.64
92.76,73.09
92.80,73.29
92.84,74.04
92.88,75.26
92.92,75.63
92.96,73.45
93.00,72.78
93.04,74.48
93.08,72.48
93.12,75.11
93.16,72.83
93.20,74.83
93.24,73.41
93.28,73.97
93.32,73.20
93.36,73.98
93.40,73.71
93.44,72.27
93.48,74.21
93.52,72.28
93.56,73.45
93.60,72.34
93.64,70.20
93.68,72.28
93.72,72.06
93.76,71.33
93.80,72.98
93.84,71.82
93.88,72.47
93.92,72.20
93.96,72.31
94.00,70.63
94.04,71.84
94.08,71.10
94.12,70.35
94.16,70.53
94.20,70.30
94.24,69.98
94.28,69.74
94.32,69.30
94.36,69.07
94.40,68.94
94.44,70.43
94.48,69.75
94.52,69.65
94.56,68.81
94.60,68.27
94.64,68.85
94.68,68.86
94.72,68.46
94.76,68.37
94.80,67.43
94.84,66.72
94.88,69.80
94.92,70.17
94.96,66.49
95.00,68.37
95.04,67.85
95.08,68.40
95.12,66.46
95.16,68.48
95.20,68.44
95.24,66.91
95.28,68.47
95.32,68.12
95.36,67.53
95.40,69.22
95.44,68.53
95.48,69.31
95.52,70.08
95.56,67.37
95.60,69.40
95.64,70.65
95.68,69.96
95.72,69.48
95.76,68.51
95.80,69.45
95.84,69.65
95.88,70.55
95.92,71.82
95.96,70.12
96.00,71.52
96.04,69.70
96.08,72.78
96.12,71.30
96.16,72.10
96.20,70.61
96.24,72.32
96.28,71.74
96.32,71.63
96.36,70.85
96.40,72.09
96.44,71.68
96.48,71.95
96.52,72.56
96.56,72.55
96.60,72.54
96.64,72.37
96.68,71.37
96.72,71.94
96.76,73.43
96.80,74.91
96.84,74.32
96.88,73.19
96.92,73.47
96.96,72.64
97.00,72.16
97.04,74.38
97.08,73.84
97.12,73.12
97.16,73.24
97.20,73.34
97.24,71.85
97.28,72.35
97.32,71.98
97.36,74.93
97.40,70.72
97.44,72.13
97.48,73.56
97.52,71.87
97.56,72.29
97.60,70.43
97.64,70.00
97.68,72.61
97.72,73.04
97.76,71.38
97.80,70.96
97.84,70.10
97.88,69.80
97.92,69.45
97.96,71.24
98.00,68.79
98.04,69.38
98.08,70.89
98.12,69.75
98.16,69.98
98.20,67.39
98.24,69.88
98.28,66.56
98.32,69.65
98.36,69.12
98.40,69.86
98.44,68.82
98.48,67.53
98.52,66.96
98.56,67.60
98.60,68.16
98.64,67.84
98.68,68.08
98.72,67.77
98.76,67.10
98.80,67.46
98.84,66.98
98.88,66.14
98.92,68.96
98.96,66.74
99.00,66.03
99.04,66.90
99.08,66.13
99.12,65.84
99.16,66.87
99.20,66.43
99.24,66.16
99.28,67.88
99.32,67.07
99.36,67.20
99.40,66.57
99.44,68.25
99.48,69.29
99.52,65.77
99.56,68.04
99.60,67.52
99.64,68.30
99.68,68.34
99.72,67.75
99.76,68.41
99.80,67.65
99.84,68.63
99.88,69.91
99.92,68.81
99.96,68.31
100.00,69.49
100.04,69.16
100.08,69.80
100.12,69.92
100.16,68.82
100.20,68.51
100.24,72.23
100.28,71.27
100.32,70.30
100.36,70.74
100.40,71.05
100.44,70.84
100.48,70.87
100.52,72.02
100.56,72.55
100.60,70.40
100.64,70.80
100.68,70.55
100.72,71.57
100.76,70.50
100.80,71.38
100.84,72.59
100.88,73.19
100.92,71.49
100.96,71.47
101.00,70.95
101.04,72.05
101.08,72.71
101.12,73.43
101.16,72.42
101.20,71.06
101.24,72.83
101.28,71.27
101.32,71.39
101.36,70.41
101.40,71.70
101.44,72.20
101.48,70.57
101.52,71.44
101.56,70.17
101.60,71.51
101.64,70.67
101.68,69.54
101.72,72.04
101.76,70.65
101.80,67.72
101.84,68.10
101.88,69.74
101.92,68.31
101.96,68.60
102.00,69.73
102.04,69.91
102.08,68.02
102.12,67.75
102.16,67.53
102.20,66.47
102.24,66.96
102.28,68.03
102.32,65.61
102.36,67.01
102.40,66.74
102.44,66.88
102.48,65.73
102.52,67.78
102.56,67.42
102.60,67.18
102.64,67.49
102.68,66.46
102.72,65.53
102.76,66.08
102.80,66.68
102.84,64.04
102.88,65.75
102.92,64.94
102.96,63.99
103.00,66.24
103.04,65.02
103.08,67.29
103.12,64.85
103.16,65.29
103.20,65.36
103.24,65.97
103.28,64.73
103.32,65.07
103.36,65.02
103.40,65.12
103.44,65.26
103.48,67.13
103.52,66.21
103.56,67.57
103.60,66.06
103.64,65.97
103.68,65.19
103.72,65.48
103.76,66.15
103.80,65.66
103.84,67.11
103.88,69.33
103.92,67.28
103.96,69.11
104.00,68.47
104.04,68.11
104.08,68.34
104.12,69.02
104.16,69.39
104.20,66.95
104.24,68.39
104.28,68.42
104.32,69.06
104.36,69.37
104.40,67.90
104.44,69.46
104.48,71.50
104.52,71.32
104.56,69.95
104.60,70.11
104.64,70.61
104.68,69.93
104.72,71.14
104.76,70.56
104.80,70.96
104.84,69.94
104.88,70.22
104.92,71.06
104.96,71.09
105.00,71.76
105.04,70.37
105.08,71.11
105.12,70.36
105.16,69.71
105.20,71.12
105.24,71.05
105.28,70.88
105.32,68.75
105.36,69.33
105.40,71.27
105.44,69.28
105.48,70.43
105.52,70.18
105.56,69.50
105.60,68.93
105.64,68.98
105.68,68.93
105.72,68.99
105.76,67.73
105.80,69.17
105.84,66.52
105.88,67.28
105.92,67.28
105.96,68.83
106.00,67.11
106.04,68.48
106.08,68.70
106.12,67.60
106.16,66.49
106.20,66.23
106.24,65.96
106.28,65.56
106.32,67.33
106.36,67.05
106.40,65.68
106.44,64.18
106.48,64.65
106.52,65.19
106.56,65.34
106.60,66.62
106.64,65.83
106.68,63.76
106.72,65.03
106.76,64.21
106.80,64.47
106.84,64.47
106.88,63.25
106.92,64.41
106.96,64.64
107.00,62.92
107.04,63.42
107.08,63.90
107.12,64.66
107.16,64.37
107.20,64.37
107.24,62.86
107.28,65.17
107.32,66.23
107.36,63.83
107.40,64.57
107.44,64.16
107.48,64.32
107.52,65.56
107.56,64.95
107.60,66.20
107.64,65.87
107.68,65.74
107.72,65.03
107.76,66.13
107.80,65.82
107.84,67.41
107.88,66.15
107.92,65.50
107.96,67.51
108.00,66.53
108.04,66.22
108.08,67.23
108.12,66.89
108.16,69.57
108.20,67.37
108.24,67.72
108.28,69.71
108.32,68.08
108.36,69.49
108.40,69.07
108.44,69.32
108.48,68.76
108.52,70.34
108.56,69.43
108.60,69.99
108.64,69.50
108.68,69.54
108.72,69.34
108.76,71.03
108.80,69.96
108.84,70.22
108.88,69.99
108.92,69.84
108.96,70.14
109.00,70.65
109.04,69.36
109.08,69.05
109.12,70.24
109.16,70.22
109.20,71.16
109.24,69.78
109.28,69.75
109.32,70.90
109.36,71.04
109.40,69.42
109.44,69.85
109.48,68.33
109.52,69.15
109.56,68.22
109.60,67.16
109.64,67.89
109.68,69.42
109.72,67.09
109.76,68.06
109.80,66.37
109.84,66.39
109.88,68.25
109.92,66.83
109.96,67.98
110.00,68.70
110.04,67.56
110.08,68.02
110.12,65.89
110.16,66.45
110.20,66.39
110.24,67.69
110.28,66.41
110.32,66.00
110.36,64.83
110.40,66.15
110.44,64.40
110.48,65.27
110.52,64.41
110.56,65.71
110.60,64.39
110.64,63.18
110.68,64.95
110.72,65.77
110.76,63.45
110.80,64.85
110.84,65.53
110.88,62.56
110.92,64.52
110.96,62.41
111.00,63.69
111.04,64.31
111.08,64.10
111.12,64.76
111.16,63.83
111.20,64.28
111.24,62.95
111.28,64.00
111.32,63.47
111.36,63.66
111.40,64.33
111.44,63.73
111.48,65.38
111.52,64.65
111.56,63.78
111.60,66.29
111.64,65.90
111.68,65.11
111.72,66.57
111.76,66.18
111.80,65.77
111.84,67.89
111.88,67.85
111.92,66.48
111.96,68.37
112.00,66.57
112.04,67.18
112.08,67.41
112.12,68.27
112.16,67.18
112.20,69.32
112.24,68.04
112.28,69.64
112.32,66.27
112.36,70.10
112.40,69.57
112.44,69.81
112.48,67.43
112.52,69.20
112.56,70.10
112.60,69.82
112.64,71.48
112.68,69.69
112.72,69.16
112.76,71.59
112.80,70.59
112.84,70.79
112.88,69.37
112.92,68.20
112.96,69.67
113.00,69.59
113.04,70.32
113.08,71.98
113.12,70.83
113.16,71.57
113.20,70.25
113.24,69.96
113.28,71.76
113.32,69.75
113.36,69.57
113.40,71.92
113.44,70.04
113.48,71.13
113.52,68.43
113.56,70.62
113.60,68.84
113.64,69.84
113.68,68.33
113.72,69.49
113.76,68.32
113.80,69.51
113.84,69.39
113.88,68.41
113.92,68.93
113.96,67.61
114.00,69.00
114.04,68.65
114.08,67.84
114.12,67.08
114.16,68.22
114.20,67.36
114.24,66.39
114.28,66.14
114.32,66.64
114.36,66.50
114.40,64.85
114.44,67.27
114.48,66.51
114.52,66.14
114.56,66.04
114.60,66.15
114.64,64.31
114.68,67.48
114.72,65.28
114.76,64.87
114.80,64.13
114.84,64.67
114.88,64.12
114.92,65.63
114.96,66.70
115.00,66.79
115.04,65.87
115.08,65.28
115.12,65.57
115.16,64.35
115.20,66.64
115.24,65.72
115.28,64.61
115.32,66.61
115.36,65.47
115.40,65.10
115.44,66.06
115.48,65.12
115.52,67.12
115.56,66.35
115.60,68.71
115.64,65.54
115.68,67.32
115.72,66.46
115.76,68.78
115.80,68.33
115.84,67.92
115.88,67.65
115.92,68.08
115.96,68.25
116.00,70.26
116.04,70.12
116.08,67.82
116.12,69.97
116.16,68.85
116.20,69.52
116.24,70.19
116.28,68.49
116.32,68.55
116.36,69.60
116.40,69.42
116.44,71.41
116.48,69.85
116.52,69.62
116.56,70.61
116.60,73.01
116.64,71.04
116.68,70.80
116.72,72.59
116.76,70.95
116.80,71.40
116.84,72.23
116.88,71.19
116.92,71.25
116.96,71.96
117.00,72.50
117.04,72.03
117.08,72.63
117.12,72.55
117.16,73.15
117.20,71.35
117.24,72.00
117.28,71.82
117.32,71.49
117.36,72.68
117.40,70.42
117.44,71.69
117.48,69.78
117.52,71.62
117.56,71.28
117.60,71.01
117.64,71.17
117.68,70.58
117.72,70.36
117.76,70.85
117.80,69.56
117.84,70.79
117.88,69.02
117.92,68.61
117.96,69.22
118.00,69.61
118.04,68.07
118.08,70.07
118.12,68.65
118.16,67.90
118.20,69.21
118.24,68.04
118.28,68.70
118.32,68.65
118.36,66.83
118.40,66.57
118.44,67.52
118.48,67.86
118.52,65.50
118.56,67.01
118.60,67.54
118.64,68.24
118.68,67.91
118.72,67.20
118.76,65.70
118.80,65.74
118.84,66.56
118.88,66.53
118.92,67.61
118.96,66.57
119.00,65.04
119.04,68.28
119.08,67.56
119.12,68.17
119.16,67.55
119.20,68.35
119.24,66.42
119.28,67.18
119.32,68.23
119.36,66.83
119.40,69.22
119.44,67.54
119.48,68.73
119.52,68.52
119.56,69.34
119.60,68.84
119.64,66.72
119.68,66.55
119.72,69.26
119.76,69.66
119.80,69.08
119.84,69.38
119.88,71.01
119.92,69.60
119.96,70.28
120.00,70.19
120.04,70.07
120.08,70.10
120.12,72.05
120.16,71.18
120.20,71.75
120.24,70.73
120.28,70.63
120.32,71.31
120.36,73.14
120.40,72.59
120.44,72.48
120.48,71.77
120.52,73.97
120.56,73.93
120.60,74.30
120.64,73.45
120.68,72.15
120.72,72.28
120.76,74.49
120.80,73.64
120.84,73.26
120.88,73.94
120.92,73.08
120.96,71.55
121.00,74.67
121.04,72.42
121.08,73.72
121.12,73.28
121.16,74.49
121.20,74.36
121.24,74.01
121.28,74.76
121.32,73.62
121.36,73.08
121.40,72.87
121.44,74.38
121.48,74.41
121.52,73.58
121.56,71.69
121.60,72.23
121.64,72.48
121.68,72.93
121.72,72.57
121.76,72.07
121.80,70.75
121.84,71.57
121.88,73.41
121.92,71.17
121.96,70.89
122.00,70.82
122.04,70.30
122.08,71.24
122.12,70.04
122.16,69.94
122.20,71.00
122.24,71.21
122.28,69.12
122.32,69.98
122.36,69.87
122.40,69.01
122.44,68.24
122.48,68.98
122.52,69.61
122.56,69.76
122.60,69.74
122.64,68.28
122.68,69.58
122.72,68.49
122.76,70.09
122.80,67.86
122.84,69.12
122.88,69.33
122.92,69.18
122.96,66.51
123.00,68.09
123.04,68.14
123.08,69.49
123.12,68.42
123.16,68.20
123.20,69.50
123.24,67.60
123.28,68.75
123.32,69.17
123.36,68.17
123.40,70.69
123.44,69.50
123.48,69.98
123.52,68.38
123.56,69.29
123.60,70.27
123.64,70.62
123.68,69.23
123.72,69.61
123.76,72.02
123.80,72.26
123.84,71.99
123.88,71.85
123.92,71.69
123.96,71.44
124.00,71.57
124.04,72.89
124.08,74.25
124.12,73.44
124.16,73.35
124.20,72.67
124.24,73.63
124.28,74.08
124.32,73.33
124.36,73.99
124.40,75.70
124.44,74.28
124.48,73.80
124.52,72.74
124.56,76.45
124.60,74.65
124.64,74.05
124.68,75.54
124.72,76.87
124.76,74.05
124.80,73.35
124.84,74.58
124.88,73.42
124.92,75.02
124.96,76.89
125.00,75.61
125.04,74.44
125.08,74.85
125.12,74.21
125.16,75.24
125.20,76.04
125.24,74.38
125.28,74.32
125.32,75.16
125.36,73.56
125.40,74.10
125.44,76.47
125.48,74.84
125.52,74.59
125.56,73.52
125.60,74.22
125.64,73.44
125.68,74.29
125.72,74.15
125.76,73.57
125.80,72.69
125.84,72.18
125.88,73.08
125.92,73.00
125.96,73.31
126.00,74.77
126.04,72.49
126.08,73.17
126.12,71.67
126.16,72.92
126.20,73.96
126.24,72.76
126.28,74.33
126.32,72.21
126.36,71.71
126.40,71.73
126.44,71.67
126.48,71.63
126.52,71.61
126.56,71.64
126.60,69.78
126.64,69.95
126.68,70.03
126.72,72.46
126.76,71.18
126.80,67.82
126.84,69.32
126.88,70.26
126.92,68.57
126.96,71.69
127.00,70.32
127.04,69.97
127.08,70.78
127.12,70.10
127.16,69.50
127.20,69.41
127.24,69.30
127.28,72.39
127.32,70.96
127.36,70.00
127.40,72.04
127.44,70.68
127.48,71.44
127.52,71.51
127.56,70.29
127.60,72.33
127.64,72.37
127.68,70.56
127.72,73.74
127.76,72.08
127.80,73.25
127.84,71.99
127.88,73.55
127.92,72.68
127.96,71.64
128.00,73.78
128.04,74.34
128.08,74.19
128.12,73.74
128.16,75.43
128.20,75.09
128.24,74.60
128.28,75.06
128.32,73.49
128.36,74.54
128.40,74.84
128.44,74.52
128.48,76.70
128.52,74.26
128.56,75.53
128.60,76.96
128.64,75.35
128.68,76.35
128.72,76.73
128.76,75.83
128.80,76.84
128.84,74.85
128.88,76.14
128.92,75.93
128.96,77.14
129.00,76.41
129.04,77.56
129.08,77.96
129.12,76.31
129.16,75.85
129.20,75.77
129.24,76.40
129.28,74.66
129.32,76.43
129.36,77.16
129.40,75.66
129.44,76.22
129.48,74.29
129.52,75.35
129.56,75.09
129.60,75.92
129.64,75.85
129.68,73.53
129.72,73.27
129.76,76.16
129.80,73.59
129.84,75.05
129.88,75.93
129.92,73.79
129.96,73.27
130.00,74.84
130.04,72.88
130.08,73.31
130.12,73.35
130.16,72.62
130.20,72.34
130.24,72.24
130.28,72.05
130.32,72.07
130.36,71.89
130.40,73.68
130.44,71.95
130.48,72.37
130.52,72.36
130.56,71.44
130.60,71.84
130.64,70.40
130.68,70.18
130.72,70.86
130.76,71.70
130.80,71.76
130.84,70.66
130.88,70.48
130.92,71.76
130.96,70.25
131.00,70.60
131.04,69.45
131.08,70.06
131.12,71.37
131.16,71.12
131.20,70.38
131.24,72.05
131.28,72.73
131.32,72.25
131.36,73.06
131.40,72.05
131.44,71.85
131.48,73.00
131.52,69.75
131.56,73.87
131.60,72.28
131.64,72.00
131.68,72.90
131.72,72.36
131.76,71.57
131.80,73.78
131.84,73.47
131.88,72.89
131.92,75.29
131.96,74.26
132.00,74.77
132.04,72.46
132.08,75.26
132.12,73.46
132.16,73.68
132.20,75.00
132.24,75.68
132.28,75.16
132.32,76.44
132.36,74.41
132.40,75.53
132.44,76.18
132.48,75.78
132.52,75.72
132.56,75.02
132.60,77.30
132.64,76.00
132.68,74.67
132.72,75.53
132.76,76.47
132.80,77.96
132.84,76.34
132.88,75.10
132.92,76.82
132.96,77.52
133.00,77.17
133.04,76.92
133.08,78.10
133.12,76.91
133.16,76.56
133.20,76.74
133.24,77.08
133.28,76.17
133.32,76.89
133.36,76.55
133.40,76.23
133.44,75.64
133.48,74.88
133.52,76.06
133.56,73.97
133.60,76.30
133.64,74.81
133.68,76.25
133.72,76.72
133.76,73.99
133.80,75.65
133.84,74.22
133.88,74.14
133.92,73.92
133.96,75.22
134.00,74.29
134.04,74.28
134.08,74.19
134.12,72.56
134.16,74.13
134.20,72.62
134.24,73.28
134.28,71.81
134.32,73.31
134.36,73.00
134.40,72.45
134.44,72.64
134.48,72.44
134.52,71.27
134.56,71.11
134.60,70.86
134.64,69.46
134.68,71.61
134.72,70.72
134.76,70.17
134.80,70.74
134.84,70.78
134.88,71.66
134.92,71.09
134.96,70.78
135.00,70.91
135.04,71.80
135.08,71.67
135.12,72.55
135.16,69.55
135.20,72.00
135.24,71.96
135.28,71.75
135.32,68.58
135.36,69.36
135.40,70.64
135.44,70.19
135.48,72.33
135.52,70.97
135.56,71.58
135.60,71.77
135.64,72.68
135.68,71.60
135.72,72.69
135.76,71.94
135.80,72.05
135.84,72.69
135.88,71.87
135.92,73.81
135.96,71.57
136.00,74.02
136.04,73.13
136.08,73.36
136.12,73.75
136.16,73.63
136.20,74.67
136.24,75.42
136.28,72.79
136.32,74.69
136.36,75.01
136.40,74.01
136.44,75.51
136.48,75.34
136.52,76.82
136.56,77.09
136.60,76.93
136.64,74.22
136.68,76.36
136.72,75.87
136.76,73.68
136.80,76.55
136.84,77.25
136.88,75.73
136.92,76.83
136.96,76.24
137.00,76.83
137.04,75.82
137.08,75.97
137.12,77.20
137.16,75.96
137.20,76.73
137.24,75.18
137.28,75.52
137.32,74.84
137.36,76.00
137.40,75.65
137.44,75.61
137.48,73.94
137.52,73.68
137.56,75.75
137.60,74.72
137.64,74.29
137.68,72.17
137.72,73.67
137.76,75.06
137.80,73.86
137.84,72.56
137.88,74.32
137.92,73.35
137.96,72.56
138.00,70.52
138.04,71.12
138.08,72.38
138.12,72.47
138.16,73.17
138.20,72.76
138.24,71.79
138.28,71.02
138.32,72.24
138.36,70.82
138.40,70.47
138.44,71.43
138.48,70.95
138.52,72.10
138.56,72.20
138.60,70.19
138.64,69.01
138.68,71.21
138.72,71.66
138.76,71.20
138.80,68.86
138.84,68.30
138.88,69.14
138.92,70.46
138.96,69.85
139.00,68.25
139.04,67.40
139.08,69.39
139.12,68.37
139.16,69.30
139.20,69.90
139.24,70.73
139.28,68.27
139.32,68.86
139.36,70.30
139.40,71.20
139.44,70.10
139.48,70.64
139.52,71.33
139.56,71.31
139.60,70.99
139.64,70.53
139.68,70.52
139.72,70.59
139.76,71.78
139.80,70.49
139.84,71.27
139.88,71.33
139.92,71.04
139.96,72.57
140.00,74.36
140.04,72.37
140.08,71.73
140.12,72.81
140.16,73.16
140.20,73.87
140.24,73.64
140.28,72.06
140.32,74.17
140.36,74.89
140.40,73.62
140.44,73.79
140.48,73.17
140.52,75.52
140.56,75.25
140.60,75.35
140.64,73.27
140.68,75.26
140.72,74.50
140.76,75.78
140.80,75.10
140.84,75.98
140.88,73.30
140.92,75.29
140.96,75.69
141.00,74.55
141.04,75.47
141.08,75.31
141.12,74.39
141.16,74.53
141.20,75.26
141.24,74.54
141.28,74.72
141.32,72.58
141.36,74.53
141.40,74.72
141.44,73.39
141.48,73.07
141.52,73.37
141.56,75.46
141.60,72.96
141.64,73.39
141.68,72.80
141.72,73.09
141.76,72.17
141.80,72.03
141.84,71.70
141.88,72.93
141.92,72.33
141.96,71.40
142.00,71.77
142.04,71.68
142.08,71.20
142.12,71.62
142.16,70.33
142.20,69.08
142.24,70.61
142.28,69.03
142.32,70.80
142.36,70.52
142.40,70.53
142.44,68.29
142.48,68.68
142.52,68.88
142.56,67.77
142.60,67.63
142.64,66.68
142.68,68.35
142.72,68.49
142.76,68.64
142.80,67.31
142.84,67.50
142.88,67.41
142.92,68.30
142.96,68.04
143.00,67.29
143.04,68.71
143.08,67.47
143.12,68.13
143.16,69.72
143.20,67.04
143.24,68.87
143.28,67.69
143.32,67.80
143.36,67.36
143.40,67.53
143.44,69.80
143.48,70.53
143.52,67.22
143.56,69.62
143.60,69.71
143.64,68.65
143.68,70.06
143.72,68.84
143.76,68.41
143.80,69.03
143.84,71.34
143.88,70.25
143.92,70.37
143.96,71.51
144.00,69.73
144.04,71.16
144.08,70.91
144.12,71.60
144.16,70.25
144.20,71.13
144.24,72.02
144.28,70.39
144.32,71.58
144.36,72.41
144.40,71.18
144.44,72.31
144.48,74.50
144.52,73.09
144.56,72.58
144.60,72.77
144.64,73.58
144.68,72.52
144.72,72.85
144.76,72.58
144.80,73.83
144.84,72.32
144.88,73.58
144.92,73.67
144.96,73.34
145.00,71.59
145.04,73.86
145.08,73.28
145.12,72.90
145.16,71.87
145.20,74.43
145.24,72.77
145.28,73.63
145.32,72.55
145.36,72.82
145.40,74.23
145.44,72.39
145.48,73.37
145.52,72.49
145.56,72.39
145.60,71.66
145.64,71.14
145.68,71.20
145.72,70.73
145.76,72.07
145.80,71.49
145.84,71.07
145.88,71.07
145.92,70.65
145.96,70.35
146.00,71.88
146.04,69.00
146.08,69.92
146.12,69.36
146.16,69.70
146.20,70.14
146.24,67.63
146.28,69.79
146.32,66.77
146.36,69.60
146.40,68.22
146.44,69.34
146.48,66.95
146.52,66.54
146.56,68.38
146.60,67.71
146.64,68.13
146.68,66.62
146.72,66.84
146.76,67.21
146.80,67.37
146.84,67.60
146.88,67.88
146.92,66.83
146.96,66.50
147.00,67.18
147.04,67.92
147.08,66.98
147.12,67.02
147.16,66.43
147.20,66.41
147.24,67.60
147.28,67.37
147.32,68.59
147.36,67.44
147.40,66.90
147.44,68.37
147.48,66.44
147.52,67.80
147.56,67.66
147.60,68.73
147.64,67.68
147.68,68.07
147.72,68.67
147.76,67.81
147.80,68.76
147.84,68.26
147.88,69.04
147.92,68.87
147.96,68.76
148.00,70.09
148.04,70.38
148.08,72.57
148.12,70.30
148.16,70.97
148.20,71.41
148.24,71.41
148.28,71.81
148.32,72.45
148.36,71.44
148.40,71.26
148.44,71.11
148.48,71.87
148.52,70.69
148.56,69.69
148.60,72.55
148.64,71.82
148.68,72.60
148.72,73.47
148.76,72.88
148.80,71.93
148.84,72.25
148.88,73.43
148.92,71.92
148.96,73.69
149.00,72.54
149.04,72.01
149.08,73.34
149.12,73.12
149.16,72.10
149.20,73.52
149.24,72.77
149.28,73.81
149.32,71.11
149.36,71.89
149.40,72.20
149.44,72.67
149.48,71.55
149.52,69.92
149.56,71.84
149.60,71.46
149.64,70.45
149.68,69.23
149.72,70.13
149.76,70.91
149.80,69.68
149.84,71.06
149.88,69.69
149.92,69.88
149.96,69.49
150.00,70.18
150.04,70.30
150.08,69.64
150.12,68.59
150.16,67.41
150.20,71.11
150.24,66.60
150.28,68.68
150.32,68.73
150.36,68.98
150.40,67.83
150.44,66.30
150.48,67.98
150.52,68.45
150.56,67.58
150.60,68.25
150.64,66.43
150.68,66.79
150.72,67.33
150.76,66.82
150.80,66.02
150.84,68.13
150.88,66.43
150.92,66.29
150.96,65.10
151.00,67.17
151.04,67.18
151.08,65.84
151.12,68.42
151.16,65.03
151.20,66.70
151.24,66.57
151.28,66.57
151.32,66.18
151.36,66.65
151.40,68.69
151.44,65.53
151.48,68.46
151.52,68.31
151.56,66.46
151.60,67.06
151.64,69.43
151.68,69.86
151.72,69.00
151.76,69.56
151.80,67.40
151.84,68.61
151.88,67.64
151.92,67.00
151.96,69.74
152.00,70.28
152.04,68.02
152.08,69.99
152.12,71.09
152.16,70.78
152.20,71.02
152.24,71.39
152.28,70.05
152.32,71.83
152.36,70.09
152.40,73.34
152.44,71.04
152.48,70.74
152.52,72.34
152.56,70.72
152.60,71.09
152.64,72.61
152.68,71.84
152.72,72.43
152.76,72.43
152.80,73.01
152.84,72.52
152.88,72.22
152.92,71.43
152.96,74.21
153.00,72.66
153.04,70.93
153.08,73.24
153.12,72.93
153.16,73.28
153.20,73.30
153.24,73.96
153.28,73.87
153.32,73.40
153.36,72.98
153.40,73.40
153.44,72.80
153.48,73.27
153.52,72.19
153.56,71.17
153.60,72.50
153.64,71.94
153.68,71.24
153.72,72.68
153.76,70.22
153.80,71.79
153.84,69.52
153.88,70.81
153.92,70.50
153.96,69.39
154.00,69.48
154.04,70.55
154.08,70.30
154.12,68.92
154.16,68.30
154.20,66.87
154.24,68.94
154.28,69.42
154.32,68.80
154.36,68.80
154.40,68.17
154.44,67.97
154.48,68.37
154.52,66.25
154.56,68.79
154.60,67.02
154.64,67.77
154.68,67.05
154.72,68.11
154.76,66.99
154.80,68.63
154.84,68.09
154.88,67.65
154.92,67.60
154.96,65.85
155.00,67.10
155.04,66.48
155.08,67.34
155.12,67.48
155.16,67.75
155.20,67.66
155.24,69.09
155.28,67.21
155.32,67.13
155.36,69.85
155.40,67.34
155.44,68.37
155.48,68.27
155.52,69.18
155.56,67.49
155.60,69.12
155.64,67.93
155.68,68.03
155.72,69.14
155.76,67.90
155.80,68.95
155.84,69.79
155.88,70.59
155.92,69.16
155.96,70.24
156.00,71.67
156.04,70.36
156.08,68.98
156.12,71.34
156.16,70.09
156.20,69.20
156.24,72.63
156.28,70.50
156.32,72.64
156.36,71.62
156.40,70.62
156.44,73.01
156.48,74.06
156.52,73.73
156.56,73.72
156.60,74.20
156.64,74.62
156.68,73.27
156.72,73.63
156.76,73.58
156.80,72.83
156.84,72.68
156.88,73.74
156.92,74.38
156.96,74.39
157.00,74.89
157.04,75.17
157.08,74.02
157.12,75.52
157.16,71.90
157.20,72.73
157.24,73.51
157.28,71.18
157.32,74.57
157.36,74.16
157.40,73.03
157.44,72.20
157.48,75.45
157.52,73.87
157.56,74.14
157.60,72.20
157.64,71.86
157.68,72.64
157.72,72.16
157.76,71.31
157.80,71.78
157.84,72.21
157.88,72.07
157.92,72.10
157.96,70.72
158.00,71.80
158.04,70.01
158.08,71.62
158.12,70.57
158.16,70.94
158.20,70.33
158.24,70.57
158.28,69.44
158.32,70.25
158.36,70.78
158.40,69.00
158.44,67.96
158.48,68.91
158.52,70.14
158.56,67.45
158.60,69.22
158.64,70.02
158.68,68.08
158.72,69.41
158.76,68.83
158.80,67.45
158.84,69.54
158.88,67.32
158.92,69.33
158.96,68.88
159.00,69.19
159.04,69.15
159.08,68.78
159.12,68.49
159.16,69.55
159.20,68.79
159.24,68.90
159.28,68.10
159.32,68.75
159.36,68.66
159.40,68.20
159.44,70.35
159.48,69.38
159.52,68.70
159.56,71.31
159.60,68.75
159.64,70.88
159.68,70.02
159.72,69.46
159.76,71.56
159.80,70.88
159.84,71.37
159.88,71.14
159.92,70.35
159.96,73.11
160.00,71.43
160.04,71.52
160.08,70.21
160.12,71.43
160.16,73.90
160.20,74.10
160.24,73.60
160.28,72.63
160.32,73.54
160.36,73.72
160.40,74.91
160.44,73.46
160.48,74.17
160.52,75.53
160.56,73.65
160.60,75.55
160.64,75.23
160.68,74.01
160.72,73.72
160.76,75.01
160.80,75.26
160.84,74.13
160.88,75.52
160.92,75.26
160.96,75.22
161.00,74.21
161.04,76.19
161.08,74.86
161.12,73.82
161.16,73.68
161.20,74.73
161.24,75.79
161.28,74.67
161.32,75.23
161.36,74.71
161.40,74.00
161.44,73.98
161.48,73.87
161.52,72.61
161.56,74.89
161.60,75.60
161.64,72.99
161.68,72.37
161.72,72.36
161.76,73.90
161.80,73.51
161.84,73.27
161.88,73.63
161.92,73.68
161.96,72.79
162.00,71.66
162.04,71.76
162.08,74.80
162.12,71.94
162.16,72.18
162.20,70.00
162.24,71.20
162.28,71.37
162.32,70.61
162.36,71.78
162.40,71.14
162.44,71.34
162.48,69.36
162.52,70.47
162.56,70.87
162.60,69.17
162.64,69.50
162.68,70.99
162.72,71.12
162.76,69.88
162.80,68.95
162.84,69.41
162.88,70.34
162.92,70.74
162.96,70.81
163.00,69.94
163.04,70.02
163.08,70.86
163.12,68.38
163.16,70.68
163.20,71.48
163.24,70.31
163.28,69.77
163.32,70.80
163.36,71.53
163.40,68.87
163.44,71.44
163.48,71.39
163.52,70.38
163.56,71.05
163.60,69.91
163.64,71.34
163.68,73.32
163.72,72.93
163.76,70.69
163.80,73.09
163.84,72.14
163.88,73.70
163.92,73.17
163.96,73.48
164.00,73.46
164.04,74.21
164.08,74.42
164.12,72.61
164.16,72.82
164.20,74.64
164.24,75.41
164.28,75.39
164.32,72.56
164.36,73.24
164.40,76.34
164.44,74.87
164.48,76.72
164.52,74.96
164.56,76.63
164.60,77.20
164.64,76.24
164.68,76.04
164.72,76.79
164.76,75.50
164.80,77.86
164.84,76.76
164.88,78.28
164.92,77.79
164.96,77.31
165.00,77.84
165.04,77.03
165.08,77.93
165.12,75.73
165.16,79.97
165.20,77.88
165.24,76.91
165.28,76.66
165.32,77.32
165.36,76.84
165.40,75.69
165.44,76.24
165.48,75.90
165.52,75.31
165.56,77.80
165.60,74.24
165.64,74.48
165.68,74.33
165.72,75.97
165.76,74.22
165.80,75.68
165.84,74.29
165.88,74.15
165.92,73.63
165.96,72.27
166.00,74.28
166.04,74.36
166.08,76.15
166.12,72.81
166.16,74.00
166.20,74.05
166.24,73.66
166.28,74.16
166.32,72.84
166.36,71.26
166.40,72.16
166.44,72.29
166.48,72.83
166.52,71.48
166.56,71.89
166.60,71.96
166.64,71.89
166.68,70.88
166.72,70.44
166.76,72.05
166.80,70.74
166.84,71.67
166.88,71.07
166.92,70.51
166.96,70.62
167.00,71.03
167.04,71.97
167.08,71.03
167.12,70.41
167.16,71.15
167.20,70.71
167.24,71.87
167.28,72.50
167.32,69.59
167.36,70.93
167.40,72.58
167.44,72.11
167.48,72.40
167.52,70.94
167.56,73.80
167.60,72.83
167.64,72.32
167.68,74.25
167.72,72.34
167.76,73.44
167.80,74.23
167.84,74.36
167.88,74.23
167.92,75.64
167.96,73.67
168.00,73.76
168.04,75.23
168.08,75.45
168.12,75.13
168.16,75.56
168.20,76.37
168.24,74.79
168.28,75.33
168.32,74.80
168.36,75.62
168.40,74.95
168.44,76.11
168.48,76.13
168.52,76.91
168.56,77.22
168.60,77.12
168.64,77.52
168.68,76.57
168.72,76.40
168.76,77.25
168.80,76.09
168.84,78.02
168.88,77.66
168.92,78.20
168.96,77.84
169.00,75.60
169.04,77.25
169.08,78.13
169.12,76.40
169.16,77.12
169.20,77.75
169.24,78.52
169.28,77.12
169.32,78.94
169.36,78.21
169.40,76.48
169.44,76.43
169.48,77.96
169.52,77.44
169.56,76.64
169.60,76.05
169.64,76.28
169.68,74.93
169.72,77.45
169.76,74.19
169.80,75.28
169.84,73.68
169.88,75.99
169.92,75.28
169.96,75.40
170.00,73.62
170.04,74.38
170.08,74.98
170.12,73.42
170.16,73.95
170.20,74.07
170.24,73.07
170.28,74.76
170.32,72.17
170.36,71.15
170.40,71.85
170.44,72.82
170.48,72.88
170.52,72.32
170.56,71.85
170.60,73.03
170.64,71.06
170.68,72.14
170.72,71.83
170.76,72.75
170.80,71.24
170.84,71.81
170.88,71.69
170.92,70.34
170.96,71.17
171.00,71.79
171.04,71.85
171.08,71.28
171.12,71.60
171.16,71.24
171.20,71.37
171.24,71.97
171.28,70.88
171.32,71.81
171.36,73.16
171.40,72.27
171.44,71.55
171.48,71.04
171.52,72.00
171.56,72.34
171.60,72.30
171.64,71.24
171.68,73.92
171.72,71.48
171.76,74.13
171.80,73.55
171.84,73.74
171.88,73.28
171.92,73.62
171.96,74.93
172.00,73.25
172.04,75.10
172.08,75.85
172.12,74.72
172.16,72.84
172.20,74.88
172.24,76.38
172.28,75.06
172.32,75.96
172.36,76.18
172.40,76.10
172.44,74.86
172.48,75.59
172.52,77.18
172.56,75.94
172.60,74.86
172.64,76.22
172.68,76.54
172.72,77.59
172.76,76.98
172.80,76.24
172.84,76.83
172.88,78.37
172.92,79.38
172.96,78.12
173.00,78.38
173.04,77.75
173.08,78.98
173.12,76.86
173.16,76.05
173.20,75.68
173.24,78.17
173.28,78.35
173.32,76.42
173.36,77.36
173.40,75.55
173.44,75.48
173.48,77.48
173.52,77.22
173.56,77.29
173.60,77.25
173.64,73.93
173.68,75.09
173.72,76.41
173.76,74.64
173.80,76.38
173.84,73.56
173.88,74.27
173.92,72.96
173.96,74.40
174.00,74.57
174.04,76.51
174.08,72.51
174.12,73.93
174.16,73.59
174.20,72.11
174.24,73.33
174.28,72.48
174.32,73.35
174.36,70.42
174.40,71.09
174.44,71.97
174.48,70.12
174.52,72.90
174.56,72.59
174.60,73.71
174.64,72.01
174.68,71.16
174.72,71.66
174.76,70.42
174.80,71.69
174.84,71.54
174.88,69.80
174.92,72.19
174.96,70.90
175.00,71.97
175.04,71.44
175.08,70.77
175.12,71.25
175.16,70.88
175.20,72.23
175.24,71.05
175.28,71.00
175.32,71.41
175.36,71.96
175.40,72.00
175.44,70.65
175.48,71.45
175.52,71.76
175.56,72.16
175.60,72.78
175.64,72.88
175.68,71.91
175.72,72.43
175.76,73.91
175.80,73.47
175.84,72.75
175.88,74.01
175.92,72.18
175.96,72.06
176.00,75.40
176.04,73.42
176.08,74.32
176.12,75.68
176.16,74.69
176.20,76.00
176.24,74.65
176.28,75.12
176.32,75.05
176.36,75.49
176.40,74.14
176.44,76.75
176.48,75.40
176.52,75.93
176.56,75.12
176.60,76.12
176.64,76.64
176.68,76.18
176.72,76.03
176.76,77.66
176.80,75.99
176.84,78.04
176.88,75.55
176.92,77.48
176.96,76.29
177.00,77.82
177.04,76.77
177.08,77.93
177.12,77.59
177.16,75.42
177.20,77.07
177.24,76.90
177.28,77.16
177.32,76.74
177.36,76.70
177.40,73.96
177.44,75.54
177.48,75.33
177.52,75.41
177.56,76.25
177.60,76.15
177.64,75.92
177.68,74.63
177.72,74.51
177.76,73.62
177.80,72.47
177.84,74.57
177.88,74.85
177.92,73.62
177.96,74.38
178.00,73.43
178.04,72.60
178.08,72.74
178.12,71.97
178.16,73.41
178.20,71.98
178.24,71.34
178.28,73.31
178.32,72.30
178.36,72.16
178.40,72.13
178.44,71.54
178.48,70.89
178.52,71.86
178.56,70.41
178.60,70.83
178.64,71.92
178.68,71.30
178.72,67.48
178.76,67.55
178.80,67.88
178.84,68.09
178.88,67.28
178.92,66.64
178.96,69.20
179.00,68.12
179.04,66.35
179.08,66.16
179.12,65.48
179.16,65.44
179.20,66.30
179.24,64.93
179.28,67.44
179.32,65.51
179.36,64.87
179.40,65.79
179.44,67.33
179.48,66.96
179.52,66.65
179.56,66.17
179.60,69.09
179.64,68.23
179.68,67.49
179.72,70.44
179.76,72.03
179.80,74.65
179.84,74.11
179.88,76.22
179.92,76.32
179.96,77.47
180.00,79.67
180.04,81.03
180.08,82.53
180.12,82.91
180.16,82.75
180.20,83.62
180.24,85.12
180.28,85.90
180.32,86.09
180.36,86.60
180.40,87.21
180.44,89.30
180.48,88.55
180.52,89.19
180.56,89.46
180.60,90.67
180.64,90.42
180.68,90.96
180.72,90.33
180.76,90.78
180.80,91.81
180.84,92.01
180.88,91.15
180.92,90.92
180.96,93.24
181.00,93.23
181.04,92.85
181.08,91.71
181.12,92.32
181.16,93.71
181.20,92.71
181.24,92.22
181.28,92.33
181.32,93.34
181.36,91.79
181.40,92.15
181.44,92.61
181.48,90.25
181.52,93.42
181.56,91.61
181.60,91.08
181.64,89.13
181.68,91.04
181.72,91.80
181.76,90.77
181.80,90.60
181.84,88.62
181.88,89.84
181.92,88.34
181.96,90.08
182.00,89.11
182.04,89.81
182.08,88.15
182.12,88.20
182.16,88.11
182.20,86.59
182.24,86.99
182.28,86.21
182.32,86.48
182.36,87.05
182.40,86.15
182.44,86.00
182.48,87.31
182.52,84.07
182.56,85.95
182.60,84.60
182.64,84.42
182.68,84.48
182.72,85.90
182.76,85.11
182.80,83.74
182.84,85.05
182.88,85.12
182.92,84.35
182.96,83.37
183.00,82.25
183.04,84.21
183.08,83.91
183.12,83.61
183.16,83.10
183.20,82.04
183.24,81.29
183.28,83.00
183.32,83.98
183.36,81.02
183.40,83.56
183.44,82.90
183.48,83.89
183.52,84.33
183.56,82.03
183.60,82.66
183.64,81.38
183.68,83.18
183.72,83.88
183.76,82.14
183.80,82.66
183.84,83.80
183.88,82.42
183.92,84.27
183.96,82.73
184.00,84.44
184.04,84.59
184.08,82.57
184.12,84.78
184.16,84.19
184.20,84.80
184.24,84.57
184.28,84.36
184.32,84.67
184.36,84.02
184.40,84.49
184.44,82.91
184.48,83.34
184.52,84.06
184.56,83.55
184.60,85.41
184.64,84.71
184.68,83.81
184.72,84.41
184.76,85.28
184.80,85.91
184.84,87.10
184.88,83.56
184.92,83.77
184.96,85.58
185.00,84.90
185.04,84.49
185.08,85.17
185.12,83.56
185.16,82.91
185.20,82.39
185.24,83.28
185.28,82.01
185.32,84.07
185.36,82.60
185.40,81.20
185.44,82.52
185.48,81.78
185.52,83.23
185.56,81.94
185.60,81.65
185.64,81.61
185.68,82.01
185.72,81.01
185.76,80.23
185.80,79.03
185.84,79.90
185.88,79.67
185.92,78.94
185.96,77.79
186.00,78.05
186.04,76.16
186.08,77.43
186.12,79.23
186.16,76.83
186.20,76.35
186.24,78.00
186.28,76.10
186.32,76.44
186.36,76.26
186.40,75.97
186.44,76.27
186.48,75.64
186.52,75.53
186.56,74.44
186.60,75.94
186.64,76.33
186.68,75.24
186.72,75.28
186.76,74.83
186.80,73.50
186.84,73.88
186.88,72.19
186.92,75.72
186.96,71.89
187.00,73.48
187.04,73.93
187.08,75.12
187.12,74.75
187.16,72.99
187.20,74.81
187.24,74.16
187.28,73.78
187.32,74.01
187.36,73.31
187.40,75.13
187.44,73.94
187.48,72.91
187.52,75.06
187.56,74.18
187.60,74.33
187.64,73.93
187.68,74.94
187.72,75.05
187.76,75.25
187.80,75.40
187.84,74.20
187.88,75.90
187.92,75.34
187.96,74.92
188.00,74.45
188.04,75.25
188.08,75.77
188.12,76.58
188.16,76.65
188.20,77.08
188.24,75.32
188.28,76.67
188.32,75.65
188.36,76.29
188.40,76.65
188.44,77.33
188.48,78.38
188.52,75.58
188.56,77.46
188.60,77.87
188.64,77.64
188.68,78.10
188.72,76.55
188.76,77.02
188.80,76.65
188.84,75.96
188.88,76.86
188.92,77.63
188.96,77.11
189.00,76.87
189.04,75.33
189.08,77.93
189.12,77.14
189.16,76.79
189.20,77.75
189.24,74.93
189.28,77.96
189.32,76.50
189.36,76.14
189.40,75.29
189.44,76.17
189.48,74.30
189.52,74.70
189.56,75.33
189.60,75.47
189.64,74.09
189.68,73.82
189.72,74.56
189.76,74.49
189.80,74.30
189.84,73.24
189.88,73.85
189.92,72.14
189.96,72.43
190.00,71.86
190.04,72.84
190.08,71.48
190.12,72.57
190.16,70.00
190.20,72.40
190.24,70.25
190.28,72.03
190.32,72.32
190.36,72.17
190.40,69.61
190.44,70.15
190.48,70.24
190.52,70.71
190.56,70.37
190.60,69.29
190.64,68.54
190.68,69.99
190.72,68.47
190.76,68.67
190.80,69.16
190.84,68.40
190.88,68.19
190.92,69.96
190.96,69.79
191.00,68.81
191.04,69.22
191.08,67.19
191.12,68.97
191.16,68.22
191.20,68.40
191.24,68.88
191.28,69.38
191.32,68.66
191.36,70.01
191.40,69.85
191.44,69.42
191.48,70.24
191.52,68.59
191.56,66.94
191.60,70.60
191.64,69.33
191.68,70.69
191.72,69.51
191.76,69.39
191.80,70.50
191.84,71.42
191.88,70.66
191.92,71.37
191.96,71.62
192.00,70.97
192.04,70.87
192.08,71.08
192.12,71.76
192.16,72.07
192.20,70.68
192.24,72.43
192.28,74.10
192.32,72.98
192.36,73.67
192.40,73.38
192.44,73.06
192.48,71.66
192.52,72.77
192.56,73.89
192.60,73.24
192.64,73.83
192.68,74.73
192.72,74.06
192.76,72.24
192.80,73.62
192.84,73.20
192.88,73.29
192.92,71.96
192.96,74.12
193.00,72.34
193.04,72.84
193.08,74.04
193.12,73.56
193.16,73.14
193.20,73.79
193.24,72.61
193.28,72.85
193.32,71.95
193.36,72.28
193.40,73.75
193.44,71.86
193.48,73.39
193.52,73.42
193.56,71.58
193.60,73.09
193.64,71.87
193.68,71.95
193.72,71.11
193.76,71.16
193.80,69.88
193.84,71.59
193.88,69.98
193.92,72.16
193.96,71.80
194.00,70.25
194.04,69.42
194.08,70.41
194.12,69.37
194.16,70.13
194.20,69.05
194.24,68.10
194.28,68.18
194.32,68.30
194.36,68.13
194.40,67.35
194.44,69.28
194.48,67.57
194.52,65.91
194.56,67.14
194.60,67.74
194.64,66.30
194.68,67.35
194.72,65.65
194.76,66.14
194.80,68.11
194.84,65.88
194.88,65.21
194.92,67.35
194.96,66.67
195.00,67.78
195.04,66.01
195.08,66.38
195.12,68.96
195.16,67.28
195.20,68.87
195.24,66.24
195.28,66.38
195.32,67.05
195.36,66.50
195.40,67.27
195.44,68.97
195.48,67.85
195.52,67.66
195.56,67.89
195.60,71.72
195.64,67.80
195.68,68.52
195.72,68.86
195.76,68.37
195.80,69.11
195.84,70.00
195.88,69.50
195.92,69.05
195.96,69.74
196.00,69.87
196.04,69.71
196.08,68.22
196.12,70.30
196.16,70.18
196.20,70.13
196.24,71.08
196.28,73.62
196.32,69.51
196.36,71.87
196.40,73.03
196.44,72.23
196.48,70.56
196.52,70.37
196.56,70.88
196.60,74.58
196.64,71.88
196.68,73.29
196.72,72.29
196.76,72.51
196.80,71.95
196.84,71.27
196.88,70.12
196.92,73.61
196.96,71.53
197.00,73.23
197.04,72.07
197.08,72.15
197.12,72.97
197.16,71.46
197.20,70.99
197.24,72.11
197.28,72.20
197.32,72.24
197.36,71.11
197.40,72.74
197.44,72.51
197.48,72.14
197.52,74.17
197.56,71.59
197.60,72.17
197.64,72.02
197.68,70.05
197.72,71.88
197.76,70.37
197.80,70.09
197.84,71.14
197.88,71.17
197.92,71.79
197.96,72.34
198.00,70.22
198.04,67.82
198.08,69.05
198.12,68.92
198.16,69.13
198.20,68.84
198.24,69.66
198.28,68.47
198.32,69.15
198.36,69.04
198.40,68.48
198.44,66.75
198.48,68.77
198.52,66.72
198.56,67.74
198.60,68.02
198.64,66.14
198.68,67.01
198.72,66.69
198.76,65.21
198.80,65.94
198.84,66.11
198.88,67.62
198.92,67.55
198.96,66.44
199.00,66.91
199.04,68.41
199.08,67.67
199.12,66.61
199.16,66.89
199.20,67.38
199.24,67.53
199.28,66.16
199.32,67.23
199.36,67.29
199.40,66.62
199.44,68.35
199.48,68.13
199.52,67.72
199.56,69.04
199.60,68.92
199.64,66.26
199.68,69.52
199.72,68.01
199.76,69.07
199.80,68.34
199.84,68.29
199.88,69.13
199.92,70.25
199.96,69.03
200.00,71.09
200.04,70.62
200.08,73.25
200.12,72.38
200.16,69.92
200.20,70.65
200.24,70.66
200.28,73.77
200.32,71.98
200.36,73.16
200.40,73.35
200.44,71.16
200.48,71.89
200.52,71.50
200.56,72.18
200.60,72.56
200.64,72.45
200.68,73.70
200.72,71.36
200.76,73.15
200.80,73.30
200.84,71.39
200.88,74.24
200.92,73.09
200.96,73.86
201.00,73.69
201.04,73.59
201.08,74.62
201.12,74.35
201.16,75.71
201.20,72.92
201.24,73.64
201.28,73.34
201.32,74.06
201.36,72.06
201.40,73.47
201.44,71.84
201.48,71.41
201.52,73.75
201.56,73.00
201.60,71.87
201.64,71.55
201.68,72.10
201.72,71.47
201.76,70.65
201.80,71.74
201.84,70.27
201.88,69.89
201.92,70.55
201.96,70.60
202.00,69.53
202.04,71.32
202.08,70.44
202.12,70.61
202.16,70.04
202.20,69.53
202.24,69.61
202.28,68.86
202.32,68.72
202.36,68.60
202.40,68.66
202.44,67.92
202.48,68.21
202.52,67.01
202.56,69.77
202.60,66.09
202.64,68.02
202.68,68.11
202.72,67.10
202.76,69.33
202.80,68.26
202.84,67.03
202.88,68.38
202.92,65.45
202.96,69.61
203.00,66.88
203.04,69.70
203.08,67.65
203.12,68.58
203.16,68.80
203.20,68.60
203.24,69.85
203.28,69.12
203.32,67.10
203.36,69.12
203.40,68.83
203.44,69.44
203.48,67.90
203.52,69.83
203.56,70.41
203.60,68.94
203.64,69.15
203.68,69.32
203.72,68.39
203.76,70.17
203.80,69.30
203.84,70.00
203.88,69.16
203.92,69.05
203.96,69.32
204.00,71.45
204.04,70.15
204.08,70.42
204.12,71.42
204.16,71.86
204.20,71.85
204.24,72.02
204.28,72.59
204.32,73.40
204.36,73.99
204.40,73.58
204.44,73.04
204.48,72.08
204.52,74.43
204.56,74.17
204.60,73.98
204.64,74.53
204.68,72.87
204.72,73.92
204.76,73.39
204.80,73.13
204.84,73.51
204.88,73.17
204.92,73.89
204.96,74.83
205.00,74.25
205.04,75.19
205.08,75.56
205.12,73.97
205.16,76.10
205.20,74.64
205.24,75.75
205.28,74.71
205.32,74.98
205.36,73.91
205.40,74.07
205.44,75.97
205.48,74.88
205.52,74.10
205.56,72.31
205.60,73.56
205.64,72.19
205.68,71.75
205.72,72.80
205.76,71.56
205.80,72.23
205.84,72.06
205.88,71.98
205.92,73.72
205.96,72.79
206.00,70.92
206.04,72.05
206.08,72.44
206.12,70.26
206.16,71.49
206.20,71.67
206.24,71.41
206.28,70.09
206.32,69.53
206.36,68.83
206.40,70.15
206.44,68.93
206.48,70.24
206.52,69.35
206.56,68.77
206.60,70.33
206.64,69.60
206.68,69.45
206.72,68.78
206.76,68.22
206.80,68.85
206.84,68.11
206.88,68.77
206.92,70.12
206.96,70.37
207.00,69.27
207.04,68.89
207.08,70.00
207.12,71.50
207.16,68.84
207.20,67.85
207.24,69.94
207.28,69.77
207.32,66.66
207.36,70.50
207.40,69.37
207.44,72.06
207.48,70.47
207.52,70.94
207.56,71.11
207.60,68.38
207.64,70.37
207.68,70.88
207.72,72.51
207.76,69.88
207.80,70.47
207.84,71.63
207.88,72.68
207.92,69.96
207.96,74.82
208.00,73.09
208.04,72.39
208.08,74.34
208.12,74.87
208.16,73.67
208.20,71.75
208.24,73.82
208.28,74.29
208.32,75.89
208.36,74.22
208.40,75.34
208.44,75.94
208.48,74.73
208.52,75.72
208.56,76.17
208.60,73.81
208.64,75.72
208.68,73.58
208.72,75.85
208.76,74.91
208.80,74.74
208.84,75.63
208.88,76.55
208.92,74.73
208.96,76.12
209.00,75.62
209.04,75.69
209.08,75.15
209.12,75.61
209.16,76.44
209.20,76.66
209.24,73.58
209.28,72.54
209.32,73.83
209.36,72.07
209.40,72.82
209.44,73.20
209.48,72.01
209.52,70.41
209.56,71.25
209.60,70.74
209.64,69.25
209.68,69.64
209.72,70.33
209.76,69.94
209.80,68.92
209.84,68.07
209.88,69.61
209.92,67.54
209.96,68.29
210.00,68.89
210.04,68.76
210.08,67.89
210.12,69.44
210.16,68.07
210.20,69.21
210.24,68.91
210.28,70.17
210.32,71.16
210.36,73.46
210.40,75.03
210.44,75.54
210.48,73.16
210.52,75.72
210.56,76.68
210.60,77.33
210.64,79.02
210.68,78.70
210.72,78.43
210.76,80.06
210.80,79.81
210.84,80.05
210.88,79.97
210.92,82.24
210.96,80.72
211.00,81.80
211.04,83.00
211.08,84.24
211.12,83.42
211.16,83.42
211.20,84.09
211.24,84.46
211.28,83.88
211.32,84.83
211.36,84.46
211.40,85.34
211.44,85.67
211.48,85.98
211.52,85.42
211.56,84.61
211.60,85.46
211.64,86.60
211.68,86.84
211.72,85.86
211.76,85.83
211.80,86.94
211.84,88.32
211.88,87.01
211.92,89.64
211.96,88.79
212.00,89.19
212.04,87.71
212.08,89.55
212.12,87.88
212.16,88.76
212.20,89.50
212.24,88.57
212.28,90.12
212.32,87.97
212.36,88.87
212.40,90.52
212.44,90.11
212.48,91.45
212.52,90.94
212.56,90.50
212.60,90.28
212.64,91.02
212.68,90.99
212.72,89.45
212.76,91.49
212.80,91.26
212.84,90.54
212.88,90.18
212.92,90.99
212.96,91.68
213.00,91.13
213.04,88.84
213.08,89.50
213.12,91.28
213.16,90.59
213.20,89.29
213.24,88.03
213.28,90.53
213.32,89.97
213.36,89.08
213.40,88.56
213.44,89.08
213.48,87.95
213.52,87.91
213.56,87.11
213.60,87.16
213.64,87.13
213.68,85.41
213.72,86.44
213.76,86.13
213.80,87.13
213.84,84.92
213.88,85.52
213.92,85.51
213.96,83.93
214.00,84.22
214.04,86.49
214.08,84.43
214.12,83.20
214.16,84.78
214.20,83.51
214.24,83.31
214.28,82.15
214.32,82.06
214.36,83.15
214.40,81.65
214.44,81.07
214.48,80.63
214.52,79.83
214.56,80.99
214.60,80.87
214.64,80.12
214.68,80.03
214.72,80.05
214.76,80.15
214.80,80.54
214.84,79.85
214.88,79.74
214.92,80.23
214.96,78.37
215.00,79.92
215.04,80.34
215.08,78.78
215.12,77.90
215.16,78.61
215.20,79.20
215.24,78.39
215.28,80.01
215.32,80.97
215.36,80.13
215.40,78.04
215.44,79.53
215.48,80.41
215.52,79.54
215.56,79.81
215.60,77.98
215.64,80.55
215.68,80.16
215.72,80.08
215.76,80.21
215.80,79.22
215.84,78.61
215.88,79.16
215.92,80.27
215.96,80.51
216.00,80.58
216.04,80.95
216.08,80.72
216.12,80.70
216.16,80.24
216.20,81.24
216.24,80.08
216.28,78.82
216.32,79.96
216.36,81.80
216.40,81.02
216.44,81.79
216.48,81.35
216.52,80.39
216.56,80.67
216.60,82.36
216.64,81.82
216.68,78.83
216.72,81.09
216.76,82.60
216.80,83.47
216.84,80.88
216.88,82.37
216.92,81.45
216.96,82.62
217.00,82.21
217.04,80.72
217.08,81.80
217.12,81.86
217.16,80.75
217.20,80.88
217.24,81.33
217.28,79.92
217.32,80.30
217.36,79.04
217.40,79.22
217.44,79.41
217.48,80.38
217.52,78.37
217.56,78.97
217.60,78.46
217.64,77.49
217.68,77.92
217.72,77.50
217.76,76.50
217.80,78.61
217.84,78.94
217.88,78.07
217.92,75.94
217.96,77.98
218.00,75.73
218.04,77.43
218.08,77.18
218.12,76.68
218.16,76.11
218.20,75.77
218.24,75.37
218.28,74.72
218.32,74.15
218.36,74.73
218.40,75.02
218.44,73.10
218.48,73.11
218.52,72.67
218.56,73.08
218.60,74.30
218.64,72.75
218.68,73.78
218.72,73.80
218.76,71.30
218.80,71.17
218.84,70.63
218.88,72.13
218.92,71.69
218.96,72.48
219.00,71.85
219.04,72.60
219.08,72.02
219.12,71.79
219.16,72.31
219.20,72.10
219.24,71.49
219.28,71.77
219.32,72.64
219.36,72.66
219.40,72.23
219.44,72.11
219.48,71.02
219.52,72.44
219.56,73.13
219.60,72.28
219.64,71.97
219.68,73.19
219.72,74.38
219.76,73.82
219.80,72.71
219.84,72.36
219.88,74.54
219.92,73.15
219.96,73.70
220.00,74.39
220.04,74.80
220.08,74.06
220.12,72.93
220.16,74.21
220.20,74.28
220.24,75.74
220.28,75.30
220.32,74.63
220.36,74.12
220.40,75.34
220.44,73.96
220.48,75.25
220.52,74.85
220.56,77.02
220.60,76.45
220.64,75.20
220.68,74.98
220.72,74.93
220.76,76.39
220.80,76.07
220.84,75.80
220.88,75.75
220.92,75.14
220.96,77.15
221.00,76.41
221.04,74.73
221.08,75.98
221.12,76.21
221.16,75.77
221.20,76.00
221.24,76.18
221.28,74.75
221.32,75.37
221.36,75.21
221.40,73.62
221.44,74.99
221.48,74.50
221.52,74.76
221.56,74.49
221.60,72.89
221.64,73.56
221.68,73.86
221.72,75.42
221.76,71.54
221.80,73.07
221.84,72.24
221.88,72.99
221.92,71.56
221.96,72.81
222.00,70.48
222.04,72.04
222.08,71.37
222.12,72.66
222.16,70.12
222.20,70.21
222.24,70.99
222.28,71.12
222.32,70.21
222.36,69.83
222.40,68.24
222.44,70.11
222.48,70.04
222.52,68.12
222.56,69.45
222.60,70.74
222.64,69.07
222.68,68.60
222.72,67.75
222.76,67.67
222.80,68.50
222.84,68.92
222.88,66.85
222.92,69.52
222.96,67.10
223.00,66.25
223.04,67.78
223.08,66.52
223.12,67.62
223.16,66.12
223.20,69.05
223.24,67.63
223.28,67.35
223.32,67.26
223.36,66.67
223.40,65.72
223.44,67.92
223.48,68.89
223.52,68.20
223.56,68.24
223.60,69.07
223.64,69.00
223.68,69.25
223.72,69.10
223.76,69.21
223.80,69.53
223.84,70.43
223.88,69.76
223.92,70.45
223.96,69.66
224.00,69.01
224.04,69.53
224.08,69.19
224.12,69.89
224.16,71.49
224.20,70.28
224.24,70.29
224.28,70.76
224.32,71.31
224.36,72.09
224.40,72.45
224.44,71.64
224.48,71.62
224.52,71.97
224.56,73.32
224.60,72.53
224.64,73.31
224.68,72.89
224.72,70.86
224.76,70.62
224.80,73.21
224.84,71.74
224.88,72.39
224.92,72.91
224.96,72.83
225.00,72.02
225.04,72.89
225.08,72.41
225.12,71.97
225.16,72.54
225.20,71.28
225.24,71.06
225.28,70.74
225.32,71.27
225.36,71.23
225.40,70.14
225.44,70.37
225.48,71.78
225.52,72.41
225.56,71.18
225.60,71.87
225.64,69.29
225.68,69.58
225.72,70.10
225.76,70.19
225.80,70.43
225.84,68.66
225.88,69.05
225.92,68.31
225.96,69.38
226.00,66.93
226.04,66.98
226.08,69.53
226.12,66.99
226.16,67.07
226.20,68.20
226.24,66.94
226.28,67.00
226.32,67.68
226.36,67.08
226.40,66.56
226.44,66.41
226.48,66.75
226.52,67.12
226.56,65.35
226.60,64.67
226.64,64.94
226.68,66.65
226.72,64.14
226.76,64.12
226.80,65.31
226.84,65.57
226.88,63.47
226.92,65.31
226.96,64.05
227.00,65.16
227.04,63.22
227.08,64.91
227.12,64.73
227.16,66.31
227.20,64.25
227.24,65.41
227.28,66.20
227.32,65.38
227.36,64.50
227.40,65.39
227.44,64.51
227.48,63.68
227.52,66.02
227.56,66.11
227.60,64.19
227.64,65.56
227.68,65.11
227.72,65.81
227.76,66.13
227.80,65.74
227.84,67.81
227.88,67.08
227.92,66.64
227.96,68.81
228.00,66.94
228.04,69.60
228.08,66.69
228.12,68.61
228.16,69.02
228.20,67.58
228.24,67.67
228.28,68.96
228.32,69.05
228.36,68.19
228.40,68.00
228.44,68.42
228.48,68.37
228.52,68.96
228.56,69.81
228.60,69.07
228.64,68.55
228.68,69.04
228.72,71.05
228.76,70.02
228.80,69.28
228.84,69.16
228.88,70.77
228.92,70.69
228.96,69.98
229.00,70.26
229.04,68.65
229.08,68.28
229.12,68.79
229.16,69.71
229.20,70.07
229.24,70.08
229.28,69.75
229.32,69.73
229.36,68.51
229.40,69.03
229.44,69.02
229.48,69.81
229.52,68.20
229.56,69.50
229.60,68.88
229.64,66.71
229.68,68.57
229.72,69.47
229.76,68.00
229.80,68.58
229.84,66.22
229.88,66.61
229.92,66.02
229.96,67.15
230.00,67.01
230.04,65.68
230.08,65.29
230.12,65.69
230.16,66.25
230.20,67.35
230.24,66.32
230.28,65.31
230.32,65.76
230.36,64.75
230.40,64.11
230.44,64.31
230.48,63.14
230.52,64.02
230.56,64.01
230.60,63.89
230.64,63.97
230.68,62.95
230.72,63.04
230.76,64.43
230.80,63.74
230.84,63.09
230.88,64.03
230.92,63.70
230.96,64.92
231.00,63.90
231.04,63.36
231.08,63.64
231.12,63.49
231.16,63.47
231.20,62.88
231.24,62.07
231.28,63.58
231.32,65.64
231.36,63.47
231.40,62.81
231.44,63.91
231.48,64.99
231.52,65.21
231.56,64.28
231.60,65.11
231.64,64.34
231.68,64.40
231.72,65.87
231.76,66.38
231.80,66.76
231.84,65.67
231.88,66.73
231.92,65.58
231.96,65.96
232.00,66.88
232.04,67.22
232.08,66.72
232.12,66.14
232.16,67.85
232.20,68.06
232.24,67.94
232.28,68.29
232.32,70.00
232.36,68.85
232.40,68.83
232.44,67.98
232.48,69.11
232.52,69.84
232.56,70.19
232.60,70.19
232.64,70.67
232.68,68.76
232.72,71.64
232.76,71.11
232.80,70.94
232.84,69.94
232.88,70.18
232.92,69.95
232.96,70.34
233.00,69.46
233.04,68.97
233.08,69.11
233.12,70.79
233.16,68.93
233.20,68.74
233.24,71.03
233.28,71.01
233.32,68.22
233.36,69.47
233.40,69.13
233.44,68.95
233.48,69.58
233.52,69.67
233.56,68.48
233.60,68.73
233.64,68.25
233.68,69.20
233.72,68.92
233.76,68.82
233.80,67.76
233.84,66.10
233.88,69.72
233.92,67.40
233.96,67.85
234.00,67.48
234.04,68.06
234.08,66.27
234.12,65.57
234.16,68.09
234.20,65.46
234.24,65.48
234.28,66.15
234.32,64.06
234.36,66.55
234.40,66.28
234.44,66.86
234.48,66.26
234.52,64.16
234.56,65.09
234.60,66.88
234.64,63.99
234.68,64.42
234.72,64.99
234.76,64.24
234.80,65.15
234.84,64.62
234.88,65.82
234.92,65.31
234.96,63.42
235.00,64.75
235.04,65.36
235.08,65.74
235.12,65.21
235.16,66.10
235.20,63.16
235.24,66.22
235.28,64.75
235.32,63.69
235.36,64.88
235.40,65.55
235.44,64.49
235.48,65.20
235.52,64.96
235.56,66.92
235.60,66.64
235.64,64.68
235.68,66.26
235.72,66.57
235.76,69.35
235.80,66.43
235.84,65.71
235.88,68.17
235.92,67.42
235.96,69.08
236.00,67.96
236.04,69.40
236.08,69.32
236.12,67.87
236.16,68.29
236.20,68.23
236.24,69.49
236.28,68.40
236.32,67.73
236.36,67.27
236.40,67.11
236.44,67.82
236.48,68.04
236.52,67.46
236.56,68.16
236.60,66.17
236.64,68.43
236.68,67.10
236.72,66.55
236.76,67.14
236.80,68.45
236.84,66.48
236.88,68.49
236.92,66.90
236.96,66.31
237.00,67.49
237.04,68.91
237.08,69.19
237.12,68.54
237.16,66.28
237.20,67.67
237.24,67.37
237.28,68.81
237.32,71.15
237.36,72.53
237.40,71.95
237.44,72.89
237.48,72.89
237.52,74.35
237.56,76.64
237.60,75.81
237.64,75.67
237.68,77.01
237.72,76.37
237.76,77.67
237.80,77.96
237.84,77.46
237.88,81.26
237.92,79.80
237.96,79.88
238.00,80.00
238.04,80.14
238.08,81.67
238.12,80.71
238.16,80.26
238.20,81.13
238.24,82.18
238.28,79.46
238.32,80.46
238.36,80.84
238.40,79.29
238.44,79.44
238.48,79.22
238.52,78.97
238.56,79.12
238.60,79.22
238.64,80.43
238.68,81.06
238.72,80.64
238.76,79.45
238.80,81.97
238.84,79.87
238.88,78.36
238.92,82.26
238.96,79.95
239.00,80.26
239.04,79.10
239.08,80.54
239.12,78.81
239.16,79.72
239.20,79.71
239.24,81.00
239.28,79.75
239.32,81.08
239.36,82.14
239.40,80.31
239.44,79.06
239.48,80.44
239.52,78.99
239.56,78.96
239.60,80.87
239.64,81.84
239.68,81.61
239.72,79.54
239.76,80.99
239.80,81.49
239.84,81.60
239.88,81.32
239.92,82.26
239.96,81.32
240.00,81.31
240.04,82.32
240.08,82.65
240.12,83.47
240.16,82.56
240.20,83.21
240.24,82.32
240.28,82.56
240.32,83.83
240.36,83.58
240.40,82.88
240.44,86.40
240.48,84.96
240.52,83.74
240.56,83.44
240.60,85.11
240.64,85.05
240.68,82.50
240.72,83.53
240.76,83.53
240.80,84.23
240.84,83.04
240.88,84.10
240.92,85.03
240.96,83.13
241.00,84.19
241.04,84.25
241.08,83.04
241.12,82.96
241.16,83.25
241.20,83.98
241.24,83.09
241.28,83.65
241.32,82.12
241.36,83.06
241.40,82.92
241.44,83.12
241.48,82.30
241.52,81.97
241.56,83.73
241.60,80.87
241.64,81.72
241.68,80.32
241.72,82.28
241.76,81.41
241.80,79.31
241.84,80.02
241.88,79.04
241.92,80.84
241.96,79.53
242.00,81.46
242.04,78.37
242.08,78.97
242.12,79.10
242.16,78.33
242.20,78.44
242.24,78.51
242.28,76.69
242.32,78.19
242.36,76.95
242.40,77.07
242.44,74.91
242.48,78.75
242.52,75.80
242.56,75.38
242.60,75.63
242.64,75.03
242.68,75.46
242.72,76.23
242.76,76.74
242.80,75.98
242.84,75.37
242.88,76.17
242.92,74.77
242.96,74.55
243.00,73.92
243.04,73.45
243.08,74.02
243.12,75.01
243.16,75.96
243.20,74.50
243.24,75.32
243.28,74.95
243.32,76.20
243.36,75.38
243.40,75.35
243.44,75.82
243.48,75.02
243.52,75.17
243.56,76.30
243.60,75.28
243.64,76.60
243.68,76.81
243.72,75.94
243.76,75.43
243.80,75.94
243.84,75.87
243.88,76.53
243.92,77.66
243.96,77.36
244.00,76.32
244.04,76.71
244.08,77.23
244.12,78.85
244.16,77.06
244.20,79.58
244.24,77.08
244.28,76.32
244.32,78.48
244.36,78.72
244.40,78.50
244.44,78.72
244.48,79.28
244.52,78.03
244.56,80.07
244.60,78.72
244.64,79.43
244.68,78.59
244.72,79.93
244.76,80.38
244.80,79.74
244.84,78.65
244.88,78.84
244.92,79.47
244.96,79.20
245.00,79.70
245.04,78.74
245.08,80.78
245.12,80.66
245.16,77.84
245.20,78.32
245.24,80.68
245.28,80.66
245.32,80.38
245.36,79.01
245.40,77.52
245.44,77.17
245.48,78.75
245.52,78.75
245.56,79.28
245.60,79.30
245.64,77.15
245.68,76.29
245.72,76.61
245.76,75.95
245.80,77.71
245.84,76.14
245.88,77.49
245.92,76.58
245.96,77.44
246.00,74.74
246.04,76.41
246.08,76.42
246.12,75.12
246.16,75.12
246.20,75.68
246.24,74.46
246.28,72.93
246.32,74.49
246.36,75.05
246.40,74.02
246.44,72.89
246.48,72.40
246.52,72.35
246.56,73.03
246.60,71.36
246.64,73.39
246.68,71.89
246.72,72.90
246.76,73.18
246.80,71.92
246.84,74.23
246.88,72.07
246.92,73.83
246.96,71.78
247.00,71.75
247.04,73.73
247.08,71.32
247.12,72.46
247.16,71.81
247.20,72.24
247.24,73.24
247.28,72.26
247.32,72.16
247.36,72.34
247.40,72.89
247.44,73.58
247.48,73.02
247.52,73.45
247.56,72.25
247.60,72.88
247.64,72.30
247.68,73.32
247.72,74.65
247.76,74.47
247.80,75.01
247.84,75.38
247.88,72.96
247.92,75.51
247.96,76.50
248.00,76.26
248.04,74.44
248.08,74.99
248.12,75.85
248.16,75.16
248.20,75.83
248.24,76.24
248.28,76.46
248.32,77.60
248.36,75.07
248.40,77.10
248.44,76.28
248.48,75.66
248.52,75.50
248.56,76.21
248.60,77.89
248.64,78.12
248.68,77.13
248.72,77.09
248.76,77.58
248.80,76.37
248.84,77.50
248.88,77.48
248.92,77.80
248.96,76.07
249.00,76.64
249.04,77.34
249.08,79.64
249.12,77.33
249.16,78.66
249.20,77.49
249.24,77.12
249.28,78.20
249.32,76.54
249.36,76.96
249.40,76.27
249.44,77.72
249.48,74.40
249.52,76.90
249.56,76.01
249.60,77.84
249.64,76.46
249.68,76.76
249.72,76.75
249.76,74.88
249.80,75.63
249.84,75.71
249.88,75.43
249.92,74.24
249.96,74.60
250.00,74.29
250.04,74.82
250.08,73.47
250.12,73.49
250.16,73.28
250.20,73.90
250.24,73.56
250.28,72.53
250.32,73.99
250.36,73.44
250.40,73.08
250.44,71.48
250.48,72.49
250.52,71.56
250.56,73.58
250.60,71.63
250.64,73.06
250.68,71.37
250.72,71.65
250.76,71.51
250.80,70.77
250.84,71.11
250.88,71.39
250.92,72.16
250.96,70.64
251.00,70.72
251.04,71.17
251.08,71.53
251.12,71.92
251.16,70.07
251.20,70.63
251.24,71.61
251.28,71.74
251.32,71.86
251.36,72.25
251.40,71.38
251.44,70.25
251.48,71.24
251.52,74.28
251.56,72.01
251.60,72.77
251.64,71.47
251.68,72.34
251.72,73.73
251.76,73.33
251.80,72.76
251.84,73.73
251.88,72.97
251.92,72.43
251.96,73.41
252.00,75.37
252.04,73.80
252.08,73.97
252.12,75.11
252.16,75.53
252.20,75.14
252.24,75.40
252.28,74.60
252.32,76.49
252.36,74.96
252.40,74.34
252.44,76.68
252.48,75.38
252.52,74.85
252.56,77.79
252.60,76.50
252.64,77.35
252.68,77.17
252.72,76.46
252.76,74.90
252.80,75.41
252.84,75.96
252.88,76.84
252.92,76.38
252.96,77.19
253.00,77.10
253.04,76.43
253.08,76.45
253.12,74.63
253.16,74.48
253.20,77.77
253.24,75.75
253.28,77.20
253.32,75.94
253.36,76.20
253.40,74.92
253.44,75.75
253.48,74.43
253.52,75.21
253.56,75.27
253.60,74.35
253.64,75.42
253.68,75.33
253.72,75.63
253.76,74.48
253.80,73.59
253.84,75.10
253.88,73.90
253.92,74.03
253.96,72.60
254.00,72.80
254.04,73.56
254.08,71.72
254.12,72.22
254.16,72.49
254.20,70.88
254.24,72.55
254.28,73.18
254.32,73.61
254.36,71.17
254.40,72.92
254.44,70.37
254.48,70.91
254.52,70.68
254.56,69.76
254.60,68.79
254.64,69.82
254.68,69.80
254.72,70.79
254.76,70.66
254.80,70.74
254.84,68.90
254.88,71.35
254.92,70.30
254.96,71.37
255.00,68.82
255.04,70.32
255.08,70.07
255.12,70.09
255.16,71.18
255.20,69.12
255.24,68.66
255.28,69.46
255.32,68.16
255.36,71.37
255.40,73.00
255.44,71.57
255.48,71.85
255.52,71.02
255.56,69.49
255.60,69.32
255.64,70.37
255.68,71.26
255.72,71.63
255.76,69.90
255.80,72.64
255.84,71.85
255.88,71.70
255.92,73.50
255.96,73.18
256.00,71.66
256.04,73.69
256.08,72.31
256.12,71.78
256.16,73.34
256.20,72.46
256.24,72.95
256.28,73.30
256.32,74.80
256.36,74.54
256.40,74.24
256.44,75.50
256.48,74.03
256.52,74.84
256.56,73.85
256.60,74.04
256.64,75.03
256.68,75.89
256.72,74.04
256.76,74.68
256.80,76.11
256.84,75.10
256.88,75.74
256.92,74.96
256.96,74.25
257.00,73.12
257.04,75.90
257.08,75.04
257.12,74.23
257.16,74.13
257.20,75.31
257.24,76.66
257.28,73.50
257.32,73.51
257.36,75.48
257.40,74.78
257.44,74.35
257.48,73.35
257.52,74.61
257.56,72.75
257.60,73.76
257.64,74.64
257.68,71.54
257.72,75.48
257.76,72.85
257.80,72.17
257.84,74.08
257.88,72.92
257.92,70.78
257.96,70.60
258.00,72.19
258.04,71.06
258.08,72.15
258.12,69.77
258.16,69.62
258.20,70.12
258.24,68.74
258.28,70.09
258.32,71.07
258.36,70.10
258.40,68.57
258.44,69.87
258.48,67.33
258.52,69.65
258.56,68.38
258.60,70.41
258.64,68.83
258.68,69.42
258.72,68.40
258.76,68.90
258.80,67.55
258.84,66.90
258.88,68.45
258.92,67.96
258.96,69.00
259.00,68.17
259.04,67.44
259.08,68.26
259.12,68.86
259.16,69.45
259.20,66.90
259.24,67.72
259.28,67.90
259.32,69.38
259.36,69.52
259.40,68.74
259.44,68.10
259.48,68.36
259.52,69.23
259.56,68.42
259.60,70.06
259.64,69.53
259.68,70.49
259.72,70.98
259.76,69.25
259.80,69.59
259.84,70.38
259.88,70.87
259.92,71.73
259.96,72.36
260.00,70.53
260.04,70.23
260.08,70.53
260.12,70.58
260.16,72.93
260.20,71.05
260.24,73.34
260.28,71.35
260.32,71.50
260.36,71.54
260.40,71.57
260.44,72.70
260.48,73.69
260.52,74.31
260.56,74.14
260.60,73.12
260.64,72.90
260.68,72.51
260.72,73.04
260.76,73.70
260.80,72.86
260.84,73.01
260.88,75.33
260.92,73.28
260.96,74.23
261.00,74.15
261.04,74.25
261.08,75.34
261.12,76.06
261.16,74.62
261.20,73.25
261.24,74.02
261.28,72.61
261.32,74.95
261.36,72.79
261.40,73.49
261.44,72.87
261.48,72.39
261.52,72.14
261.56,72.24
261.60,74.75
261.64,74.08
261.68,70.97
261.72,70.33
261.76,71.10
261.80,71.66
261.84,71.85
261.88,71.10
261.92,71.88
261.96,69.90
262.00,70.17
262.04,72.80
262.08,70.25
262.12,68.62
262.16,70.34
262.20,68.85
262.24,70.45
262.28,69.22
262.32,68.27
262.36,69.06
262.40,68.09
262.44,68.21
262.48,67.35
262.52,68.63
262.56,66.95
262.60,67.38
262.64,68.85
262.68,68.87
262.72,68.32
262.76,67.72
262.80,68.47
262.84,67.73
262.88,68.62
262.92,65.94
262.96,68.41
263.00,66.01
263.04,67.24
263.08,67.58
263.12,68.33
263.16,66.80
263.20,67.99
263.24,67.26
263.28,67.45
263.32,67.23
263.36,67.84
263.40,67.33
263.44,68.80
263.48,67.21
263.52,66.98
263.56,68.40
263.60,69.11
263.64,69.82
263.68,69.09
263.72,69.07
263.76,70.88
263.80,69.00
263.84,68.99
263.88,68.50
263.92,69.22
263.96,70.36
264.00,71.23
264.04,69.85
264.08,70.17
264.12,70.09
264.16,71.53
264.20,70.02
264.24,71.65
264.28,71.27
264.32,70.49
264.36,71.02
264.40,72.10
264.44,72.80
264.48,71.04
264.52,70.79
264.56,71.88
264.60,71.97
264.64,72.42
264.68,74.16
264.72,74.05
264.76,72.60
264.80,72.34
264.84,72.95
264.88,73.56
264.92,73.10
264.96,73.18
265.00,74.16
265.04,71.07
265.08,73.20
265.12,71.78
265.16,72.50
265.20,74.31
265.24,71.92
265.28,73.83
265.32,72.52
265.36,74.00
265.40,73.76
265.44,71.58
265.48,72.55
265.52,71.98
265.56,71.21
265.60,71.20
265.64,70.59
265.68,71.99
265.72,71.14
265.76,69.91
265.80,70.62
265.84,69.92
265.88,69.56
265.92,69.99
265.96,71.39
266.00,70.23
266.04,68.66
266.08,69.36
266.12,69.65
266.16,68.13
266.20,68.64
266.24,68.21
266.28,68.36
266.32,67.82
266.36,68.55
266.40,69.56
266.44,65.62
266.48,65.72
266.52,65.24
266.56,67.01
266.60,64.73
266.64,64.82
266.68,62.47
266.72,64.75
266.76,63.40
266.80,62.54
266.84,63.22
266.88,64.71
266.92,63.33
266.96,62.54
267.00,64.20
267.04,63.23
267.08,64.72
267.12,64.12
267.16,62.25
267.20,62.48
267.24,66.18
267.28,63.27
267.32,65.29
267.36,63.74
267.40,65.23
267.44,66.34
267.48,66.30
267.52,69.01
267.56,69.82
267.60,70.87
267.64,70.85
267.68,72.86
267.72,73.23
267.76,75.45
267.80,76.42
267.84,76.68
267.88,75.43
267.92,76.45
267.96,77.15
268.00,79.82
268.04,77.52
268.08,80.38
268.12,79.93
268.16,80.03
268.20,81.62
268.24,81.10
268.28,81.49
268.32,81.01
268.36,81.74
268.40,83.09
268.44,81.13
268.48,82.92
268.52,82.51
268.56,82.12
268.60,82.48
268.64,83.12
268.68,84.36
268.72,84.28
268.76,84.70
268.80,85.28
268.84,86.03
268.88,85.37
268.92,85.25
268.96,83.46
269.00,86.69
269.04,82.26
269.08,84.87
269.12,86.01
269.16,84.48
269.20,84.36
269.24,84.20
269.28,84.77
269.32,84.65
269.36,83.19
269.40,85.42
269.44,84.18
269.48,83.88
269.52,84.01
269.56,83.73
269.60,83.69
269.64,82.18
269.68,83.49
269.72,83.20
269.76,82.25
269.80,83.06
269.84,81.38
269.88,82.49
269.92,79.86
269.96,78.26
270.00,80.51
270.04,81.97
270.08,80.70
270.12,78.20
270.16,79.63
270.20,80.34
270.24,79.26
270.28,79.99
270.32,79.06
270.36,77.38
270.40,78.03
270.44,78.09
270.48,78.51
270.52,77.65
270.56,77.09
270.60,77.16
270.64,76.93
270.68,77.19
270.72,77.50
270.76,77.79
270.80,76.06
270.84,76.82
270.88,76.76
270.92,76.05
270.96,75.42
271.00,77.02
271.04,75.92
271.08,76.73
271.12,75.94
271.16,76.09
271.20,76.35
271.24,76.36
271.28,77.10
271.32,77.72
271.36,75.51
271.40,75.42
271.44,76.71
271.48,78.38
271.52,76.82
271.56,77.37
271.60,76.75
271.64,76.26
271.68,76.73
271.72,76.56
271.76,77.10
271.80,77.14
271.84,78.34
271.88,78.76
271.92,77.65
271.96,77.57
272.00,78.86
272.04,77.75
272.08,76.32
272.12,78.67
272.16,77.97
272.20,78.25
272.24,78.40
272.28,77.33
272.32,78.29
272.36,77.17
272.40,79.25
272.44,79.41
272.48,78.52
272.52,79.90
272.56,79.37
272.60,79.85
272.64,80.56
272.68,79.62
272.72,80.20
272.76,78.83
272.80,79.52
272.84,79.69
272.88,78.90
272.92,78.37
272.96,78.29
273.00,78.53
273.04,78.96
273.08,78.45
273.12,80.18
273.16,77.10
273.20,80.07
273.24,78.80
273.28,79.25
273.32,78.55
273.36,78.09
273.40,78.15
273.44,77.91
273.48,76.92
273.52,76.36
273.56,77.38
273.60,76.52
273.64,77.90
273.68,76.27
273.72,76.35
273.76,75.99
273.80,76.51
273.84,76.23
273.88,76.65
273.92,75.73
273.96,75.54
274.00,75.63
274.04,76.41
274.08,75.11
274.12,73.28
274.16,74.08
274.20,75.04
274.24,73.96
274.28,73.92
274.32,72.20
274.36,73.26
274.40,74.21
274.44,72.77
274.48,72.92
274.52,72.09
274.56,73.45
274.60,72.41
274.64,73.10
274.68,72.32
274.72,71.43
274.76,70.99
274.80,72.98
274.84,72.24
274.88,71.54
274.92,70.54
274.96,72.28
275.00,71.86
275.04,71.02
275.08,70.78
275.12,71.40
275.16,71.52
275.20,71.13
275.24,71.93
275.28,70.76
275.32,71.13
275.36,72.28
275.40,71.10
275.44,72.98
275.48,73.79
275.52,70.49
275.56,72.23
275.60,72.76
275.64,71.97
275.68,71.83
275.72,75.39
275.76,73.37
275.80,74.85
275.84,73.90
275.88,73.44
275.92,73.86
275.96,74.13
276.00,73.81
276.04,72.08
276.08,72.74
276.12,73.25
276.16,74.35
276.20,73.41
276.24,73.90
276.28,74.20
276.32,73.64
276.36,76.28
276.40,76.68
276.44,75.57
276.48,75.11
276.52,76.30
276.56,76.04
276.60,76.58
276.64,77.83
276.68,75.61
276.72,77.16
276.76,78.24
276.80,75.84
276.84,76.33
276.88,76.42
276.92,76.42
276.96,75.70
277.00,76.23
277.04,75.24
277.08,76.96
277.12,77.15
277.16,76.85
277.20,76.62
277.24,76.16
277.28,77.81
277.32,76.04
277.36,74.47
277.40,78.18
277.44,75.25
277.48,75.52
277.52,76.06
277.56,76.45
277.60,74.67
277.64,75.82
277.68,76.01
277.72,74.62
277.76,74.20
277.80,74.31
277.84,75.42
277.88,74.03
277.92,73.34
277.96,72.68
278.00,72.85
278.04,72.19
278.08,75.64
278.12,71.92
278.16,71.28
278.20,70.42
278.24,72.21
278.28,71.75
278.32,72.20
278.36,71.35
278.40,71.79
278.44,70.69
278.48,70.41
278.52,70.93
278.56,72.51
278.60,69.98
278.64,70.51
278.68,71.19
278.72,69.54
278.76,69.87
278.80,68.68
278.84,70.79
278.88,71.20
278.92,70.19
278.96,72.37
279.00,70.68
279.04,70.27
279.08,69.61
279.12,70.07
279.16,70.28
279.20,70.12
279.24,69.14
279.28,70.16
279.32,70.64
279.36,71.24
279.40,69.85
279.44,70.99
279.48,70.46
279.52,71.18
279.56,71.66
279.60,71.73
279.64,71.94
279.68,71.52
279.72,70.73
279.76,71.25
279.80,71.00
279.84,73.59
279.88,71.55
279.92,72.65
279.96,72.54
280.00,72.71
280.04,72.94
280.08,73.03
280.12,71.06
280.16,74.20
280.20,75.86
280.24,74.25
280.28,74.19
280.32,75.80
280.36,74.15
280.40,73.62
280.44,75.58
280.48,75.87
280.52,75.50
280.56,74.59
280.60,76.55
280.64,76.58
280.68,75.04
280.72,75.87
280.76,74.81
280.80,74.99
280.84,76.35
280.88,76.06
280.92,76.21
280.96,76.39
281.00,75.74
281.04,77.45
281.08,76.83
281.12,74.76
281.16,76.27
281.20,76.36
281.24,75.50
281.28,75.39
281.32,76.83
281.36,76.79
281.40,74.53
281.44,74.78
281.48,77.72
281.52,76.01
281.56,75.39
281.60,76.12
281.64,75.77
281.68,76.73
281.72,75.87
281.76,74.75
281.80,73.14
281.84,73.67
281.88,72.92
281.92,71.97
281.96,73.43
282.00,75.00
282.04,71.76
282.08,72.32
282.12,72.09
282.16,73.03
282.20,70.52
282.24,74.22
282.28,71.85
282.32,70.81
282.36,72.16
282.40,73.98
282.44,72.75
282.48,71.75
282.52,72.08
282.56,71.67
282.60,71.13
282.64,71.05
282.68,70.93
282.72,70.03
282.76,70.82
282.80,70.07
282.84,71.16
282.88,71.34
282.92,72.84
282.96,71.58
283.00,69.76
283.04,71.97
283.08,72.58
283.12,71.34
283.16,70.26
283.20,70.88
283.24,69.89
283.28,70.64
283.32,71.94
283.36,70.30
283.40,72.30
283.44,73.12
283.48,71.00
283.52,70.85
283.56,72.05
283.60,71.03
283.64,70.70
283.68,72.36
283.72,72.37
283.76,73.46
283.80,72.96
283.84,72.11
283.88,73.81
283.92,75.47
283.96,73.89
284.00,73.34
284.04,73.39
284.08,74.35
284.12,74.04
284.16,74.37
284.20,74.09
284.24,74.87
284.28,74.97
284.32,73.93
284.36,75.29
284.40,75.62
284.44,76.26
284.48,76.47
284.52,77.20
284.56,76.79
284.60,75.62
284.64,77.46
284.68,78.07
284.72,77.33
284.76,75.98
284.80,76.77
284.84,78.32
284.88,76.47
284.92,76.86
284.96,76.90
285.00,76.84
285.04,76.23
285.08,77.59
285.12,77.19
285.16,75.92
285.20,78.24
285.24,75.38
285.28,77.16
285.32,77.17
285.36,76.99
285.40,76.83
285.44,76.49
285.48,75.53
285.52,75.02
285.56,76.13
285.60,75.26
285.64,74.34
285.68,76.71
285.72,76.20
285.76,77.45
285.80,77.56
285.84,77.46
285.88,74.14
285.92,74.61
285.96,73.86
286.00,73.74
286.04,75.22
286.08,74.33
286.12,73.21
286.16,74.48
286.20,72.77
286.24,73.07
286.28,73.53
286.32,73.80
286.36,73.39
286.40,71.01
286.44,71.91
286.48,73.92
286.52,71.88
286.56,71.72
286.60,72.93
286.64,71.51
286.68,72.34
286.72,72.56
286.76,72.81
286.80,71.23
286.84,70.94
286.88,71.67
286.92,71.73
286.96,72.17
287.00,72.55
287.04,70.97
287.08,71.07
287.12,71.84
287.16,71.12
287.20,72.65
287.24,70.71
287.28,70.75
287.32,71.02
287.36,72.52
287.40,72.67
287.44,72.20
287.48,73.07
287.52,71.69
287.56,72.64
287.60,72.29
287.64,72.61
287.68,73.52
287.72,71.61
287.76,72.57
287.80,73.70
287.84,75.03
287.88,73.12
287.92,74.43
287.96,74.37
288.00,75.18
288.04,74.31
288.08,74.74
288.12,75.00
288.16,75.08
288.20,74.29
288.24,76.57
288.28,77.01
288.32,76.30
288.36,77.92
288.40,77.50
288.44,76.31
288.48,77.57
288.52,74.57
288.56,77.02
288.60,76.32
288.64,78.05
288.68,76.12
288.72,78.08
288.76,77.32
288.80,78.16
288.84,76.48
288.88,78.32
288.92,78.02
288.96,77.43
289.00,77.58
289.04,76.51
289.08,76.32
289.12,79.69
289.16,77.88
289.20,77.18
289.24,77.76
289.28,76.44
289.32,78.11
289.36,76.09
289.40,78.65
289.44,78.54
289.48,77.25
289.52,76.62
289.56,76.51
289.60,77.05
289.64,76.60
289.68,76.39
289.72,75.08
289.76,78.19
289.80,76.95
289.84,76.16
289.88,75.29
289.92,74.73
289.96,74.44
290.00,75.45
290.04,74.57
290.08,74.79
290.12,74.47
290.16,73.85
290.20,73.25
290.24,72.94
290.28,73.91
290.32,73.34
290.36,73.28
290.40,72.46
290.44,73.49
290.48,72.99
290.52,73.87
290.56,73.04
290.60,73.99
290.64,72.79
290.68,73.11
290.72,72.93
290.76,70.38
290.80,71.89
290.84,71.60
290.88,73.20
290.92,72.89
290.96,72.35
291.00,71.62
291.04,72.69
291.08,72.89
291.12,71.44
291.16,74.17
291.20,71.61
291.24,73.01
291.28,71.28
291.32,72.19
291.36,71.31
291.40,73.09
291.44,73.66
291.48,72.79
291.52,72.54
291.56,73.29
291.60,73.51
291.64,72.11
291.68,75.03
291.72,73.27
291.76,75.46
291.80,73.61
291.84,74.54
291.88,74.82
291.92,74.39
291.96,74.66
292.00,74.35
292.04,74.09
292.08,75.57
292.12,74.73
292.16,74.53
292.20,75.82
292.24,75.69
292.28,75.94
292.32,76.59
292.36,76.55
292.40,76.65
292.44,78.22
292.48,77.80
292.52,76.68
292.56,76.18
292.60,77.37
292.64,77.25
292.68,77.36
292.72,78.33
292.76,76.28
292.80,77.86
292.84,75.84
292.88,78.53
292.92,78.13
292.96,77.36
293.00,77.39
293.04,75.53
293.08,76.95
293.12,75.70
293.16,76.56
293.20,76.58
293.24,77.20
293.28,77.21
293.32,79.39
293.36,77.20
293.40,75.37
293.44,75.82
293.48,77.66
293.52,78.76
293.56,77.03
293.60,75.43
293.64,78.12
293.68,77.21
293.72,75.96
293.76,77.43
293.80,75.81
293.84,76.23
293.88,75.65
293.92,75.96
293.96,73.24
294.00,76.10
294.04,73.85
294.08,74.29
294.12,74.08
294.16,72.00
294.20,74.34
294.24,72.95
294.28,74.38
294.32,71.78
294.36,73.08
294.40,72.84
294.44,71.54
294.48,72.61
294.52,71.97
294.56,73.80
294.60,72.89
294.64,72.90
294.68,72.69
294.72,73.23
294.76,72.53
294.80,70.62
294.84,72.35
294.88,72.56
294.92,72.39
294.96,70.06
295.00,72.82
295.04,72.15
295.08,70.99
295.12,72.64
295.16,71.29
295.20,70.14
295.24,72.02
295.28,70.65
295.32,72.44
295.36,73.18
295.40,72.42
295.44,71.28
295.48,72.23
295.52,72.34
295.56,71.52
295.60,75.02
295.64,71.76
295.68,73.14
295.72,72.94
295.76,73.61
295.80,73.38
295.84,73.97
295.88,74.11
295.92,75.35
295.96,73.77
296.00,75.31
296.04,75.37
296.08,75.71
296.12,74.40
296.16,73.75
296.20,75.61
296.24,76.90
296.28,75.82
296.32,75.39
296.36,74.91
296.40,75.53
296.44,75.86
296.48,77.11
296.52,76.19
296.56,76.88
296.60,76.36
296.64,74.45
296.68,76.59
296.72,76.51
296.76,77.29
296.80,75.29
296.84,77.56
296.88,78.20
296.92,76.72
296.96,76.86
297.00,75.94
297.04,77.41
297.08,77.56
297.12,76.50
297.16,76.68
297.20,76.67
297.24,75.54
297.28,75.63
297.32,76.12
297.36,75.72
297.40,75.88
297.44,77.50
297.48,75.79
297.52,76.34
297.56,75.92
297.60,76.39
297.64,75.27
297.68,75.17
297.72,75.13
297.76,76.57
297.80,74.12
297.84,72.91
297.88,74.50
297.92,73.35
297.96,73.86
298.00,73.78
298.04,73.03
298.08,72.77
298.12,73.83
298.16,72.06
298.20,72.12
298.24,71.25
298.28,72.70
298.32,71.08
298.36,70.68
298.40,72.24
298.44,71.82
298.48,70.55
298.52,71.01
298.56,71.48
298.60,72.85
298.64,72.40
298.68,70.18
298.72,70.70
298.76,70.94
298.80,71.35
298.84,71.45
298.88,70.87
298.92,68.99
298.96,70.09
299.00,71.24
299.04,69.53
299.08,69.57
299.12,70.82
299.16,70.60
299.20,70.12
299.24,71.23
299.28,71.16
299.32,70.81
299.36,69.38
299.40,69.69
299.44,69.62
299.48,70.38
299.52,70.60
299.56,71.92
299.60,69.87
299.64,71.39
299.68,71.01
299.72,71.77
299.76,72.67
299.80,71.39
299.84,72.28
299.88,72.87
299.92,72.63
299.96,71.97
